a_um,omega_p_MHz,ratio,delta_MHz,omega_c_MHz,omega_R_MHz,V_ct_MHz,V_DD_MHz,V_cc_MHz,R_DD,R_AA,T_c_ns,T_f_ns,sigma_ns,t_total_ns,M1,M2,F_bar,F_00,F_01,F_10,F_11
4.0,40.0,3.0,400.0,30.0,120.0,441.9417382415923,2.21435546875,-2.7770996093749987,199.58030428198037,159.13787778791763,16.666666666666668,240.08265552989639,3.4595719487812895,513.4986443931261,220.97086912079615,73.65695637359872,0.9887535522806419,0.9954631413674884,0.9905386154296025,0.9905386154296025,0.9784738368958737
4.0,40.0,3.0,400.0,50.0,120.0,441.9417382415923,2.21435546875,-2.7770996093749987,199.58030428198037,159.13787778791763,10.0,240.08265552989639,3.4595719487812895,500.16531105979277,220.97086912079615,73.65695637359872,0.98981164156487,0.9954655764990108,0.9906123619643739,0.9906123620122347,0.9825562657838608
4.0,40.0,3.0,400.0,70.0,120.0,441.9417382415923,2.21435546875,-2.7770996093749987,199.58030428198037,159.13787778791763,7.142857142857143,240.08265552989639,3.4595719487812895,494.45102534550705,220.97086912079615,73.65695637359872,0.9901268786311948,0.9954638995832905,0.9906445215055466,0.990644521549195,0.9837545718867466
4.0,40.0,3.0,500.0,30.0,120.0,441.9417382415923,2.21435546875,-2.7770996093749987,199.58030428198037,159.13787778791763,16.666666666666668,300.1033194123704,6.756976462463451,633.5399721580741,276.21358640099515,92.0711954669984,0.987008304363844,0.9937146471167164,0.9896689982036764,0.9896689982036764,0.9749805739313071
4.0,40.0,3.0,500.0,50.0,120.0,441.9417382415923,2.21435546875,-2.7770996093749987,199.58030428198037,159.13787778791763,10.0,300.1033194123704,6.756976462463451,620.2066388247408,276.21358640099515,92.0711954669984,0.9882569737533365,0.9937125023076443,0.9897395795854081,0.9897395796211872,0.9798362334991064
4.0,40.0,3.0,500.0,70.0,120.0,441.9417382415923,2.21435546875,-2.7770996093749987,199.58030428198037,159.13787778791763,7.142857142857143,300.1033194123704,6.756976462463451,614.492353110455,276.21358640099515,92.0711954669984,0.9886006072512208,0.9937123737120945,0.9897733942546503,0.9897733942760207,0.9811432667621175
4.0,40.0,3.0,600.0,30.0,120.0,441.9417382415923,2.21435546875,-2.7770996093749987,199.58030428198037,159.13787778791763,16.666666666666668,360.1239832948445,11.676055327136849,753.5812999230224,331.45630368119424,110.48543456039808,0.9824721530984803,0.9925379149045309,0.9885683040522051,0.9885683040522051,0.9602140893849807
4.0,40.0,3.0,600.0,50.0,120.0,441.9417382415923,2.21435546875,-2.7770996093749987,199.58030428198037,159.13787778791763,10.0,360.1239832948445,11.676055327136849,740.2479665896891,331.45630368119424,110.48543456039808,0.9856142421941274,0.9925391543018529,0.988638637218914,0.988638637218914,0.972640540036829
4.0,40.0,3.0,600.0,70.0,120.0,441.9417382415923,2.21435546875,-2.7770996093749987,199.58030428198037,159.13787778791763,7.142857142857143,360.1239832948445,11.676055327136849,734.5336808754033,331.45630368119424,110.48543456039808,0.9864969954637658,0.9925353010445899,0.9886706599798654,0.9886706599798654,0.9761113608507426
4.0,40.0,3.0,800.0,30.0,120.0,441.9417382415923,2.21435546875,-2.7770996093749987,199.58030428198037,159.13787778791763,16.666666666666668,480.16531105979277,27.676575590250316,993.6639554529189,441.9417382415923,147.31391274719743,0.9824605198622477,0.9911972848237187,0.9860203707053572,0.9860203707053572,0.9666040532145576
4.0,40.0,3.0,800.0,50.0,120.0,441.9417382415923,2.21435546875,-2.7770996093749987,199.58030428198037,159.13787778791763,10.0,480.16531105979277,27.676575590250316,980.3306221195855,441.9417382415923,147.31391274719743,0.9837042166804356,0.991196274348491,0.9860950842748444,0.9860950842748444,0.9714304238235627
4.0,40.0,3.0,800.0,70.0,120.0,441.9417382415923,2.21435546875,-2.7770996093749987,199.58030428198037,159.13787778791763,7.142857142857143,480.16531105979277,27.676575590250316,974.6163364052998,441.9417382415923,147.31391274719743,0.9840460741666257,0.9911957162749536,0.9861271577303627,0.9861271577303627,0.9727342649308235
4.0,40.0,3.5,400.0,30.0,140.0,441.9417382415923,2.21435546875,-2.7770996093749987,199.58030428198037,159.13787778791763,16.666666666666668,240.08265552989639,3.4595719487812895,513.4986443931261,220.97086912079615,63.13453403451319,0.9892087382371024,0.9989943899915978,0.9897690909263372,0.9897690909351471,0.9783023810953277
4.0,40.0,3.5,400.0,50.0,140.0,441.9417382415923,2.21435546875,-2.7770996093749987,199.58030428198037,159.13787778791763,10.0,240.08265552989639,3.4595719487812895,500.16531105979277,220.97086912079615,63.13453403451319,0.9902700125030777,0.998994750239868,0.9898440788901764,0.9898440789249145,0.9823971419573516
4.0,40.0,3.5,400.0,70.0,140.0,441.9417382415923,2.21435546875,-2.7770996093749987,199.58030428198037,159.13787778791763,7.142857142857143,240.08265552989639,3.4595719487812895,494.45102534550705,220.97086912079615,63.13453403451319,0.9905855490900825,0.9989944034898035,0.9898750787124262,0.9898750787649473,0.9835976353931528
4.0,40.0,3.5,500.0,30.0,140.0,441.9417382415923,2.21435546875,-2.7770996093749987,199.58030428198037,159.13787778791763,16.666666666666668,300.1033194123704,6.756976462463451,633.5399721580741,276.21358640099515,78.9181675431415,0.9879194057741914,0.9985011903790811,0.9891544779400683,0.9891544779872767,0.9748674767903391
4.0,40.0,3.5,500.0,50.0,140.0,441.9417382415923,2.21435546875,-2.7770996093749987,199.58030428198037,159.13787778791763,10.0,300.1033194123704,6.756976462463451,620.2066388247408,276.21358640099515,78.9181675431415,0.9891697083515891,0.9985008715555745,0.9892286935661936,0.9892286936100441,0.9797205746745445
4.0,40.0,3.5,500.0,70.0,140.0,441.9417382415923,2.21435546875,-2.7770996093749987,199.58030428198037,159.13787778791763,7.142857142857143,300.1033194123704,6.756976462463451,614.492353110455,276.21358640099515,78.9181675431415,0.9895142846309108,0.9985005975474222,0.989261193760595,0.9892611937931126,0.9810341534225133
4.0,40.0,3.5,600.0,30.0,140.0,441.9417382415923,2.21435546875,-2.7770996093749987,199.58030428198037,159.13787778791763,16.666666666666668,360.1239832948445,11.676055327136849,753.5812999230224,331.45630368119424,94.70180105176978,0.9836707872277398,0.998122308999353,0.9882050991199851,0.9882050991199851,0.9601506416716361
4.0,40.0,3.5,600.0,50.0,140.0,441.9417382415923,2.21435546875,-2.7770996093749987,199.58030428198037,159.13787778791763,10.0,360.1239832948445,11.676055327136849,740.2479665896891,331.45630368119424,94.70180105176978,0.9868094478409031,0.9981219069316369,0.9882755743482311,0.9882755743482311,0.9725647357355128
4.0,40.0,3.5,600.0,70.0,140.0,441.9417382415923,2.21435546875,-2.7770996093749987,199.58030428198037,159.13787778791763,7.142857142857143,360.1239832948445,11.676055327136849,734.5336808754033,331.45630368119424,94.70180105176978,0.9876922682287189,0.9981206392999411,0.9883074588650327,0.9883074588650327,0.9760335158848692
4.0,40.0,3.5,800.0,30.0,140.0,441.9417382415923,2.21435546875,-2.7770996093749987,199.58030428198037,159.13787778791763,16.666666666666668,480.16531105979277,27.676575590250316,993.6639554529189,441.9417382415923,126.26906806902637,0.9839556500154512,0.9976598943809905,0.9858109221445002,0.9858109221445002,0.966540861391814
4.0,40.0,3.5,800.0,50.0,140.0,441.9417382415923,2.21435546875,-2.7770996093749987,199.58030428198037,159.13787778791763,10.0,480.16531105979277,27.676575590250316,980.3306221195855,441.9417382415923,126.26906806902637,0.9852021686006688,0.997659481051721,0.9858855280921788,0.9858855280921788,0.9713781371665967
4.0,40.0,3.5,800.0,70.0,140.0,441.9417382415923,2.21435546875,-2.7770996093749987,199.58030428198037,159.13787778791763,7.142857142857143,480.16531105979277,27.676575590250316,974.6163364052998,441.9417382415923,126.26906806902637,0.9855450892423328,0.9976594500461907,0.9859177177833984,0.9859177177854339,0.972685471354308
4.0,40.0,4.0,400.0,30.0,160.0,441.9417382415923,2.21435546875,-2.7770996093749987,199.58030428198037,159.13787778791763,16.666666666666668,240.08265552989639,3.4595719487812895,513.4986443931261,220.97086912079615,55.24271728019904,0.9886091685469958,0.9994063179701338,0.9885108879792623,0.9885108879792623,0.9780085802593246
4.0,40.0,4.0,400.0,50.0,160.0,441.9417382415923,2.21435546875,-2.7770996093749987,199.58030428198037,159.13787778791763,10.0,240.08265552989639,3.4595719487812895,500.16531105979277,220.97086912079615,55.24271728019904,0.9896744325484207,0.9994058943567146,0.9885847220630161,0.9885847221087262,0.9821223916652257
4.0,40.0,4.0,400.0,70.0,160.0,441.9417382415923,2.21435546875,-2.7770996093749987,199.58030428198037,159.13787778791763,7.142857142857143,240.08265552989639,3.4595719487812895,494.45102534550705,220.97086912079615,55.24271728019904,0.9899921043368591,0.9994057861065773,0.9886168135405222,0.9886168135921993,0.9833290041081375
4.0,40.0,4.0,500.0,30.0,160.0,441.9417382415923,2.21435546875,-2.7770996093749987,199.58030428198037,159.13787778791763,16.666666666666668,300.1033194123704,6.756976462463451,633.5399721580741,276.21358640099515,69.05339660024879,0.9876558997074016,0.9992417056878495,0.9883376404018536,0.9883376404018536,0.97470661233805
4.0,40.0,4.0,500.0,50.0,160.0,441.9417382415923,2.21435546875,-2.7770996093749987,199.58030428198037,159.13787778791763,10.0,300.1033194123704,6.756976462463451,620.2066388247408,276.21358640099515,69.05339660024879,0.9889009022728734,0.9992413945400652,0.9884060325508748,0.9884060325942723,0.9795501494062814
4.0,40.0,4.0,500.0,70.0,160.0,441.9417382415923,2.21435546875,-2.7770996093749987,199.58030428198037,159.13787778791763,7.142857142857143,300.1033194123704,6.756976462463451,614.492353110455,276.21358640099515,69.05339660024879,0.9892436070289237,0.9992413403205729,0.9884377158483366,0.9884377158483366,0.9808576560984483
4.0,40.0,4.0,600.0,30.0,160.0,441.9417382415923,2.21435546875,-2.7770996093749987,199.58030428198037,159.13787778791763,16.666666666666668,360.1239832948445,11.676055327136849,753.5812999230224,331.45630368119424,82.86407592029856,0.9836078221872326,0.9991576006604415,0.9876233137802923,0.9876233137802923,0.9600270605279044
4.0,40.0,4.0,600.0,50.0,160.0,441.9417382415923,2.21435546875,-2.7770996093749987,199.58030428198037,159.13787778791763,10.0,360.1239832948445,11.676055327136849,740.2479665896891,331.45630368119424,82.86407592029856,0.9867474160207256,0.9991578114844106,0.9876972572218148,0.9876972572218148,0.9724373381548622
4.0,40.0,4.0,600.0,70.0,160.0,441.9417382415923,2.21435546875,-2.7770996093749987,199.58030428198037,159.13787778791763,7.142857142857143,360.1239832948445,11.676055327136849,734.5336808754033,331.45630368119424,82.86407592029856,0.9876303423249517,0.999157632834735,0.9877294908854437,0.9877294908867396,0.9759047546928887
4.0,40.0,4.0,800.0,30.0,160.0,441.9417382415923,2.21435546875,-2.7770996093749987,199.58030428198037,159.13787778791763,16.666666666666668,480.16531105979277,27.676575590250316,993.6639554529189,441.9417382415923,110.48543456039808,0.984125571894966,0.9990697673717277,0.9854815540170061,0.9854815540170061,0.966469412174124
4.0,40.0,4.0,800.0,50.0,160.0,441.9417382415923,2.21435546875,-2.7770996093749987,199.58030428198037,159.13787778791763,10.0,480.16531105979277,27.676575590250316,980.3306221195855,441.9417382415923,110.48543456039808,0.9853710379940823,0.9990696095584028,0.9855561305294693,0.9855561305294693,0.971302281358988
4.0,40.0,4.0,800.0,70.0,160.0,441.9417382415923,2.21435546875,-2.7770996093749987,199.58030428198037,159.13787778791763,7.142857142857143,480.16531105979277,27.676575590250316,974.6163364052998,441.9417382415923,110.48543456039808,0.9857134142266186,0.9990695420720599,0.9855880970632122,0.9855880970632122,0.9726079207079903
4.0,50.0,3.0,400.0,30.0,150.0,441.9417382415923,2.21435546875,-2.7770996093749987,199.58030428198037,159.13787778791763,16.666666666666668,153.65289953913367,0.9069060289413221,340.63913241160066,141.42135623730954,47.14045207910318,0.9883731318936217,0.9972403278649915,0.9918081037358548,0.9918081037476182,0.9726359922260226
4.0,50.0,3.0,400.0,50.0,150.0,441.9417382415923,2.21435546875,-2.7770996093749987,199.58030428198037,159.13787778791763,10.0,153.65289953913367,0.9069060289413221,327.30579907826734,141.42135623730954,47.14045207910318,0.9910937698567817,0.9972396403580324,0.9918828392491028,0.991882839251528,0.9833697605684634
4.0,50.0,3.0,400.0,70.0,150.0,441.9417382415923,2.21435546875,-2.7770996093749987,199.58030428198037,159.13787778791763,7.142857142857143,153.65289953913367,0.9069060289413221,321.5915133639816,141.42135623730954,47.14045207910318,0.9918463700599198,0.9972391840644439,0.9919148617793612,0.9919148618108033,0.9863165725850711
4.0,50.0,3.0,500.0,30.0,150.0,441.9417382415923,2.21435546875,-2.7770996093749987,199.58030428198037,159.13787778791763,16.666666666666668,192.06612442391705,1.7713008377760187,417.4655821811674,176.77669529663692,58.92556509887898,0.9870560247849355,0.9955546760389702,0.9917645371379955,0.9917645371950066,0.9691403487677697
4.0,50.0,3.0,500.0,50.0,150.0,441.9417382415923,2.21435546875,-2.7770996093749987,199.58030428198037,159.13787778791763,10.0,192.06612442391705,1.7713008377760187,404.1322488478341,176.77669529663692,58.92556509887898,0.9900675429411154,0.9955517530693277,0.9918398552000569,0.9918398552000569,0.9810387082950202
4.0,50.0,3.0,500.0,70.0,150.0,441.9417382415923,2.21435546875,-2.7770996093749987,199.58030428198037,159.13787778791763,7.142857142857143,192.06612442391705,1.7713008377760187,398.41796313354837,176.77669529663692,58.92556509887898,0.9909178689127163,0.9955529466447584,0.9918706874571022,0.9918706874905351,0.9843771540584696
4.0,50.0,3.0,600.0,30.0,150.0,441.9417382415923,2.21435546875,-2.7770996093749987,199.58030428198037,159.13787778791763,16.666666666666668,230.47934930870048,3.0608078476769607,494.29203195073427,212.1320343559643,70.71067811865477,0.9884960348618985,0.9940885528791237,0.9913926258551671,0.9913926258551671,0.9771103348581365
4.0,50.0,3.0,600.0,50.0,150.0,441.9417382415923,2.21435546875,-2.7770996093749987,199.58030428198037,159.13787778791763,10.0,230.47934930870048,3.0608078476769607,480.95869861740096,212.1320343559643,70.71067811865477,0.9899606312356759,0.9940870575394025,0.9914666422507373,0.9914666422681713,0.9828221828843926
4.0,50.0,3.0,600.0,70.0,150.0,441.9417382415923,2.21435546875,-2.7770996093749987,199.58030428198037,159.13787778791763,7.142857142857143,230.47934930870048,3.0608078476769607,475.24441290311523,212.1320343559643,70.71067811865477,0.9903912298605833,0.9940865825838432,0.9914988214148309,0.991498821433473,0.9844806940101859
4.0,50.0,3.0,800.0,30.0,150.0,441.9417382415923,2.21435546875,-2.7770996093749987,199.58030428198037,159.13787778791763,16.666666666666668,307.30579907826734,7.255248231530577,647.9449314898679,282.8427124746191,94.28090415820635,0.9864646049590401,0.9922597679115339,0.9901525068183498,0.9901525068183498,0.9732936382879269
4.0,50.0,3.0,800.0,50.0,150.0,441.9417382415923,2.21435546875,-2.7770996093749987,199.58030428198037,159.13787778791763,10.0,307.30579907826734,7.255248231530577,634.6115981565347,282.8427124746191,94.28090415820635,0.9880355439205383,0.99225779931995,0.9902249148034529,0.9902249148034529,0.9794345467552974
4.0,50.0,3.0,800.0,70.0,150.0,441.9417382415923,2.21435546875,-2.7770996093749987,199.58030428198037,159.13787778791763,7.142857142857143,307.30579907826734,7.255248231530577,628.8973124422489,282.8427124746191,94.28090415820635,0.9884654484438529,0.9922573143645963,0.9902562806430812,0.9902562806430812,0.9810919181246529
4.0,50.0,3.5,400.0,30.0,175.0,441.9417382415923,2.21435546875,-2.7770996093749987,199.58030428198037,159.13787778791763,16.666666666666668,153.65289953913367,0.9069060289413221,340.63913241160066,141.42135623730954,40.40610178208844,0.9878480794299516,0.9992445878395613,0.9899159199650902,0.9899159199650902,0.9723158899500643
4.0,50.0,3.5,400.0,50.0,175.0,441.9417382415923,2.21435546875,-2.7770996093749987,199.58030428198037,159.13787778791763,10.0,153.65289953913367,0.9069060289413221,327.30579907826734,141.42135623730954,40.40610178208844,0.9905658685929553,0.9992444917139571,0.9899989853053612,0.9899989853073399,0.9830210120451626
4.0,50.0,3.5,400.0,70.0,175.0,441.9417382415923,2.21435546875,-2.7770996093749987,199.58030428198037,159.13787778791763,7.142857142857143,153.65289953913367,0.9069060289413221,321.5915133639816,141.42135623730954,40.40610178208844,0.9913132381811944,0.9992443318280116,0.990024063749037,0.9900240637508841,0.9859604933968451
4.0,50.0,3.5,500.0,30.0,175.0,441.9417382415923,2.21435546875,-2.7770996093749987,199.58030428198037,159.13787778791763,16.666666666666668,192.06612442391705,1.7713008377760187,417.4655821811674,176.77669529663692,50.50762722761055,0.9872365785596835,0.9990407358325786,0.9905087977770947,0.9905087978472031,0.9688879827818575
4.0,50.0,3.5,500.0,50.0,175.0,441.9417382415923,2.21435546875,-2.7770996093749987,199.58030428198037,159.13787778791763,10.0,192.06612442391705,1.7713008377760187,404.1322488478341,176.77669529663692,50.50762722761055,0.9902435736628856,0.9990399370897034,0.9905842014214081,0.9905842014214081,0.9807659547190231
4.0,50.0,3.5,500.0,70.0,175.0,441.9417382415923,2.21435546875,-2.7770996093749987,199.58030428198037,159.13787778791763,7.142857142857143,192.06612442391705,1.7713008377760187,398.41796313354837,176.77669529663692,50.50762722761055,0.9910972668135378,0.9990410034587831,0.9906148978001128,0.9906148978383933,0.9841182681568619
4.0,50.0,3.5,600.0,30.0,175.0,441.9417382415923,2.21435546875,-2.7770996093749987,199.58030428198037,159.13787778791763,16.666666666666668,230.47934930870048,3.0608078476769607,494.29203195073427,212.1320343559643,60.609152673132655,0.9891359608496035,0.99863737017661,0.9905017966320961,0.9905017966320961,0.976902879957612
4.0,50.0,3.5,600.0,50.0,175.0,441.9417382415923,2.21435546875,-2.7770996093749987,199.58030428198037,159.13787778791763,10.0,230.47934930870048,3.0608078476769607,480.95869861740096,212.1320343559643,60.609152673132655,0.9906033047629933,0.99863633959447,0.9905761010489826,0.9905761010494706,0.9826246773590499
4.0,50.0,3.5,600.0,70.0,175.0,441.9417382415923,2.21435546875,-2.7770996093749987,199.58030428198037,159.13787778791763,7.142857142857143,230.47934930870048,3.0608078476769607,475.24441290311523,212.1320343559643,60.609152673132655,0.9910353378509432,0.998637040456658,0.9906085740226809,0.9906085740226809,0.9842871629017532
4.0,50.0,3.5,800.0,30.0,175.0,441.9417382415923,2.21435546875,-2.7770996093749987,199.58030428198037,159.13787778791763,16.666666666666668,307.30579907826734,7.255248231530577,647.9449314898679,282.8427124746191,80.81220356417688,0.9876284708965399,0.9980515934101556,0.9896398763950178,0.9896398763950178,0.9731825373859684
4.0,50.0,3.5,800.0,50.0,175.0,441.9417382415923,2.21435546875,-2.7770996093749987,199.58030428198037,159.13787778791763,10.0,307.30579907826734,7.255248231530577,634.6115981565347,282.8427124746191,80.81220356417688,0.9891964923510252,0.998051088439162,0.9897113798090533,0.9897113798090533,0.9793121213468325
4.0,50.0,3.5,800.0,70.0,175.0,441.9417382415923,2.21435546875,-2.7770996093749987,199.58030428198037,159.13787778791763,7.142857142857143,307.30579907826734,7.255248231530577,628.8973124422489,282.8427124746191,80.81220356417688,0.9896283499843042,0.9980499467732595,0.9897433046316314,0.9897433046316314,0.9809768439006944
4.0,50.0,4.0,400.0,30.0,200.0,441.9417382415923,2.21435546875,-2.7770996093749987,199.58030428198037,159.13787778791763,16.666666666666668,153.65289953913367,0.9069060289413221,340.63913241160066,141.42135623730954,35.355339059327385,0.986235374103758,0.9996511966240491,0.9867705211111433,0.9867705211163154,0.971749257563524
4.0,50.0,4.0,400.0,50.0,200.0,441.9417382415923,2.21435546875,-2.7770996093749987,199.58030428198037,159.13787778791763,10.0,153.65289953913367,0.9069060289413221,327.30579907826734,141.42135623730954,35.355339059327385,0.9889411679751615,0.9996508811880257,0.9868500416825046,0.9868500416857087,0.9824137073444074
4.0,50.0,4.0,400.0,70.0,200.0,441.9417382415923,2.21435546875,-2.7770996093749987,199.58030428198037,159.13787778791763,7.142857142857143,153.65289953913367,0.9069060289413221,321.5915133639816,141.42135623730954,35.355339059327385,0.9896863690164193,0.9996508217531326,0.9868763494687578,0.9868763494706045,0.9853419553731819
4.0,50.0,4.0,500.0,30.0,200.0,441.9417382415923,2.21435546875,-2.7770996093749987,199.58030428198037,159.13787778791763,16.666666666666668,192.06612442391705,1.7713008377760187,417.4655821811674,176.77669529663692,44.19417382415923,0.9861978705080325,0.9994293974229834,0.9884581469960758,0.9884581470438576,0.9684457905692134
4.0,50.0,4.0,500.0,50.0,200.0,441.9417382415923,2.21435546875,-2.7770996093749987,199.58030428198037,159.13787778791763,10.0,192.06612442391705,1.7713008377760187,404.1322488478341,176.77669529663692,44.19417382415923,0.989208039076412,0.9994287127651664,0.9885335192574071,0.9885335192601847,0.9803364050228893
4.0,50.0,4.0,500.0,70.0,200.0,441.9417382415923,2.21435546875,-2.7770996093749987,199.58030428198037,159.13787778791763,7.142857142857143,192.06612442391705,1.7713008377760187,398.41796313354837,176.77669529663692,44.19417382415923,0.9900601864998828,0.9994291622562073,0.9885640393120981,0.9885640393529627,0.9836835050782629
4.0,50.0,4.0,600.0,30.0,200.0,441.9417382415923,2.21435546875,-2.7770996093749987,199.58030428198037,159.13787778791763,16.666666666666668,230.47934930870048,3.0608078476769607,494.29203195073427,212.1320343559643,53.03300858899107,0.9884925077783921,0.9992910825552546,0.9890644090727647,0.9890644090727647,0.9765501304127844
4.0,50.0,4.0,600.0,50.0,200.0,441.9417382415923,2.21435546875,-2.7770996093749987,199.58030428198037,159.13787778791763,10.0,230.47934930870048,3.0608078476769607,480.95869861740096,212.1320343559643,53.03300858899107,0.9899663457454123,0.9992906247805657,0.9891385463657976,0.9891385463657976,0.9822976654694884
4.0,50.0,4.0,600.0,70.0,200.0,441.9417382415923,2.21435546875,-2.7770996093749987,199.58030428198037,159.13787778791763,7.142857142857143,230.47934930870048,3.0608078476769607,475.24441290311523,212.1320343559643,53.03300858899107,0.9903994151291738,0.9992906593469467,0.9891708636637584,0.9891708636660335,0.9839652738399569
4.0,50.0,4.0,800.0,30.0,200.0,441.9417382415923,2.21435546875,-2.7770996093749987,199.58030428198037,159.13787778791763,16.666666666666668,307.30579907826734,7.255248231530577,647.9449314898679,282.8427124746191,70.71067811865477,0.9874588657814009,0.999167309169581,0.9888244014496397,0.9888244014496397,0.9730193510567431
4.0,50.0,4.0,800.0,50.0,200.0,441.9417382415923,2.21435546875,-2.7770996093749987,199.58030428198037,159.13787778791763,10.0,307.30579907826734,7.255248231530577,634.6115981565347,282.8427124746191,70.71067811865477,0.9890244321618487,0.999167072917968,0.9888959703194571,0.9888959703194571,0.9791387150905122
4.0,50.0,4.0,800.0,70.0,200.0,441.9417382415923,2.21435546875,-2.7770996093749987,199.58030428198037,159.13787778791763,7.142857142857143,307.30579907826734,7.255248231530577,628.8973124422489,282.8427124746191,70.71067811865477,0.9894546014980251,0.9991668202348719,0.9889279296405882,0.9889279296405882,0.9807957264760521
4.0,60.0,3.0,400.0,30.0,180.0,441.9417382415923,2.21435546875,-2.7770996093749987,199.58030428198037,159.13787778791763,16.666666666666668,106.70340245773176,0.3037209941316909,246.74013824879685,98.20927516479829,32.736425054932766,0.9918277968570518,0.9976570867712855,0.9912745477826123,0.9912745478085797,0.9871050050657297
4.0,60.0,3.0,400.0,50.0,180.0,441.9417382415923,2.21435546875,-2.7770996093749987,199.58030428198037,159.13787778791763,10.0,106.70340245773176,0.3037209941316909,233.4068049154635,98.20927516479829,32.736425054932766,0.992585265452028,0.9976571373256777,0.9913542025233665,0.9913542025637117,0.989975519395356
4.0,60.0,3.0,400.0,70.0,180.0,441.9417382415923,2.21435546875,-2.7770996093749987,199.58030428198037,159.13787778791763,7.142857142857143,106.70340245773176,0.3037209941316909,227.69251920117782,98.20927516479829,32.736425054932766,0.9927949951090501,0.9976568130436572,0.9913803008292363,0.9913803008292363,0.9907625657340706
4.0,60.0,3.0,500.0,30.0,180.0,441.9417382415923,2.21435546875,-2.7770996093749987,199.58030428198037,159.13787778791763,16.666666666666668,133.3792530721647,0.5932050666634587,300.0918394776627,122.76159395599785,40.92053131866595,0.9901541199123379,0.9970528609313394,0.9920362367076181,0.992036236746368,0.9794911452640263
4.0,60.0,3.0,500.0,50.0,180.0,441.9417382415923,2.21435546875,-2.7770996093749987,199.58030428198037,159.13787778791763,10.0,133.3792530721647,0.5932050666634587,286.75850614432943,122.76159395599785,40.92053131866595,0.9920045039262841,0.9970519619814147,0.9921115229912558,0.9921115229935583,0.9867430077389079
4.0,60.0,3.0,500.0,70.0,180.0,441.9417382415923,2.21435546875,-2.7770996093749987,199.58030428198037,159.13787778791763,7.142857142857143,133.3792530721647,0.5932050666634587,281.04422043004365,122.76159395599785,40.92053131866595,0.9925171079612385,0.99706707228949,0.9921435209983892,0.992143521026555,0.9887143175305197
4.0,60.0,3.0,600.0,30.0,180.0,441.9417382415923,2.21435546875,-2.7770996093749987,199.58030428198037,159.13787778791763,16.666666666666668,160.05510368659765,1.025058355194457,353.4435407065286,147.31391274719743,49.10463758239914,0.9879705558182432,0.9956092552739707,0.9922903031344055,0.9922903031344055,0.9716923617301914
4.0,60.0,3.0,600.0,50.0,180.0,441.9417382415923,2.21435546875,-2.7770996093749987,199.58030428198037,159.13787778791763,10.0,160.05510368659765,1.025058355194457,340.1102073731953,147.31391274719743,49.10463758239914,0.990894202142035,0.9956118376231753,0.992361088691781,0.9923610887113603,0.9832427935418238
4.0,60.0,3.0,600.0,70.0,180.0,441.9417382415923,2.21435546875,-2.7770996093749987,199.58030428198037,159.13787778791763,7.142857142857143,160.05510368659765,1.025058355194457,334.3959216589096,147.31391274719743,49.10463758239914,0.9917053712086661,0.9956107140188263,0.9923928210389724,0.9923928210409702,0.9864251287358952
4.0,60.0,3.0,800.0,30.0,180.0,441.9417382415923,2.21435546875,-2.7770996093749987,199.58030428198037,159.13787778791763,16.666666666666668,213.4068049154635,2.429767953053527,460.14694316426034,196.41855032959657,65.47285010986553,0.987691393277631,0.9933878399547182,0.9920103156963361,0.9920103156963361,0.9733571017631336
4.0,60.0,3.0,800.0,50.0,180.0,441.9417382415923,2.21435546875,-2.7770996093749987,199.58030428198037,159.13787778791763,10.0,213.4068049154635,2.429767953053527,446.8136098309271,196.41855032959657,65.47285010986553,0.9899466392616609,0.993386921037982,0.9920827981287299,0.9920827981287299,0.9822340397512017
4.0,60.0,3.0,800.0,70.0,180.0,441.9417382415923,2.21435546875,-2.7770996093749987,199.58030428198037,159.13787778791763,7.142857142857143,213.4068049154635,2.429767953053527,441.0993241166413,196.41855032959657,65.47285010986553,0.9905966404900267,0.9933865339595984,0.9921139675050012,0.9921139675050012,0.9847720929905059
4.0,60.0,3.5,400.0,30.0,210.0,441.9417382415923,2.21435546875,-2.7770996093749987,199.58030428198037,159.13787778791763,16.666666666666668,106.70340245773176,0.3037209941316909,246.74013824879685,98.20927516479829,28.059792904228082,0.989883136237026,0.9985717491544248,0.9872848951161162,0.9872848951643174,0.9863910055132454
4.0,60.0,3.5,400.0,50.0,210.0,441.9417382415923,2.21435546875,-2.7770996093749987,199.58030428198037,159.13787778791763,10.0,106.70340245773176,0.3037209941316909,233.4068049154635,98.20927516479829,28.059792904228082,0.9906338903967931,0.9985721702521284,0.9873613957981169,0.9873613958077088,0.9892405997292182
4.0,60.0,3.5,400.0,70.0,210.0,441.9417382415923,2.21435546875,-2.7770996093749987,199.58030428198037,159.13787778791763,7.142857142857143,106.70340245773176,0.3037209941316909,227.69251920117782,98.20927516479829,28.059792904228082,0.9908454319639075,0.9985719758454243,0.9873935438559247,0.987393543859144,0.990022664295137
4.0,60.0,3.5,500.0,30.0,210.0,441.9417382415923,2.21435546875,-2.7770996093749987,199.58030428198037,159.13787778791763,16.666666666666668,133.3792530721647,0.5932050666634587,300.0918394776627,122.76159395599785,35.074741130285105,0.9892737686838023,0.9992940352282416,0.9893899217784831,0.9893899218200913,0.9790211959083934
4.0,60.0,3.5,500.0,50.0,210.0,441.9417382415923,2.21435546875,-2.7770996093749987,199.58030428198037,159.13787778791763,10.0,133.3792530721647,0.5932050666634587,286.75850614432943,122.76159395599785,35.074741130285105,0.9911132877957949,0.9992941726538516,0.9894647885133936,0.9894647885133936,0.986229401502541
4.0,60.0,3.5,500.0,70.0,210.0,441.9417382415923,2.21435546875,-2.7770996093749987,199.58030428198037,159.13787778791763,7.142857142857143,133.3792530721647,0.5932050666634587,281.04422043004365,122.76159395599785,35.074741130285105,0.991619558329181,0.9992939966936805,0.9894968836480793,0.9894968836878005,0.9881904692871637
4.0,60.0,3.5,600.0,30.0,210.0,441.9417382415923,2.21435546875,-2.7770996093749987,199.58030428198037,159.13787778791763,16.666666666666668,160.05510368659765,1.025058355194457,353.4435407065286,147.31391274719743,42.08968935634213,0.987813321901214,0.9990720678397755,0.9904164398165829,0.9904164398165829,0.9713483401319146
4.0,60.0,3.5,600.0,50.0,210.0,441.9417382415923,2.21435546875,-2.7770996093749987,199.58030428198037,159.13787778791763,10.0,160.05510368659765,1.025058355194457,340.1102073731953,147.31391274719743,42.08968935634213,0.9907280037931422,0.9990720465978695,0.9904870798050586,0.9904870798362944,0.9828658089333464
4.0,60.0,3.5,600.0,70.0,210.0,441.9417382415923,2.21435546875,-2.7770996093749987,199.58030428198037,159.13787778791763,7.142857142857143,160.05510368659765,1.025058355194457,334.3959216589096,147.31391274719743,42.08968935634213,0.9915370838877838,0.9990716526469989,0.9905179513330115,0.9905179513330115,0.9860407802381133
4.0,60.0,3.5,800.0,30.0,210.0,441.9417382415923,2.21435546875,-2.7770996093749987,199.58030428198037,159.13787778791763,16.666666666666668,213.4068049154635,2.429767953053527,460.14694316426034,196.41855032959657,56.119585808456165,0.9883519742477516,0.9984346358907563,0.9909320106939732,0.9909320106939732,0.9731092397123033
4.0,60.0,3.5,800.0,50.0,210.0,441.9417382415923,2.21435546875,-2.7770996093749987,199.58030428198037,159.13787778791763,10.0,213.4068049154635,2.429767953053527,446.8136098309271,196.41855032959657,56.119585808456165,0.9906108894681006,0.9984336111925005,0.9910070298625291,0.9910070298625291,0.9819958869548439
4.0,60.0,3.5,800.0,70.0,210.0,441.9417382415923,2.21435546875,-2.7770996093749987,199.58030428198037,159.13787778791763,7.142857142857143,213.4068049154635,2.429767953053527,441.0993241166413,196.41855032959657,56.119585808456165,0.9912614929014358,0.9984339979324928,0.9910381655846258,0.9910381655846258,0.9845356425039988
4.0,60.0,4.0,400.0,30.0,240.0,441.9417382415923,2.21435546875,-2.7770996093749987,199.58030428198037,159.13787778791763,16.666666666666668,106.70340245773176,0.3037209941316909,246.74013824879685,98.20927516479829,24.55231879119957,0.986474585679805,0.9997283709657632,0.9805230435628249,0.9805230435628249,0.9851238846278071
4.0,60.0,4.0,400.0,50.0,240.0,441.9417382415923,2.21435546875,-2.7770996093749987,199.58030428198037,159.13787778791763,10.0,106.70340245773176,0.3037209941316909,233.4068049154635,98.20927516479829,24.55231879119957,0.9872160032118716,0.9997292019164201,0.9805966314100101,0.9805966314630858,0.9879415480579705
4.0,60.0,4.0,400.0,70.0,240.0,441.9417382415923,2.21435546875,-2.7770996093749987,199.58030428198037,159.13787778791763,7.142857142857143,106.70340245773176,0.3037209941316909,227.69251920117782,98.20927516479829,24.55231879119957,0.9874245807127543,0.99972912646016,0.9806278488735549,0.9806278488735549,0.9887134986437474
4.0,60.0,4.0,500.0,30.0,240.0,441.9417382415923,2.21435546875,-2.7770996093749987,199.58030428198037,159.13787778791763,16.666666666666668,133.3792530721647,0.5932050666634587,300.0918394776627,122.76159395599785,30.690398488999463,0.9869643453574228,0.9996296891282354,0.985004278314023,0.9850042783650517,0.9782191356223815
4.0,60.0,4.0,500.0,50.0,240.0,441.9417382415923,2.21435546875,-2.7770996093749987,199.58030428198037,159.13787778791763,10.0,133.3792530721647,0.5932050666634587,286.75850614432943,122.76159395599785,30.690398488999463,0.9887877372006972,0.9996277568858964,0.9850808984630862,0.9850808984630862,0.9853613949907201
4.0,60.0,4.0,500.0,70.0,240.0,441.9417382415923,2.21435546875,-2.7770996093749987,199.58030428198037,159.13787778791763,7.142857142857143,133.3792530721647,0.5932050666634587,281.04422043004365,122.76159395599785,30.690398488999463,0.9892876741217607,0.9996266995939257,0.9851106923415015,0.985110692391082,0.9873026121605337
4.0,60.0,4.0,600.0,30.0,240.0,441.9417382415923,2.21435546875,-2.7770996093749987,199.58030428198037,159.13787778791763,16.666666666666668,160.05510368659765,1.025058355194457,353.4435407065286,147.31391274719743,36.82847818679936,0.9862276616552355,0.9994446800624265,0.9873547688983614,0.9873547688983614,0.9707564287617925
4.0,60.0,4.0,600.0,50.0,240.0,441.9417382415923,2.21435546875,-2.7770996093749987,199.58030428198037,159.13787778791763,10.0,160.05510368659765,1.025058355194457,340.1102073731953,147.31391274719743,36.82847818679936,0.9891321144354037,0.9994442342250186,0.9874245172867903,0.9874245172867903,0.9822351889430159
4.0,60.0,4.0,600.0,70.0,240.0,441.9417382415923,2.21435546875,-2.7770996093749987,199.58030428198037,159.13787778791763,7.142857142857143,160.05510368659765,1.025058355194457,334.3959216589096,147.31391274719743,36.82847818679936,0.9899385659066708,0.9994441811735595,0.9874553084952291,0.9874553084952291,0.985399465462666
4.0,60.0,4.0,800.0,30.0,240.0,441.9417382415923,2.21435546875,-2.7770996093749987,199.58030428198037,159.13787778791763,16.666666666666668,213.4068049154635,2.429767953053527,460.14694316426034,196.41855032959657,49.10463758239914,0.9875876140451565,0.9992530997501159,0.9892046845870882,0.9892046845870882,0.972687987256334
4.0,60.0,4.0,800.0,50.0,240.0,441.9417382415923,2.21435546875,-2.7770996093749987,199.58030428198037,159.13787778791763,10.0,213.4068049154635,2.429767953053527,446.8136098309271,196.41855032959657,49.10463758239914,0.9898527864043789,0.9992531971861095,0.9892795695592084,0.9892795695592084,0.9815988093129893
4.0,60.0,4.0,800.0,70.0,240.0,441.9417382415923,2.21435546875,-2.7770996093749987,199.58030428198037,159.13787778791763,7.142857142857143,213.4068049154635,2.429767953053527,441.0993241166413,196.41855032959657,49.10463758239914,0.9905051107810157,0.9992528957012579,0.9893106532963032,0.9893106532963032,0.9841462408301984
4.5,40.0,3.0,400.0,30.0,120.0,310.38980792825134,1.0922755301152902,-1.3698604360596933,284.1680504327416,226.5849861472499,16.666666666666668,240.08265552989639,3.4595719487812895,513.4986443931261,155.19490396412567,51.73163465470856,0.9894288403124043,0.9954631413674884,0.9896118358206772,0.9896118358531132,0.9830285482083387
4.5,40.0,3.0,400.0,50.0,120.0,310.38980792825134,1.0922755301152902,-1.3698604360596933,284.1680504327416,226.5849861472499,10.0,240.08265552989639,3.4595719487812895,500.16531105979277,155.19490396412567,51.73163465470856,0.9897554812588734,0.9954655764990108,0.9896857441931334,0.9896857442102129,0.9841848601331362
4.5,40.0,3.0,400.0,70.0,120.0,310.38980792825134,1.0922755301152902,-1.3698604360596933,284.1680504327416,226.5849861472499,7.142857142857143,240.08265552989639,3.4595719487812895,494.45102534550705,155.19490396412567,51.73163465470856,0.9898552995182812,0.9954638995832905,0.989718061877306,0.9897180618800876,0.9845211747324405
4.5,40.0,3.0,500.0,30.0,120.0,310.38980792825134,1.0922755301152902,-1.3698604360596933,284.1680504327416,226.5849861472499,16.666666666666668,300.1033194123704,6.756976462463451,633.5399721580741,193.99362995515708,64.6645433183857,0.9875710659292316,0.9937146471167164,0.9890504884084452,0.9890504884228501,0.9784686397689146
4.5,40.0,3.0,500.0,50.0,120.0,310.38980792825134,1.0922755301152902,-1.3698604360596933,284.1680504327416,226.5849861472499,10.0,300.1033194123704,6.756976462463451,620.2066388247408,193.99362995515708,64.6645433183857,0.9882216633051204,0.9937125023076443,0.9891243228917136,0.9891243228917136,0.98092550512941
4.5,40.0,3.0,500.0,70.0,120.0,310.38980792825134,1.0922755301152902,-1.3698604360596933,284.1680504327416,226.5849861472499,7.142857142857143,300.1033194123704,6.756976462463451,614.492353110455,193.99362995515708,64.6645433183857,0.9884113904740583,0.9937123737120945,0.9891564185237693,0.9891564185320676,0.9816203511283017
4.5,40.0,3.0,600.0,30.0,120.0,310.38980792825134,1.0922755301152902,-1.3698604360596933,284.1680504327416,226.5849861472499,16.666666666666668,360.1239832948445,11.676055327136849,753.5812999230224,232.7923559461885,77.59745198206284,0.9858643434493062,0.9925379149045309,0.9881322288285577,0.9881322288285577,0.9746550012355786
4.5,40.0,3.0,600.0,50.0,120.0,310.38980792825134,1.0922755301152902,-1.3698604360596933,284.1680504327416,226.5849861472499,10.0,360.1239832948445,11.676055327136849,740.2479665896891,232.7923559461885,77.59745198206284,0.9866892705384107,0.9925391543018529,0.9882014672805233,0.9882014672805233,0.9778149932907433
4.5,40.0,3.0,600.0,70.0,120.0,310.38980792825134,1.0922755301152902,-1.3698604360596933,284.1680504327416,226.5849861472499,7.142857142857143,360.1239832948445,11.676055327136849,734.5336808754033,232.7923559461885,77.59745198206284,0.986928167753514,0.9925353010445899,0.9882340267651044,0.9882340267651044,0.9787093164392575
4.5,40.0,3.0,800.0,30.0,120.0,310.38980792825134,1.0922755301152902,-1.3698604360596933,284.1680504327416,226.5849861472499,16.666666666666668,480.16531105979277,27.676575590250316,993.6639554529189,310.38980792825134,103.46326930941711,0.9836658458893843,0.9911972848237187,0.9857682790755598,0.9857682790755598,0.9719295405826989
4.5,40.0,3.0,800.0,50.0,120.0,310.38980792825134,1.0922755301152902,-1.3698604360596933,284.1680504327416,226.5849861472499,10.0,480.16531105979277,27.676575590250316,980.3306221195855,310.38980792825134,103.46326930941711,0.9840231514944572,0.991196274348491,0.9858429812979717,0.9858429812979717,0.9732103690333945
4.5,40.0,3.0,800.0,70.0,120.0,310.38980792825134,1.0922755301152902,-1.3698604360596933,284.1680504327416,226.5849861472499,7.142857142857143,480.16531105979277,27.676575590250316,974.6163364052998,310.38980792825134,103.46326930941711,0.984134362134126,0.9911957162749536,0.9858748526380013,0.9858748526380013,0.9735920269855478
4.5,40.0,3.5,400.0,30.0,140.0,310.38980792825134,1.0922755301152902,-1.3698604360596933,284.1680504327416,226.5849861472499,16.666666666666668,240.08265552989639,3.4595719487812895,513.4986443931261,155.19490396412567,44.34140113260734,0.9893837663962619,0.9989943899915978,0.9879304833926159,0.9879304834213294,0.9826797087795043
4.5,40.0,3.5,400.0,50.0,140.0,310.38980792825134,1.0922755301152902,-1.3698604360596933,284.1680504327416,226.5849861472499,10.0,240.08265552989639,3.4595719487812895,500.16531105979277,155.19490396412567,44.34140113260734,0.9897090562465811,0.998994750239868,0.9880042084780287,0.9880042084780287,0.9838330577903993
4.5,40.0,3.5,400.0,70.0,140.0,310.38980792825134,1.0922755301152902,-1.3698604360596933,284.1680504327416,226.5849861472499,7.142857142857143,240.08265552989639,3.4595719487812895,494.45102534550705,155.19490396412567,44.34140113260734,0.9898087372373625,0.9989944034898035,0.9880363100695725,0.9880363100858565,0.9841679253042178
4.5,40.0,3.5,500.0,30.0,140.0,310.38980792825134,1.0922755301152902,-1.3698604360596933,284.1680504327416,226.5849861472499,16.666666666666668,300.1033194123704,6.756976462463451,633.5399721580741,193.99362995515708,55.42675141575917,0.9881610887612704,0.9985011903790811,0.9879541396227944,0.9879541396227944,0.9782348854204117
4.5,40.0,3.5,500.0,50.0,140.0,310.38980792825134,1.0922755301152902,-1.3698604360596933,284.1680504327416,226.5849861472499,10.0,300.1033194123704,6.756976462463451,620.2066388247408,193.99362995515708,55.42675141575917,0.9888109472410906,0.9985008715555745,0.9880279134243284,0.9880279134418263,0.9806870905426335
4.5,40.0,3.5,500.0,70.0,140.0,310.38980792825134,1.0922755301152902,-1.3698604360596933,284.1680504327416,226.5849861472499,7.142857142857143,300.1033194123704,6.756976462463451,614.492353110455,193.99362995515708,55.42675141575917,0.9890003254560955,0.9985005975474222,0.9880599630258984,0.9880599630258984,0.9813807782251629
4.5,40.0,3.5,600.0,30.0,140.0,310.38980792825134,1.0922755301152902,-1.3698604360596933,284.1680504327416,226.5849861472499,16.666666666666668,360.1239832948445,11.676055327136849,753.5812999230224,232.7923559461885,66.512101698911,0.9868308858101179,0.998122308999353,0.9873580661363508,0.9873580661363508,0.9744851019684172
4.5,40.0,3.5,600.0,50.0,140.0,310.38980792825134,1.0922755301152902,-1.3698604360596933,284.1680504327416,226.5849861472499,10.0,360.1239832948445,11.676055327136849,740.2479665896891,232.7923559461885,66.512101698911,0.9876572650357822,0.9981219069316369,0.9874321404774484,0.9874321404774484,0.9776428722565951
4.5,40.0,3.5,600.0,70.0,140.0,310.38980792825134,1.0922755301152902,-1.3698604360596933,284.1680504327416,226.5849861472499,7.142857142857143,360.1239832948445,11.676055327136849,734.5336808754033,232.7923559461885,66.512101698911,0.9878966607437633,0.9981206392999411,0.9874646300925451,0.9874646300937175,0.9785367434888492
4.5,40.0,3.5,800.0,30.0,140.0,310.38980792825134,1.0922755301152902,-1.3698604360596933,284.1680504327416,226.5849861472499,16.666666666666668,480.16531105979277,27.676575590250316,993.6639554529189,310.38980792825134,88.68280226521468,0.9850384679125326,0.9976598943809905,0.985333897700875,0.985333897700875,0.97182618186739
4.5,40.0,3.5,800.0,50.0,140.0,310.38980792825134,1.0922755301152902,-1.3698604360596933,284.1680504327416,226.5849861472499,10.0,480.16531105979277,27.676575590250316,980.3306221195855,310.38980792825134,88.68280226521468,0.9853943843901565,0.997659481051721,0.9854056336612547,0.9854056336612547,0.9731067891863955
4.5,40.0,3.5,800.0,70.0,140.0,310.38980792825134,1.0922755301152902,-1.3698604360596933,284.1680504327416,226.5849861472499,7.142857142857143,480.16531105979277,27.676575590250316,974.6163364052998,310.38980792825134,88.68280226521468,0.9855067920190042,0.9976594500461907,0.9854380582031258,0.9854380582031258,0.9734916016235745
4.5,40.0,4.0,400.0,30.0,160.0,310.38980792825134,1.0922755301152902,-1.3698604360596933,284.1680504327416,226.5849861472499,16.666666666666668,240.08265552989639,3.4595719487812895,513.4986443931261,155.19490396412567,38.79872599103142,0.9879729460921938,0.9994063179701338,0.9851910678996518,0.9851910679416602,0.9821033305573295
4.5,40.0,4.0,400.0,50.0,160.0,310.38980792825134,1.0922755301152902,-1.3698604360596933,284.1680504327416,226.5849861472499,10.0,240.08265552989639,3.4595719487812895,500.16531105979277,155.19490396412567,38.79872599103142,0.9882973139943083,0.9994058943567146,0.9852669486108129,0.9852669486108129,0.9832494643988927
4.5,40.0,4.0,400.0,70.0,160.0,310.38980792825134,1.0922755301152902,-1.3698604360596933,284.1680504327416,226.5849861472499,7.142857142857143,240.08265552989639,3.4595719487812895,494.45102534550705,155.19490396412567,38.79872599103142,0.9883971835689791,0.9994057861065773,0.9853004289646465,0.9853004289646465,0.9835820902400463
4.5,40.0,4.0,500.0,30.0,160.0,310.38980792825134,1.0922755301152902,-1.3698604360596933,284.1680504327416,226.5849861472499,16.666666666666668,300.1033194123704,6.756976462463451,633.5399721580741,193.99362995515708,48.49840748878927,0.9873728066064185,0.9992417056878495,0.9861963563601936,0.9861963563601936,0.9778568080174372
4.5,40.0,4.0,500.0,50.0,160.0,310.38980792825134,1.0922755301152902,-1.3698604360596933,284.1680504327416,226.5849861472499,10.0,300.1033194123704,6.756976462463451,620.2066388247408,193.99362995515708,48.49840748878927,0.9880186339577295,0.9992413945400652,0.9862662854322669,0.9862662854322669,0.9803005704263192
4.5,40.0,4.0,500.0,70.0,160.0,310.38980792825134,1.0922755301152902,-1.3698604360596933,284.1680504327416,226.5849861472499,7.142857142857143,300.1033194123704,6.756976462463451,614.492353110455,193.99362995515708,48.49840748878927,0.9882087834863297,0.9992413403205729,0.9863005230046562,0.9863005230124181,0.9809927476076715
4.5,40.0,4.0,600.0,30.0,160.0,310.38980792825134,1.0922755301152902,-1.3698604360596933,284.1680504327416,226.5849861472499,16.666666666666668,360.1239832948445,11.676055327136849,753.5812999230224,232.7923559461885,58.19808898654713,0.9864096573732769,0.9991576006604415,0.9861341358385443,0.9861341358385443,0.9742127571555776
4.5,40.0,4.0,600.0,50.0,160.0,310.38980792825134,1.0922755301152902,-1.3698604360596933,284.1680504327416,226.5849861472499,10.0,360.1239832948445,11.676055327136849,740.2479665896891,232.7923559461885,58.19808898654713,0.9872347571632967,0.9991578114844106,0.9862074616333014,0.9862074616333014,0.9773662939021732
4.5,40.0,4.0,600.0,70.0,160.0,310.38980792825134,1.0922755301152902,-1.3698604360596933,284.1680504327416,226.5849861472499,7.142857142857143,360.1239832948445,11.676055327136849,734.5336808754033,232.7923559461885,58.19808898654713,0.9874738108005928,0.999157632834735,0.9862392850073629,0.9862392850073629,0.9782590403529103
4.5,40.0,4.0,800.0,30.0,160.0,310.38980792825134,1.0922755301152902,-1.3698604360596933,284.1680504327416,226.5849861472499,16.666666666666668,480.16531105979277,27.676575590250316,993.6639554529189,310.38980792825134,77.59745198206284,0.9850055617309958,0.9990697673717277,0.9846452773970576,0.9846452773970576,0.9716619247581406
4.5,40.0,4.0,800.0,50.0,160.0,310.38980792825134,1.0922755301152902,-1.3698604360596933,284.1680504327416,226.5849861472499,10.0,480.16531105979277,27.676575590250316,980.3306221195855,310.38980792825134,77.59745198206284,0.9853627645177443,0.9990696095584028,0.9847174599212982,0.9847174599212982,0.9729465286699779
4.5,40.0,4.0,800.0,70.0,160.0,310.38980792825134,1.0922755301152902,-1.3698604360596933,284.1680504327416,226.5849861472499,7.142857142857143,480.16531105979277,27.676575590250316,974.6163364052998,310.38980792825134,77.59745198206284,0.9854747723716419,0.9990695420720599,0.9847496282430377,0.9847496282430377,0.9733302909284324
4.5,50.0,3.0,400.0,30.0,150.0,310.38980792825134,1.0922755301152902,-1.3698604360596933,284.1680504327416,226.5849861472499,16.666666666666668,153.65289953913367,0.9069060289413221,340.63913241160066,99.32473853704043,33.10824617901348,0.9910163521400552,0.9972403278649915,0.989535070032574,0.9895350700691129,0.9877549405935426
4.5,50.0,3.0,400.0,50.0,150.0,310.38980792825134,1.0922755301152902,-1.3698604360596933,284.1680504327416,226.5849861472499,10.0,153.65289953913367,0.9069060289413221,327.30579907826734,99.32473853704043,33.10824617901348,0.9912314786926282,0.9972396403580324,0.9896117743902635,0.9896117743902635,0.9884627256319531
4.5,50.0,3.0,400.0,70.0,150.0,310.38980792825134,1.0922755301152902,-1.3698604360596933,284.1680504327416,226.5849861472499,7.142857142857143,153.65289953913367,0.9069060289413221,321.5915133639816,99.32473853704043,33.10824617901348,0.9913029861352349,0.9972391840644439,0.9896440095095973,0.9896440095105405,0.9886847414563579
4.5,50.0,3.0,500.0,30.0,150.0,310.38980792825134,1.0922755301152902,-1.3698604360596933,284.1680504327416,226.5849861472499,16.666666666666668,192.06612442391705,1.7713008377760187,417.4655821811674,124.15592317130054,41.38530772376684,0.9906779237633552,0.9955546760389702,0.9902559631078061,0.9902559631366308,0.9866450927700138
4.5,50.0,3.0,500.0,50.0,150.0,310.38980792825134,1.0922755301152902,-1.3698604360596933,284.1680504327416,226.5849861472499,10.0,192.06612442391705,1.7713008377760187,404.1322488478341,124.15592317130054,41.38530772376684,0.9908572520952292,0.9955517530693277,0.9903313470533495,0.9903313470549346,0.9872145612033053
4.5,50.0,3.0,500.0,70.0,150.0,310.38980792825134,1.0922755301152902,-1.3698604360596933,284.1680504327416,226.5849861472499,7.142857142857143,192.06612442391705,1.7713008377760187,398.41796313354837,124.15592317130054,41.38530772376684,0.9909179775848758,0.9955529466447584,0.9903629622391756,0.9903629622550472,0.9873930392005219
4.5,50.0,3.0,600.0,30.0,150.0,310.38980792825134,1.0922755301152902,-1.3698604360596933,284.1680504327416,226.5849861472499,16.666666666666668,230.47934930870048,3.0608078476769607,494.29203195073427,148.98710780556064,49.662369268520216,0.9897993008650527,0.9940885528791237,0.9903220266921351,0.9903220266921351,0.9844645971968171
4.5,50.0,3.0,600.0,50.0,150.0,310.38980792825134,1.0922755301152902,-1.3698604360596933,284.1680504327416,226.5849861472499,10.0,230.47934930870048,3.0608078476769607,480.95869861740096,148.98710780556064,49.662369268520216,0.9900824944360395,0.9940870575394025,0.9903961051437233,0.9903961051456951,0.9854507099153369
4.5,50.0,3.0,600.0,70.0,150.0,310.38980792825134,1.0922755301152902,-1.3698604360596933,284.1680504327416,226.5849861472499,7.142857142857143,230.47934930870048,3.0608078476769607,475.24441290311523,148.98710780556064,49.662369268520216,0.990170735939609,0.9940865825838432,0.9904280097019983,0.9904280097093983,0.985740341763196
4.5,50.0,3.0,800.0,30.0,150.0,310.38980792825134,1.0922755301152902,-1.3698604360596933,284.1680504327416,226.5849861472499,16.666666666666668,307.30579907826734,7.255248231530577,647.9449314898679,198.64947707408086,66.21649235802695,0.987469609092251,0.9922597679115339,0.9895360670002029,0.9895360670002029,0.9785465344570641
4.5,50.0,3.0,800.0,50.0,150.0,310.38980792825134,1.0922755301152902,-1.3698604360596933,284.1680504327416,226.5849861472499,10.0,307.30579907826734,7.255248231530577,634.6115981565347,198.64947707408086,66.21649235802695,0.9881551366654464,0.99225779931995,0.9896075216141369,0.9896075216141369,0.9811477041135621
4.5,50.0,3.0,800.0,70.0,150.0,310.38980792825134,1.0922755301152902,-1.3698604360596933,284.1680504327416,226.5849861472499,7.142857142857143,307.30579907826734,7.255248231530577,628.8973124422489,198.64947707408086,66.21649235802695,0.9883545636125898,0.9922573143645963,0.9896394621895168,0.9896394621895168,0.9818820157067292
4.5,50.0,3.5,400.0,30.0,175.0,310.38980792825134,1.0922755301152902,-1.3698604360596933,284.1680504327416,226.5849861472499,16.666666666666668,153.65289953913367,0.9069060289413221,340.63913241160066,99.32473853704043,28.378496724868693,0.9891911452587054,0.9992445878395613,0.9853193713711128,0.9853193714051791,0.9868812504189683
4.5,50.0,3.5,400.0,50.0,175.0,310.38980792825134,1.0922755301152902,-1.3698604360596933,284.1680504327416,226.5849861472499,10.0,153.65289953913367,0.9069060289413221,327.30579907826734,99.32473853704043,28.378496724868693,0.9894085363877909,0.9992444917139571,0.9853945720689379,0.9853945720689379,0.9876005096993308
4.5,50.0,3.5,400.0,70.0,175.0,310.38980792825134,1.0922755301152902,-1.3698604360596933,284.1680504327416,226.5849861472499,7.142857142857143,153.65289953913367,0.9069060289413221,321.5915133639816,99.32473853704043,28.378496724868693,0.9894811766371437,0.9992443318280116,0.9854280781110334,0.9854280781135358,0.987824218495994
4.5,50.0,3.5,500.0,30.0,175.0,310.38980792825134,1.0922755301152902,-1.3698604360596933,284.1680504327416,226.5849861472499,16.666666666666668,192.06612442391705,1.7713008377760187,417.4655821811674,124.15592317130054,35.47312090608587,0.9900336939203045,0.9990407358325786,0.9875175150193398,0.9875175150704159,0.9860590097588838
4.5,50.0,3.5,500.0,50.0,175.0,310.38980792825134,1.0922755301152902,-1.3698604360596933,284.1680504327416,226.5849861472499,10.0,192.06612442391705,1.7713008377760187,404.1322488478341,124.15592317130054,35.47312090608587,0.9902132893841176,0.9990399370897034,0.9875924805962246,0.987592480599131,0.9866282592514116
4.5,50.0,3.5,500.0,70.0,175.0,310.38980792825134,1.0922755301152902,-1.3698604360596933,284.1680504327416,226.5849861472499,7.142857142857143,192.06612442391705,1.7713008377760187,398.41796313354837,124.15592317130054,35.47312090608587,0.9902739542398034,0.9990410034587831,0.9876232597678216,0.9876232597883822,0.9868082939442266
4.5,50.0,3.5,600.0,30.0,175.0,310.38980792825134,1.0922755301152902,-1.3698604360596933,284.1680504327416,226.5849861472499,16.666666666666668,230.47934930870048,3.0608078476769607,494.29203195073427,148.98710780556064,42.56774508730304,0.989874403912413,0.99863737017661,0.9884063698362218,0.9884063698362218,0.9840475058005983
4.5,50.0,3.5,600.0,50.0,175.0,310.38980792825134,1.0922755301152902,-1.3698604360596933,284.1680504327416,226.5849861472499,10.0,230.47934930870048,3.0608078476769607,480.95869861740096,148.98710780556064,42.56774508730304,0.990156990575458,0.99863633959447,0.9884800834289995,0.988480083444364,0.9850314558339985
4.5,50.0,3.5,600.0,70.0,175.0,310.38980792825134,1.0922755301152902,-1.3698604360596933,284.1680504327416,226.5849861472499,7.142857142857143,230.47934930870048,3.0608078476769607,475.24441290311523,148.98710780556064,42.56774508730304,0.9902453093365249,0.998637040456658,0.9885121540381403,0.9885121540381403,0.9853198888131611
4.5,50.0,3.5,800.0,30.0,175.0,310.38980792825134,1.0922755301152902,-1.3698604360596933,284.1680504327416,226.5849861472499,16.666666666666668,307.30579907826734,7.255248231530577,647.9449314898679,198.64947707408086,56.75699344973739,0.9883158778289204,0.9980515934101556,0.9884524961229895,0.9884524961229895,0.9783069256595472
4.5,50.0,3.5,800.0,50.0,175.0,310.38980792825134,1.0922755301152902,-1.3698604360596933,284.1680504327416,226.5849861472499,10.0,307.30579907826734,7.255248231530577,634.6115981565347,198.64947707408086,56.75699344973739,0.9890005193578062,0.998051088439162,0.9885234836272336,0.9885234836285688,0.9809040217362601
4.5,50.0,3.5,800.0,70.0,175.0,310.38980792825134,1.0922755301152902,-1.3698604360596933,284.1680504327416,226.5849861472499,7.142857142857143,307.30579907826734,7.255248231530577,628.8973124422489,198.64947707408086,56.75699344973739,0.9891993485533994,0.9980499467732595,0.9885553879279754,0.9885553879279754,0.9816366715843872
4.5,50.0,4.0,400.0,30.0,200.0,310.38980792825134,1.0922755301152902,-1.3698604360596933,284.1680504327416,226.5849861472499,16.666666666666668,153.65289953913367,0.9069060289413221,340.63913241160066,99.32473853704043,24.831184634260108,0.9854219703309846,0.9996511966240491,0.9783094374610246,0.9783094374681764,0.985417809770688
4.5,50.0,4.0,400.0,50.0,200.0,310.38980792825134,1.0922755301152902,-1.3698604360596933,284.1680504327416,226.5849861472499,10.0,153.65289953913367,0.9069060289413221,327.30579907826734,99.32473853704043,24.831184634260108,0.9856414926944715,0.9996508811880257,0.9783840034121098,0.9783840034121098,0.9861470827656408
4.5,50.0,4.0,400.0,70.0,200.0,310.38980792825134,1.0922755301152902,-1.3698604360596933,284.1680504327416,226.5849861472499,7.142857142857143,153.65289953913367,0.9069060289413221,321.5915133639816,99.32473853704043,24.831184634260108,0.9857147946132185,0.9996508217531326,0.9784170332400708,0.9784170332422418,0.9863742902174286
4.5,50.0,4.0,500.0,30.0,200.0,310.38980792825134,1.0922755301152902,-1.3698604360596933,284.1680504327416,226.5849861472499,16.666666666666668,192.06612442391705,1.7713008377760187,417.4655821811674,124.15592317130054,31.038980792825136,0.9876521269042515,0.9994293974229834,0.9830409826184676,0.9830409826590749,0.9850971449164804
4.5,50.0,4.0,500.0,50.0,200.0,310.38980792825134,1.0922755301152902,-1.3698604360596933,284.1680504327416,226.5849861472499,10.0,192.06612442391705,1.7713008377760187,404.1322488478341,124.15592317130054,31.038980792825136,0.9878320571376444,0.9994287127651664,0.9831160487079471,0.9831160487110266,0.9856674183664372
4.5,50.0,4.0,500.0,70.0,200.0,310.38980792825134,1.0922755301152902,-1.3698604360596933,284.1680504327416,226.5849861472499,7.142857142857143,192.06612442391705,1.7713008377760187,398.41796313354837,124.15592317130054,31.038980792825136,0.9878934253777072,0.9994291622562073,0.9831470420669113,0.9831470420950512,0.9858504550926592
4.5,50.0,4.0,600.0,30.0,200.0,310.38980792825134,1.0922755301152902,-1.3698604360596933,284.1680504327416,226.5849861472499,16.666666666666668,230.47934930870048,3.0608078476769607,494.29203195073427,148.98710780556064,37.24677695139016,0.9883221030094487,0.9992910825552546,0.9853104411389342,0.9853104411389342,0.9833764472046718
4.5,50.0,4.0,600.0,50.0,200.0,310.38980792825134,1.0922755301152902,-1.3698604360596933,284.1680504327416,226.5849861472499,10.0,230.47934930870048,3.0608078476769607,480.95869861740096,148.98710780556064,37.24677695139016,0.9886030476214375,0.9992906247805657,0.9853844099216791,0.9853844099216791,0.9843527458618261
4.5,50.0,4.0,600.0,70.0,200.0,310.38980792825134,1.0922755301152902,-1.3698604360596933,284.1680504327416,226.5849861472499,7.142857142857143,230.47934930870048,3.0608078476769607,475.24441290311523,148.98710780556064,37.24677695139016,0.9886906690265127,0.9992906593469467,0.9854166531452925,0.9854166531478813,0.9846387104659304
4.5,50.0,4.0,800.0,30.0,200.0,310.38980792825134,1.0922755301152902,-1.3698604360596933,284.1680504327416,226.5849861472499,16.666666666666668,307.30579907826734,7.255248231530577,647.9449314898679,198.64947707408086,49.662369268520216,0.9876361295270348,0.999167309169581,0.9867253791910953,0.9867253791910953,0.9779264505563676
4.5,50.0,4.0,800.0,50.0,200.0,310.38980792825134,1.0922755301152902,-1.3698604360596933,284.1680504327416,226.5849861472499,10.0,307.30579907826734,7.255248231530577,634.6115981565347,198.64947707408086,49.662369268520216,0.9883187185974951,0.999167072917968,0.9867965997112484,0.9867965997112484,0.9805146020495157
4.5,50.0,4.0,800.0,70.0,200.0,310.38980792825134,1.0922755301152902,-1.3698604360596933,284.1680504327416,226.5849861472499,7.142857142857143,307.30579907826734,7.255248231530577,628.8973124422489,198.64947707408086,49.662369268520216,0.9885172762870474,0.9991668202348719,0.9868285742608645,0.9868285742608645,0.9812451363915888
4.5,60.0,3.0,400.0,30.0,180.0,310.38980792825134,1.0922755301152902,-1.3698604360596933,284.1680504327416,226.5849861472499,16.666666666666668,106.70340245773176,0.3037209941316909,246.74013824879685,68.97551287294475,22.991837624314915,0.989706685063301,0.9976570867712855,0.9864975512424599,0.9864975512765117,0.988174550962947
4.5,60.0,3.0,400.0,50.0,180.0,310.38980792825134,1.0922755301152902,-1.3698604360596933,284.1680504327416,226.5849861472499,10.0,106.70340245773176,0.3037209941316909,233.4068049154635,68.97551287294475,22.991837624314915,0.9901278294782901,0.9976571373256777,0.9865721523896345,0.986572152411437,0.9897098757864113
4.5,60.0,3.0,400.0,70.0,180.0,310.38980792825134,1.0922755301152902,-1.3698604360596933,284.1680504327416,226.5849861472499,7.142857142857143,106.70340245773176,0.3037209941316909,227.69251920117782,68.97551287294475,22.991837624314915,0.9902581443950897,0.9976568130436572,0.9866041528259893,0.9866041528259893,0.9901674588847231
4.5,60.0,3.0,500.0,30.0,180.0,310.38980792825134,1.0922755301152902,-1.3698604360596933,284.1680504327416,226.5849861472499,16.666666666666668,133.3792530721647,0.5932050666634587,300.0918394776627,86.21939109118092,28.739797030393643,0.9908075205351876,0.9970528609313394,0.9888652031863195,0.9888652032293508,0.9884468147937404
4.5,60.0,3.0,500.0,50.0,180.0,310.38980792825134,1.0922755301152902,-1.3698604360596933,284.1680504327416,226.5849861472499,10.0,133.3792530721647,0.5932050666634587,286.75850614432943,86.21939109118092,28.739797030393643,0.9910947508532517,0.9970519619814147,0.9889399344751737,0.9889399344992725,0.9894471724571462
4.5,60.0,3.0,500.0,70.0,180.0,310.38980792825134,1.0922755301152902,-1.3698604360596933,284.1680504327416,226.5849861472499,7.142857142857143,133.3792530721647,0.5932050666634587,281.04422043004365,86.21939109118092,28.739797030393643,0.9911906478659718,0.99706707228949,0.9889720694119086,0.9889720694249389,0.9897513803375498
4.5,60.0,3.0,600.0,30.0,180.0,310.38980792825134,1.0922755301152902,-1.3698604360596933,284.1680504327416,226.5849861472499,16.666666666666668,160.05510368659765,1.025058355194457,353.4435407065286,103.46326930941711,34.487756436472374,0.990970176850308,0.9956092552739707,0.990043040385606,0.9900430403899679,0.9881853713516873
4.5,60.0,3.0,600.0,50.0,180.0,310.38980792825134,1.0922755301152902,-1.3698604360596933,284.1680504327416,226.5849861472499,10.0,160.05510368659765,1.025058355194457,340.1102073731953,103.46326930941711,34.487756436472374,0.991167216655061,0.9956118376231753,0.9901133595631679,0.9901133595707401,0.9888303098631608
4.5,60.0,3.0,600.0,70.0,180.0,310.38980792825134,1.0922755301152902,-1.3698604360596933,284.1680504327416,226.5849861472499,7.142857142857143,160.05510368659765,1.025058355194457,334.3959216589096,103.46326930941711,34.487756436472374,0.9912340385737002,0.9956107140188263,0.9901450377845775,0.9901450377845775,0.9890353647068195
4.5,60.0,3.0,800.0,30.0,180.0,310.38980792825134,1.0922755301152902,-1.3698604360596933,284.1680504327416,226.5849861472499,16.666666666666668,213.4068049154635,2.429767953053527,460.14694316426034,137.9510257458895,45.98367524862983,0.9902047638582107,0.9933878399547182,0.9907162183572006,0.9907162183572006,0.9859987787637232
4.5,60.0,3.0,800.0,50.0,180.0,310.38980792825134,1.0922755301152902,-1.3698604360596933,284.1680504327416,226.5849861472499,10.0,213.4068049154635,2.429767953053527,446.8136098309271,137.9510257458895,45.98367524862983,0.9904271748289637,0.993386921037982,0.9907912157749375,0.9907912157749375,0.9867393467279978
4.5,60.0,3.0,800.0,70.0,180.0,310.38980792825134,1.0922755301152902,-1.3698604360596933,284.1680504327416,226.5849861472499,7.142857142857143,213.4068049154635,2.429767953053527,441.0993241166413,137.9510257458895,45.98367524862983,0.9904984025121478,0.9933865339595984,0.9908223433237855,0.9908223433237855,0.9869623894414219
4.5,60.0,3.5,400.0,30.0,210.0,310.38980792825134,1.0922755301152902,-1.3698604360596933,284.1680504327416,226.5849861472499,16.666666666666668,106.70340245773176,0.3037209941316909,246.74013824879685,68.97551287294475,19.707289392269928,0.9849438003439193,0.9985717491544248,0.977426393401631,0.977426393401631,0.9863506654179904
4.5,60.0,3.5,400.0,50.0,210.0,310.38980792825134,1.0922755301152902,-1.3698604360596933,284.1680504327416,226.5849861472499,10.0,106.70340245773176,0.3037209941316909,233.4068049154635,68.97551287294475,19.707289392269928,0.9853719494124338,0.9985721702521284,0.9775003330115588,0.9775003330367987,0.9879149613492488
4.5,60.0,3.5,400.0,70.0,210.0,310.38980792825134,1.0922755301152902,-1.3698604360596933,284.1680504327416,226.5849861472499,7.142857142857143,106.70340245773176,0.3037209941316909,227.69251920117782,68.97551287294475,19.707289392269928,0.9855058820852238,0.9985719758454243,0.9775386930646892,0.977538693068021,0.9883741663627605
4.5,60.0,3.5,500.0,30.0,210.0,310.38980792825134,1.0922755301152902,-1.3698604360596933,284.1680504327416,226.5849861472499,16.666666666666668,133.3792530721647,0.5932050666634587,300.0918394776627,86.21939109118092,24.63411174033741,0.9881252864275245,0.9992940352282416,0.9829992230274984,0.9829992230274984,0.9872086644268595
4.5,60.0,3.5,500.0,50.0,210.0,310.38980792825134,1.0922755301152902,-1.3698604360596933,284.1680504327416,226.5849861472499,10.0,133.3792530721647,0.5932050666634587,286.75850614432943,86.21939109118092,24.63411174033741,0.9884159729365927,0.9992941726538516,0.983073602022511,0.9830736020539965,0.9882225150160117
4.5,60.0,3.5,500.0,70.0,210.0,310.38980792825134,1.0922755301152902,-1.3698604360596933,284.1680504327416,226.5849861472499,7.142857142857143,133.3792530721647,0.5932050666634587,281.04422043004365,86.21939109118092,24.63411174033741,0.9885100824882924,0.9992939966936805,0.983105472050358,0.9831054720683401,0.9885353891407911
4.5,60.0,3.5,600.0,30.0,210.0,310.38980792825134,1.0922755301152902,-1.3698604360596933,284.1680504327416,226.5849861472499,16.666666666666668,160.05510368659765,1.025058355194457,353.4435407065286,103.46326930941711,29.56093408840489,0.9895675560575322,0.9990720678397755,0.9859507899429438,0.9859507899748485,0.987296576472561
4.5,60.0,3.5,600.0,50.0,210.0,310.38980792825134,1.0922755301152902,-1.3698604360596933,284.1680504327416,226.5849861472499,10.0,160.05510368659765,1.025058355194457,340.1102073731953,103.46326930941711,29.56093408840489,0.9897682389859785,0.9990720465978695,0.9860254498330867,0.9860254498330867,0.987950009679871
4.5,60.0,3.5,600.0,70.0,210.0,310.38980792825134,1.0922755301152902,-1.3698604360596933,284.1680504327416,226.5849861472499,7.142857142857143,160.05510368659765,1.025058355194457,334.3959216589096,103.46326930941711,29.56093408840489,0.9898350967241325,0.9990716526469989,0.9860563672730241,0.9860563672730241,0.988155999703483
4.5,60.0,3.5,800.0,30.0,210.0,310.38980792825134,1.0922755301152902,-1.3698604360596933,284.1680504327416,226.5849861472499,16.666666666666668,213.4068049154635,2.429767953053527,460.14694316426034,137.9510257458895,39.414578784539856,0.9901888924532932,0.9984346358907563,0.9884165057346608,0.9884165057346608,0.985487922453095
4.5,60.0,3.5,800.0,50.0,210.0,310.38980792825134,1.0922755301152902,-1.3698604360596933,284.1680504327416,226.5849861472499,10.0,213.4068049154635,2.429767953053527,446.8136098309271,137.9510257458895,39.414578784539856,0.9904113766601385,0.9984336111925005,0.9884928261559047,0.9884928261559047,0.9862262431362439
4.5,60.0,3.5,800.0,70.0,210.0,310.38980792825134,1.0922755301152902,-1.3698604360596933,284.1680504327416,226.5849861472499,7.142857142857143,213.4068049154635,2.429767953053527,441.0993241166413,137.9510257458895,39.414578784539856,0.9904818532375232,0.9984339979324928,0.9885223858107495,0.9885223858107495,0.9864486433961015
4.5,60.0,4.0,400.0,30.0,240.0,310.38980792825134,1.0922755301152902,-1.3698604360596933,284.1680504327416,226.5849861472499,16.666666666666668,106.70340245773176,0.3037209941316909,246.74013824879685,68.97551287294475,17.243878218236187,0.9767517335558817,0.9997283709657632,0.9620129390968196,0.9620129391457095,0.9832526850152349
4.5,60.0,4.0,400.0,50.0,240.0,310.38980792825134,1.0922755301152902,-1.3698604360596933,284.1680504327416,226.5849861472499,10.0,106.70340245773176,0.3037209941316909,233.4068049154635,68.97551287294475,17.243878218236187,0.9771866642620093,0.9997292019164201,0.9620856752928573,0.9620856753253804,0.9848461045133796
4.5,60.0,4.0,400.0,70.0,240.0,310.38980792825134,1.0922755301152902,-1.3698604360596933,284.1680504327416,226.5849861472499,7.142857142857143,106.70340245773176,0.3037209941316909,227.69251920117782,68.97551287294475,17.243878218236187,0.9773188718110194,0.99972912646016,0.9621155600888806,0.9621155600888806,0.9853152406061567
4.5,60.0,4.0,500.0,30.0,240.0,310.38980792825134,1.0922755301152902,-1.3698604360596933,284.1680504327416,226.5849861472499,16.666666666666668,133.3792530721647,0.5932050666634587,300.0918394776627,86.21939109118092,21.55484777279523,0.98281133106391,0.9996296891282354,0.9732328702981864,0.9732328703480151,0.9851498944812034
4.5,60.0,4.0,500.0,50.0,240.0,310.38980792825134,1.0922755301152902,-1.3698604360596933,284.1680504327416,226.5849861472499,10.0,133.3792530721647,0.5932050666634587,286.75850614432943,86.21939109118092,21.55484777279523,0.983105947369147,0.9996277568858964,0.973306653489904,0.9733066534923207,0.986182725608467
4.5,60.0,4.0,500.0,70.0,240.0,310.38980792825134,1.0922755301152902,-1.3698604360596933,284.1680504327416,226.5849861472499,7.142857142857143,133.3792530721647,0.5932050666634587,281.04422043004365,86.21939109118092,21.55484777279523,0.9831997895825758,0.9996266995939257,0.9733380489860288,0.9733380490058412,0.9864963607445074
4.5,60.0,4.0,600.0,30.0,240.0,310.38980792825134,1.0922755301152902,-1.3698604360596933,284.1680504327416,226.5849861472499,16.666666666666668,160.05510368659765,1.025058355194457,353.4435407065286,103.46326930941711,25.86581732735428,0.9859441434217394,0.9994446800624265,0.979244553003338,0.979244553003338,0.985842787617855
4.5,60.0,4.0,600.0,50.0,240.0,310.38980792825134,1.0922755301152902,-1.3698604360596933,284.1680504327416,226.5849861472499,10.0,160.05510368659765,1.025058355194457,340.1102073731953,103.46326930941711,25.86581732735428,0.9861442162788154,0.9994442342250186,0.9793130869071802,0.9793130869314279,0.9865064570516348
4.5,60.0,4.0,600.0,70.0,240.0,310.38980792825134,1.0922755301152902,-1.3698604360596933,284.1680504327416,226.5849861472499,7.142857142857143,160.05510368659765,1.025058355194457,334.3959216589096,103.46326930941711,25.86581732735428,0.9862116129586235,0.9994441811735595,0.9793438333849338,0.9793438333849338,0.9867146038910669
4.5,60.0,4.0,800.0,30.0,240.0,310.38980792825134,1.0922755301152902,-1.3698604360596933,284.1680504327416,226.5849861472499,16.666666666666668,213.4068049154635,2.429767953053527,460.14694316426034,137.9510257458895,34.487756436472374,0.9883337215498522,0.9992530997501159,0.984706387783564,0.984706387783564,0.9846690108821647
4.5,60.0,4.0,800.0,50.0,240.0,310.38980792825134,1.0922755301152902,-1.3698604360596933,284.1680504327416,226.5849861472499,10.0,213.4068049154635,2.429767953053527,446.8136098309271,137.9510257458895,34.487756436472374,0.9885543985548275,0.9992531971861095,0.9847809280113748,0.9847809280113748,0.985402541010451
4.5,60.0,4.0,800.0,70.0,240.0,310.38980792825134,1.0922755301152902,-1.3698604360596933,284.1680504327416,226.5849861472499,7.142857142857143,213.4068049154635,2.429767953053527,441.0993241166413,137.9510257458895,34.487756436472374,0.988624992127434,0.9992528957012579,0.9848118663462659,0.9848118663462659,0.9856233401159463
5.0,40.0,3.0,400.0,30.0,120.0,226.27416997969527,0.58048,-0.7279999999999999,389.805281800743,310.81616755452654,16.666666666666668,240.08265552989639,3.4595719487812895,513.4986443931261,113.13708498984764,37.71236166328254,0.9887587722094344,0.9954631413674884,0.9878883666492708,0.9878883666581071,0.9837952141628714
5.0,40.0,3.0,400.0,50.0,120.0,226.27416997969527,0.58048,-0.7279999999999999,389.805281800743,310.81616755452654,10.0,240.08265552989639,3.4595719487812895,500.16531105979277,113.13708498984764,37.71236166328254,0.9889013710897774,0.9954655764990108,0.9879620768278843,0.987962076837663,0.9842157541945515
5.0,40.0,3.0,400.0,70.0,120.0,226.27416997969527,0.58048,-0.7279999999999999,389.805281800743,310.81616755452654,7.142857142857143,240.08265552989639,3.4595719487812895,494.45102534550705,113.13708498984764,37.71236166328254,0.9889522393130725,0.9954638995832905,0.9879946339651621,0.987994633966153,0.9843557897376845
5.0,40.0,3.0,500.0,30.0,120.0,226.27416997969527,0.58048,-0.7279999999999999,389.805281800743,310.81616755452654,16.666666666666668,300.1033194123704,6.756976462463451,633.5399721580741,141.42135623730954,47.140452079103184,0.9877879983425206,0.9937146471167164,0.9879245997184345,0.9879245997288642,0.9815881468060673
5.0,40.0,3.0,500.0,50.0,120.0,226.27416997969527,0.58048,-0.7279999999999999,389.805281800743,310.81616755452654,10.0,300.1033194123704,6.756976462463451,620.2066388247408,141.42135623730954,47.140452079103184,0.9878971008182951,0.9937125023076443,0.9879983523827078,0.9879983523892586,0.9818791961935696
5.0,40.0,3.0,500.0,70.0,120.0,226.27416997969527,0.58048,-0.7279999999999999,389.805281800743,310.81616755452654,7.142857142857143,300.1033194123704,6.756976462463451,614.492353110455,141.42135623730954,47.140452079103184,0.9879387693413073,0.9937123737120945,0.9880304044045858,0.9880304044045858,0.9819818948439635
5.0,40.0,3.0,600.0,30.0,120.0,226.27416997969527,0.58048,-0.7279999999999999,389.805281800743,310.81616755452654,16.666666666666668,360.1239832948445,11.676055327136849,753.5812999230224,169.70562748477147,56.56854249492382,0.9865568731281869,0.9925379149045309,0.9873419512813282,0.9873419512813282,0.9790056750455602
5.0,40.0,3.0,600.0,50.0,120.0,226.27416997969527,0.58048,-0.7279999999999999,389.805281800743,310.81616755452654,10.0,360.1239832948445,11.676055327136849,740.2479665896891,169.70562748477147,56.56854249492382,0.9866570306791749,0.9925391543018529,0.9874104357373744,0.9874104357373744,0.979268096940098
5.0,40.0,3.0,600.0,70.0,120.0,226.27416997969527,0.58048,-0.7279999999999999,389.805281800743,310.81616755452654,7.142857142857143,360.1239832948445,11.676055327136849,734.5336808754033,169.70562748477147,56.56854249492382,0.9866957856166716,0.9925353010445899,0.9874424258425802,0.9874424258425802,0.9793629897369363
5.0,40.0,3.0,800.0,30.0,120.0,226.27416997969527,0.58048,-0.7279999999999999,389.805281800743,310.81616755452654,16.666666666666668,480.16531105979277,27.676575590250316,993.6639554529189,226.27416997969527,75.42472332656509,0.9837219757880188,0.9911972848237187,0.9853180378959789,0.9853180378959789,0.9730545425363986
5.0,40.0,3.0,800.0,50.0,120.0,226.27416997969527,0.58048,-0.7279999999999999,389.805281800743,310.81616755452654,10.0,480.16531105979277,27.676575590250316,980.3306221195855,226.27416997969527,75.42472332656509,0.9838862037990396,0.991196274348491,0.9853926589478409,0.9853926589478409,0.9735632229519855
5.0,40.0,3.0,800.0,70.0,120.0,226.27416997969527,0.58048,-0.7279999999999999,389.805281800743,310.81616755452654,7.142857142857143,480.16531105979277,27.676575590250316,974.6163364052998,226.27416997969527,75.42472332656509,0.9839426550612717,0.9911957162749536,0.9854249030368745,0.9854249030368745,0.9737250978963841
5.0,40.0,3.5,400.0,30.0,140.0,226.27416997969527,0.58048,-0.7279999999999999,389.805281800743,310.81616755452654,16.666666666666668,240.08265552989639,3.4595719487812895,513.4986443931261,113.13708498984764,32.32488142567075,0.9877753307909107,0.9989943899915978,0.984520635848102,0.9845206358689036,0.9830656614550395
5.0,40.0,3.5,400.0,50.0,140.0,226.27416997969527,0.58048,-0.7279999999999999,389.805281800743,310.81616755452654,10.0,240.08265552989639,3.4595719487812895,500.16531105979277,113.13708498984764,32.32488142567075,0.9879185327391768,0.998994750239868,0.9845940452740476,0.9845940452827782,0.9834912901600137
5.0,40.0,3.5,400.0,70.0,140.0,226.27416997969527,0.58048,-0.7279999999999999,389.805281800743,310.81616755452654,7.142857142857143,240.08265552989639,3.4595719487812895,494.45102534550705,113.13708498984764,32.32488142567075,0.9879691001238493,0.9989944034898035,0.9846260720155929,0.9846260720270956,0.9836298529629053
5.0,40.0,3.5,500.0,30.0,140.0,226.27416997969527,0.58048,-0.7279999999999999,389.805281800743,310.81616755452654,16.666666666666668,300.1033194123704,6.756976462463451,633.5399721580741,141.42135623730954,40.40610178208844,0.9877814566137512,0.9985011903790811,0.9857601938969481,0.9857601938969481,0.9811042482820272
5.0,40.0,3.5,500.0,50.0,140.0,226.27416997969527,0.58048,-0.7279999999999999,389.805281800743,310.81616755452654,10.0,300.1033194123704,6.756976462463451,620.2066388247408,141.42135623730954,40.40610178208844,0.9878915276127488,0.9985008715555745,0.9858342676064109,0.9858342676138844,0.9813967036751253
5.0,40.0,3.5,500.0,70.0,140.0,226.27416997969527,0.58048,-0.7279999999999999,389.805281800743,310.81616755452654,7.142857142857143,300.1033194123704,6.756976462463451,614.492353110455,141.42135623730954,40.40610178208844,0.9879330135703265,0.9985005975474222,0.9858657672437436,0.9858657672437436,0.9814999222463965
5.0,40.0,3.5,600.0,30.0,140.0,226.27416997969527,0.58048,-0.7279999999999999,389.805281800743,310.81616755452654,16.666666666666668,360.1239832948445,11.676055327136849,753.5812999230224,169.70562748477147,48.48732213850613,0.987114986703086,0.998122308999353,0.9858373254643824,0.9858373254643824,0.9786629868842263
5.0,40.0,3.5,600.0,50.0,140.0,226.27416997969527,0.58048,-0.7279999999999999,389.805281800743,310.81616755452654,10.0,360.1239832948445,11.676055327136849,740.2479665896891,169.70562748477147,48.48732213850613,0.9872149137125922,0.9981219069316369,0.9859059366162379,0.9859059366162379,0.9789258746862559
5.0,40.0,3.5,600.0,70.0,140.0,226.27416997969527,0.58048,-0.7279999999999999,389.805281800743,310.81616755452654,7.142857142857143,360.1239832948445,11.676055327136849,734.5336808754033,169.70562748477147,48.48732213850613,0.9872547002595543,0.9981206392999411,0.9859386745803108,0.9859386745803108,0.9790208125776547
5.0,40.0,3.5,800.0,30.0,140.0,226.27416997969527,0.58048,-0.7279999999999999,389.805281800743,310.81616755452654,16.666666666666668,480.16531105979277,27.676575590250316,993.6639554529189,226.27416997969527,64.6497628513415,0.98486632133042,0.9976598943809905,0.9844732100901786,0.9844732100901786,0.9728589707603319
5.0,40.0,3.5,800.0,50.0,140.0,226.27416997969527,0.58048,-0.7279999999999999,389.805281800743,310.81616755452654,10.0,480.16531105979277,27.676575590250316,980.3306221195855,226.27416997969527,64.6497628513415,0.985030253758022,0.997659481051721,0.9845477145171441,0.9845477145171441,0.9733661049460791
5.0,40.0,3.5,800.0,70.0,140.0,226.27416997969527,0.58048,-0.7279999999999999,389.805281800743,310.81616755452654,7.142857142857143,480.16531105979277,27.676575590250316,974.6163364052998,226.27416997969527,64.6497628513415,0.9850867491821136,0.9976594500461907,0.98457992035294,0.98457992035294,0.9735277059763837
5.0,40.0,4.0,400.0,30.0,160.0,226.27416997969527,0.58048,-0.7279999999999999,389.805281800743,310.81616755452654,16.666666666666668,240.08265552989639,3.4595719487812895,513.4986443931261,113.13708498984764,28.28427124746191,0.9848266685061103,0.9994063179701338,0.9790141301880302,0.979014130198349,0.9818720956679283
5.0,40.0,4.0,400.0,50.0,160.0,226.27416997969527,0.58048,-0.7279999999999999,389.805281800743,310.81616755452654,10.0,240.08265552989639,3.4595719487812895,500.16531105979277,113.13708498984764,28.28427124746191,0.9849706465099537,0.9994058943567146,0.9790880866412602,0.9790880866436564,0.9823005183981838
5.0,40.0,4.0,400.0,70.0,160.0,226.27416997969527,0.58048,-0.7279999999999999,389.805281800743,310.81616755452654,7.142857142857143,240.08265552989639,3.4595719487812895,494.45102534550705,113.13708498984764,28.28427124746191,0.9850210573402602,0.9994057861065773,0.9791181952701404,0.9791181952701404,0.9824420527141831
5.0,40.0,4.0,500.0,30.0,160.0,226.27416997969527,0.58048,-0.7279999999999999,389.805281800743,310.81616755452654,16.666666666666668,300.1033194123704,6.756976462463451,633.5399721580741,141.42135623730954,35.355339059327385,0.9860265555333273,0.9992417056878495,0.982269433319577,0.982269433319577,0.9803256498063058
5.0,40.0,4.0,500.0,50.0,160.0,226.27416997969527,0.58048,-0.7279999999999999,389.805281800743,310.81616755452654,10.0,300.1033194123704,6.756976462463451,620.2066388247408,141.42135623730954,35.355339059327385,0.986136574051421,0.9992413945400652,0.9823423959671702,0.9823423959671702,0.9806201097312786
5.0,40.0,4.0,500.0,70.0,160.0,226.27416997969527,0.58048,-0.7279999999999999,389.805281800743,310.81616755452654,7.142857142857143,300.1033194123704,6.756976462463451,614.492353110455,141.42135623730954,35.355339059327385,0.9861784321576255,0.9992413403205729,0.9823742626623369,0.9823742626623369,0.9807238629852549
5.0,40.0,4.0,600.0,30.0,160.0,226.27416997969527,0.58048,-0.7279999999999999,389.805281800743,310.81616755452654,16.666666666666668,360.1239832948445,11.676055327136849,753.5812999230224,169.70562748477147,42.42640687119287,0.9860330070549369,0.9991576006604415,0.9834281253032141,0.9834281253032141,0.978118176952878
5.0,40.0,4.0,600.0,50.0,160.0,226.27416997969527,0.58048,-0.7279999999999999,389.805281800743,310.81616755452654,10.0,360.1239832948445,11.676055327136849,740.2479665896891,169.70562748477147,42.42640687119287,0.9861354874158642,0.9991578114844106,0.9835015446671523,0.9835015446671523,0.9783810488447418
5.0,40.0,4.0,600.0,70.0,160.0,226.27416997969527,0.58048,-0.7279999999999999,389.805281800743,310.81616755452654,7.142857142857143,360.1239832948445,11.676055327136849,734.5336808754033,169.70562748477147,42.42640687119287,0.9861750388046648,0.999157632834735,0.9835334464103678,0.9835334464103678,0.9784756295631889
5.0,40.0,4.0,800.0,30.0,160.0,226.27416997969527,0.58048,-0.7279999999999999,389.805281800743,310.81616755452654,16.666666666666668,480.16531105979277,27.676575590250316,993.6639554529189,226.27416997969527,56.56854249492382,0.9844746897818443,0.9990697673717277,0.9831385547600597,0.9831385547600597,0.9725518822355299
5.0,40.0,4.0,800.0,50.0,160.0,226.27416997969527,0.58048,-0.7279999999999999,389.805281800743,310.81616755452654,10.0,480.16531105979277,27.676575590250316,980.3306221195855,226.27416997969527,56.56854249492382,0.9846381704133789,0.9990696095584028,0.9832129581579365,0.9832129581579365,0.9730571557792398
5.0,40.0,4.0,800.0,70.0,160.0,226.27416997969527,0.58048,-0.7279999999999999,389.805281800743,310.81616755452654,7.142857142857143,480.16531105979277,27.676575590250316,974.6163364052998,226.27416997969527,56.56854249492382,0.9846948720522639,0.9990695420720599,0.9832453243664284,0.9832453243664284,0.9732192974041391
5.0,50.0,3.0,400.0,30.0,150.0,226.27416997969527,0.58048,-0.7279999999999999,389.805281800743,310.81616755452654,16.666666666666668,153.65289953913367,0.9069060289413221,340.63913241160066,72.4077343935025,24.13591146450083,0.9886458087463459,0.9972403278649915,0.9852359421449002,0.9852359421522714,0.9868710228232205
5.0,50.0,3.0,400.0,50.0,150.0,226.27416997969527,0.58048,-0.7279999999999999,389.805281800743,310.81616755452654,10.0,153.65289953913367,0.9069060289413221,327.30579907826734,72.4077343935025,24.13591146450083,0.9888615153557758,0.9972396403580324,0.9853104451980996,0.985310445209342,0.9875855306576293
5.0,50.0,3.0,400.0,70.0,150.0,226.27416997969527,0.58048,-0.7279999999999999,389.805281800743,310.81616755452654,7.142857142857143,153.65289953913367,0.9069060289413221,321.5915133639816,72.4077343935025,24.13591146450083,0.9889335201164542,0.9972391840644439,0.9853445018452134,0.9853445018473335,0.987805892708826
5.0,50.0,3.0,500.0,30.0,150.0,226.27416997969527,0.58048,-0.7279999999999999,389.805281800743,310.81616755452654,16.666666666666668,192.06612442391705,1.7713008377760187,417.4655821811674,90.5096679918781,30.169889330626038,0.989122903438837,0.9955546760389702,0.9874552832042048,0.9874552832277654,0.9860263712844075
5.0,50.0,3.0,500.0,50.0,150.0,226.27416997969527,0.58048,-0.7279999999999999,389.805281800743,310.81616755452654,10.0,192.06612442391705,1.7713008377760187,404.1322488478341,90.5096679918781,30.169889330626038,0.9893076983698847,0.9955517530693277,0.9875382313131245,0.9875382313131245,0.9866025777839622
5.0,50.0,3.0,500.0,70.0,150.0,226.27416997969527,0.58048,-0.7279999999999999,389.805281800743,310.81616755452654,7.142857142857143,192.06612442391705,1.7713008377760187,398.41796313354837,90.5096679918781,30.169889330626038,0.9893649004440637,0.9955529466447584,0.987561056483443,0.9875610564915954,0.986784542156458
5.0,50.0,3.0,600.0,30.0,150.0,226.27416997969527,0.58048,-0.7279999999999999,389.805281800743,310.81616755452654,16.666666666666668,230.47934930870048,3.0608078476769607,494.29203195073427,108.61160159025373,36.20386719675125,0.9889166289599443,0.9940885528791237,0.9883635384463181,0.9883635384463181,0.9848508860680171
5.0,50.0,3.0,600.0,50.0,150.0,226.27416997969527,0.58048,-0.7279999999999999,389.805281800743,310.81616755452654,10.0,230.47934930870048,3.0608078476769607,480.95869861740096,108.61160159025373,36.20386719675125,0.9890634493258422,0.9940870575394025,0.9884327801395965,0.9884327801395965,0.9853011794847734
5.0,50.0,3.0,600.0,70.0,150.0,226.27416997969527,0.58048,-0.7279999999999999,389.805281800743,310.81616755452654,7.142857142857143,230.47934930870048,3.0608078476769607,475.24441290311523,108.61160159025373,36.20386719675125,0.9891168243083199,0.9940865825838432,0.988465527104885,0.988465527104885,0.9854496604396668
5.0,50.0,3.0,800.0,30.0,150.0,226.27416997969527,0.58048,-0.7279999999999999,389.805281800743,310.81616755452654,16.666666666666668,307.30579907826734,7.255248231530577,647.9449314898679,144.815468787005,48.27182292900166,0.9877510329415521,0.9922597679115339,0.988422247829127,0.988422247829127,0.9818998681964202
5.0,50.0,3.0,800.0,50.0,150.0,226.27416997969527,0.58048,-0.7279999999999999,389.805281800743,310.81616755452654,10.0,307.30579907826734,7.255248231530577,634.6115981565347,144.815468787005,48.27182292900166,0.9878577419756469,0.99225779931995,0.9884957213050802,0.9884957213050802,0.9821817259724772
5.0,50.0,3.0,800.0,70.0,150.0,226.27416997969527,0.58048,-0.7279999999999999,389.805281800743,310.81616755452654,7.142857142857143,307.30579907826734,7.255248231530577,628.8973124422489,144.815468787005,48.27182292900166,0.9878979752229997,0.9922573143645963,0.9885260042933077,0.988526004294372,0.9822825779397225
5.0,50.0,3.5,400.0,30.0,175.0,226.27416997969527,0.58048,-0.7279999999999999,389.805281800743,310.81616755452654,16.666666666666668,153.65289953913367,0.9069060289413221,340.63913241160066,72.4077343935025,20.687924112429283,0.9843929463951118,0.9992445878395613,0.9766218764264298,0.976621876430537,0.9850834448839192
5.0,50.0,3.5,400.0,50.0,175.0,226.27416997969527,0.58048,-0.7279999999999999,389.805281800743,310.81616755452654,10.0,153.65289953913367,0.9069060289413221,327.30579907826734,72.4077343935025,20.687924112429283,0.9846077168733526,0.9992444917139571,0.9766951313359522,0.9766951313371828,0.9857961131063182
5.0,50.0,3.5,400.0,70.0,175.0,226.27416997969527,0.58048,-0.7279999999999999,389.805281800743,310.81616755452654,7.142857142857143,153.65289953913367,0.9069060289413221,321.5915133639816,72.4077343935025,20.687924112429283,0.9846796513706741,0.9992443318280116,0.9767273356977466,0.9767273357156969,0.9860196022412417
5.0,50.0,3.5,500.0,30.0,175.0,226.27416997969527,0.58048,-0.7279999999999999,389.805281800743,310.81616755452654,16.666666666666668,192.06612442391705,1.7713008377760187,417.4655821811674,90.5096679918781,25.859905140536604,0.9869468661772334,0.9990407358325786,0.9819560457314971,0.9819560457595283,0.9848346373853297
5.0,50.0,3.5,500.0,50.0,175.0,226.27416997969527,0.58048,-0.7279999999999999,389.805281800743,310.81616755452654,10.0,192.06612442391705,1.7713008377760187,404.1322488478341,90.5096679918781,25.859905140536604,0.9871295712866118,0.9990399370897034,0.9820315002421541,0.9820315002421541,0.9854153475724359
5.0,50.0,3.5,500.0,70.0,175.0,226.27416997969527,0.58048,-0.7279999999999999,389.805281800743,310.81616755452654,7.142857142857143,192.06612442391705,1.7713008377760187,398.41796313354837,90.5096679918781,25.859905140536604,0.9871904203502577,0.9990410034587831,0.9820612124538058,0.9820612124654284,0.9855982530230133
5.0,50.0,3.5,600.0,30.0,175.0,226.27416997969527,0.58048,-0.7279999999999999,389.805281800743,310.81616755452654,16.666666666666668,230.47934930870048,3.0608078476769607,494.29203195073427,108.61160159025373,31.031886168643922,0.9879387867339444,0.99863737017661,0.9845565186915837,0.9845565186915837,0.9840047393760005
5.0,50.0,3.5,600.0,50.0,175.0,226.27416997969527,0.58048,-0.7279999999999999,389.805281800743,310.81616755452654,10.0,230.47934930870048,3.0608078476769607,480.95869861740096,108.61160159025373,31.031886168643922,0.988088761132271,0.99863633959447,0.98463022660209,0.98463022660209,0.9844582517304341
5.0,50.0,3.5,600.0,70.0,175.0,226.27416997969527,0.58048,-0.7279999999999999,389.805281800743,310.81616755452654,7.142857142857143,230.47934930870048,3.0608078476769607,475.24441290311523,108.61160159025373,31.031886168643922,0.9881420705577548,0.998637040456658,0.984661958744091,0.984661958744091,0.984607324286179
5.0,50.0,3.5,800.0,30.0,175.0,226.27416997969527,0.58048,-0.7279999999999999,389.805281800743,310.81616755452654,16.666666666666668,307.30579907826734,7.255248231530577,647.9449314898679,144.815468787005,41.375848224858565,0.9880162368787393,0.9980515934101556,0.9862997134364886,0.9862997134364886,0.9814139272318243
5.0,50.0,3.5,800.0,50.0,175.0,226.27416997969527,0.58048,-0.7279999999999999,389.805281800743,310.81616755452654,10.0,307.30579907826734,7.255248231530577,634.6115981565347,144.815468787005,41.375848224858565,0.9881238411665512,0.998051088439162,0.9863735330054556,0.9863735330054556,0.9816972102161315
5.0,50.0,3.5,800.0,70.0,175.0,226.27416997969527,0.58048,-0.7279999999999999,389.805281800743,310.81616755452654,7.142857142857143,307.30579907826734,7.255248231530577,628.8973124422489,144.815468787005,41.375848224858565,0.9881648704964875,0.9980499467732595,0.9864058111626663,0.9864058111644445,0.9817979128855796
5.0,50.0,4.0,400.0,30.0,200.0,226.27416997969527,0.58048,-0.7279999999999999,389.805281800743,310.81616755452654,16.666666666666668,153.65289953913367,0.9069060289413221,340.63913241160066,72.4077343935025,18.101933598375624,0.9765272831641669,0.9996511966240491,0.9621787775198727,0.9621787775198727,0.9821003809928731
5.0,50.0,4.0,400.0,50.0,200.0,226.27416997969527,0.58048,-0.7279999999999999,389.805281800743,310.81616755452654,10.0,153.65289953913367,0.9069060289413221,327.30579907826734,72.4077343935025,18.101933598375624,0.9767445737441051,0.9996508811880257,0.962251866375107,0.962251866375107,0.9828236810381806
5.0,50.0,4.0,400.0,70.0,200.0,226.27416997969527,0.58048,-0.7279999999999999,389.805281800743,310.81616755452654,7.142857142857143,153.65289953913367,0.9069060289413221,321.5915133639816,72.4077343935025,18.101933598375624,0.9768159627510802,0.9996508217531326,0.9622829567251072,0.9622829567397395,0.9830471157863416
5.0,50.0,4.0,500.0,30.0,200.0,226.27416997969527,0.58048,-0.7279999999999999,389.805281800743,310.81616755452654,16.666666666666668,192.06612442391705,1.7713008377760187,417.4655821811674,90.5096679918781,22.627416997969526,0.9820282748550188,0.9994293974229834,0.9728967767972936,0.9728967768308933,0.9828901483689048
5.0,50.0,4.0,500.0,50.0,200.0,226.27416997969527,0.58048,-0.7279999999999999,389.805281800743,310.81616755452654,10.0,192.06612442391705,1.7713008377760187,404.1322488478341,90.5096679918781,22.627416997969526,0.9822120131076713,0.9994287127651664,0.9729717267769049,0.972971726778362,0.983475886110252
5.0,50.0,4.0,500.0,70.0,200.0,226.27416997969527,0.58048,-0.7279999999999999,389.805281800743,310.81616755452654,7.142857142857143,192.06612442391705,1.7713008377760187,398.41796313354837,90.5096679918781,22.627416997969526,0.9822728767484383,0.9994291622562073,0.9730009258728174,0.9730009258888599,0.9836604929758686
5.0,50.0,4.0,600.0,30.0,200.0,226.27416997969527,0.58048,-0.7279999999999999,389.805281800743,310.81616755452654,16.666666666666668,230.47934930870048,3.0608078476769607,494.29203195073427,108.61160159025373,27.15290039756343,0.9846666395689567,0.9992910825552546,0.9783675412843214,0.9783675412843214,0.9826403931519299
5.0,50.0,4.0,600.0,50.0,200.0,226.27416997969527,0.58048,-0.7279999999999999,389.805281800743,310.81616755452654,10.0,230.47934930870048,3.0608078476769607,480.95869861740096,108.61160159025373,27.15290039756343,0.9848178452032852,0.9992906247805657,0.9784409385298813,0.9784409385309754,0.9830988789717183
5.0,50.0,4.0,600.0,70.0,200.0,226.27416997969527,0.58048,-0.7279999999999999,389.805281800743,310.81616755452654,7.142857142857143,230.47934930870048,3.0608078476769607,475.24441290311523,108.61160159025373,27.15290039756343,0.9848706828993329,0.9992906593469467,0.9784723200709775,0.9784723200709775,0.9832474321084297
5.0,50.0,4.0,800.0,30.0,200.0,226.27416997969527,0.58048,-0.7279999999999999,389.805281800743,310.81616755452654,16.666666666666668,307.30579907826734,7.255248231530577,647.9449314898679,144.815468787005,36.20386719675125,0.986404340636838,0.999167309169581,0.9829037911888108,0.9829037911888108,0.9806424710001495
5.0,50.0,4.0,800.0,50.0,200.0,226.27416997969527,0.58048,-0.7279999999999999,389.805281800743,310.81616755452654,10.0,307.30579907826734,7.255248231530577,634.6115981565347,144.815468787005,36.20386719675125,0.9865109857028292,0.999167072917968,0.9829748700179163,0.9829748700179163,0.9809271298575162
5.0,50.0,4.0,800.0,70.0,200.0,226.27416997969527,0.58048,-0.7279999999999999,389.805281800743,310.81616755452654,7.142857142857143,307.30579907826734,7.255248231530577,628.8973124422489,144.815468787005,36.20386719675125,0.9865520354109971,0.9991668202348719,0.9830065118327806,0.9830065118327806,0.9810282977435553
5.0,60.0,3.0,400.0,30.0,180.0,226.27416997969527,0.58048,-0.7279999999999999,389.805281800743,310.81616755452654,16.666666666666668,106.70340245773176,0.3037209941316909,246.74013824879685,50.28314888437673,16.761049628125576,0.9849233711054801,0.9976570867712855,0.9773087194929255,0.9773087195162018,0.9874189586415076
5.0,60.0,3.0,400.0,50.0,180.0,226.27416997969527,0.58048,-0.7279999999999999,389.805281800743,310.81616755452654,10.0,106.70340245773176,0.3037209941316909,233.4068049154635,50.28314888437673,16.761049628125576,0.9851762848451706,0.9976571373256777,0.9773824967829918,0.9773824967982594,0.9882830084737536
5.0,60.0,3.0,400.0,70.0,180.0,226.27416997969527,0.58048,-0.7279999999999999,389.805281800743,310.81616755452654,7.142857142857143,106.70340245773176,0.3037209941316909,227.69251920117782,50.28314888437673,16.761049628125576,0.985257478443861,0.9976568130436572,0.9774141510979147,0.9774141511061643,0.9885447985277078
5.0,60.0,3.0,500.0,30.0,180.0,226.27416997969527,0.58048,-0.7279999999999999,389.805281800743,310.81616755452654,16.666666666666668,133.3792530721647,0.5932050666634587,300.0918394776627,62.85393610547091,20.951312035156967,0.9876001420854827,0.9970528609313394,0.9828974873644076,0.9828974873927679,0.9875527326534161
5.0,60.0,3.0,500.0,50.0,180.0,226.27416997969527,0.58048,-0.7279999999999999,389.805281800743,310.81616755452654,10.0,133.3792530721647,0.5932050666634587,286.75850614432943,62.85393610547091,20.951312035156967,0.987833606731813,0.9970519619814147,0.9829741165611686,0.9829741165632029,0.9883342318214661
5.0,60.0,3.0,500.0,70.0,180.0,226.27416997969527,0.58048,-0.7279999999999999,389.805281800743,310.81616755452654,7.142857142857143,133.3792530721647,0.5932050666634587,281.04422043004365,62.85393610547091,20.951312035156967,0.9879117942220155,0.99706707228949,0.9830036715806098,0.9830036715888366,0.9885727614291256
5.0,60.0,3.0,600.0,30.0,180.0,226.27416997969527,0.58048,-0.7279999999999999,389.805281800743,310.81616755452654,16.666666666666668,160.05510368659765,1.025058355194457,353.4435407065286,75.42472332656509,25.141574442188364,0.9886422006502452,0.9956092552739707,0.9858690741601943,0.9858690741601943,0.9872213990066216
5.0,60.0,3.0,600.0,50.0,180.0,226.27416997969527,0.58048,-0.7279999999999999,389.805281800743,310.81616755452654,10.0,160.05510368659765,1.025058355194457,340.1102073731953,75.42472332656509,25.141574442188364,0.9888540016369312,0.9956118376231753,0.9859466792375797,0.9859466792405818,0.9879108104463881
5.0,60.0,3.0,600.0,70.0,180.0,226.27416997969527,0.58048,-0.7279999999999999,389.805281800743,310.81616755452654,7.142857142857143,160.05510368659765,1.025058355194457,334.3959216589096,75.42472332656509,25.141574442188364,0.9889206636865576,0.9956107140188263,0.9859735002617316,0.9859735002617316,0.9881249402039409
5.0,60.0,3.0,800.0,30.0,180.0,226.27416997969527,0.58048,-0.7279999999999999,389.805281800743,310.81616755452654,16.666666666666668,213.4068049154635,2.429767953053527,460.14694316426034,100.56629776875346,33.52209925625115,0.9889838555106991,0.9933878399547182,0.9883616544903024,0.9883616544903024,0.9858242731074732
5.0,60.0,3.0,800.0,50.0,180.0,226.27416997969527,0.58048,-0.7279999999999999,389.805281800743,310.81616755452654,10.0,213.4068049154635,2.429767953053527,446.8136098309271,100.56629776875346,33.52209925625115,0.9891472815791189,0.993386921037982,0.9884364731186892,0.9884364731186892,0.9863292590411152
5.0,60.0,3.0,800.0,70.0,180.0,226.27416997969527,0.58048,-0.7279999999999999,389.805281800743,310.81616755452654,7.142857142857143,213.4068049154635,2.429767953053527,441.0993241166413,100.56629776875346,33.52209925625115,0.9892032679221927,0.9933865339595984,0.9884675261574156,0.9884675261574156,0.9864914854143413
5.0,60.0,3.5,400.0,30.0,210.0,226.27416997969527,0.58048,-0.7279999999999999,389.805281800743,310.81616755452654,16.666666666666668,106.70340245773176,0.3037209941316909,246.74013824879685,50.28314888437673,14.36661396696478,0.9747551400342922,0.9985717491544248,0.9583988261600649,0.9583988261600649,0.9836511586626144
5.0,60.0,3.5,400.0,50.0,210.0,226.27416997969527,0.58048,-0.7279999999999999,389.805281800743,310.81616755452654,10.0,106.70340245773176,0.3037209941316909,233.4068049154635,50.28314888437673,14.36661396696478,0.9750072309375833,0.9985721702521284,0.9584717239522784,0.9584717239522784,0.9845133055936481
5.0,60.0,3.5,400.0,70.0,210.0,226.27416997969527,0.58048,-0.7279999999999999,389.805281800743,310.81616755452654,7.142857142857143,106.70340245773176,0.3037209941316909,227.69251920117782,50.28314888437673,14.36661396696478,0.9750884672708788,0.9985719758454243,0.9585028303447234,0.9585028303621934,0.9847762325311743
5.0,60.0,3.5,500.0,30.0,210.0,226.27416997969527,0.58048,-0.7279999999999999,389.805281800743,310.81616755452654,16.666666666666668,133.3792530721647,0.5932050666634587,300.0918394776627,62.85393610547091,17.958267458705976,0.9815409404533331,0.9992940352282416,0.9709101382565672,0.9709101382903184,0.985049450038205
5.0,60.0,3.5,500.0,50.0,210.0,226.27416997969527,0.58048,-0.7279999999999999,389.805281800743,310.81616755452654,10.0,133.3792530721647,0.5932050666634587,286.75850614432943,62.85393610547091,17.958267458705976,0.9817744515250464,0.9992941726538516,0.9709859093654385,0.9709859093672923,0.9858318147136031
5.0,60.0,3.5,500.0,70.0,210.0,226.27416997969527,0.58048,-0.7279999999999999,389.805281800743,310.81616755452654,7.142857142857143,133.3792530721647,0.5932050666634587,281.04422043004365,62.85393610547091,17.958267458705976,0.9818487287932328,0.9992939966936805,0.9710150250763345,0.971015025085266,0.9860708683176502
5.0,60.0,3.5,600.0,30.0,210.0,226.27416997969527,0.58048,-0.7279999999999999,389.805281800743,310.81616755452654,16.666666666666668,160.05510368659765,1.025058355194457,353.4435407065286,75.42472332656509,21.54992095044717,0.9849434157250192,0.9990720678397755,0.9776288055392837,0.9776288055392837,0.985443983981734
5.0,60.0,3.5,600.0,50.0,210.0,226.27416997969527,0.58048,-0.7279999999999999,389.805281800743,310.81616755452654,10.0,160.05510368659765,1.025058355194457,340.1102073731953,75.42472332656509,21.54992095044717,0.9851533621190348,0.9990720465978695,0.9777023929680468,0.9777023929770263,0.9861366159331966
5.0,60.0,3.5,600.0,70.0,210.0,226.27416997969527,0.58048,-0.7279999999999999,389.805281800743,310.81616755452654,7.142857142857143,160.05510368659765,1.025058355194457,334.3959216589096,75.42472332656509,21.54992095044717,0.9852226105927853,0.9990716526469989,0.9777330740453261,0.9777330740453261,0.98635264163349
5.0,60.0,3.5,800.0,30.0,210.0,226.27416997969527,0.58048,-0.7279999999999999,389.805281800743,310.81616755452654,16.666666666666668,213.4068049154635,2.429767953053527,460.14694316426034,100.56629776875346,28.73322793392956,0.987712861438174,0.9984346358907563,0.9838068673693618,0.9838068673693618,0.9848030751232162
5.0,60.0,3.5,800.0,50.0,210.0,226.27416997969527,0.58048,-0.7279999999999999,389.805281800743,310.81616755452654,10.0,213.4068049154635,2.429767953053527,446.8136098309271,100.56629776875346,28.73322793392956,0.9878769134013938,0.9984336111925005,0.9838813390587872,0.9838813390587872,0.9853113642955008
5.0,60.0,3.5,800.0,70.0,210.0,226.27416997969527,0.58048,-0.7279999999999999,389.805281800743,310.81616755452654,7.142857142857143,213.4068049154635,2.429767953053527,441.0993241166413,100.56629776875346,28.73322793392956,0.9879332475503753,0.9984339979324928,0.9839122495789678,0.9839122495789678,0.9854744931110724
5.0,60.0,4.0,400.0,30.0,240.0,226.27416997969527,0.58048,-0.7279999999999999,389.805281800743,310.81616755452654,16.666666666666668,106.70340245773176,0.3037209941316909,246.74013824879685,50.28314888437673,12.570787221094182,0.957184082036034,0.9997283709657632,0.9258714212884651,0.9258714212884651,0.9772651146014427
5.0,60.0,4.0,400.0,50.0,240.0,226.27416997969527,0.58048,-0.7279999999999999,389.805281800743,310.81616755452654,10.0,106.70340245773176,0.3037209941316909,233.4068049154635,50.28314888437673,12.570787221094182,0.9574367392714731,0.9997292019164201,0.9259413888665532,0.9259413888665532,0.9781349774363659
5.0,60.0,4.0,400.0,70.0,240.0,226.27416997969527,0.58048,-0.7279999999999999,389.805281800743,310.81616755452654,7.142857142857143,106.70340245773176,0.3037209941316909,227.69251920117782,50.28314888437673,12.570787221094182,0.9575161687407652,0.99972912646016,0.9259712764515877,0.9259712764515877,0.9783929955997249
5.0,60.0,4.0,500.0,30.0,240.0,226.27416997969527,0.58048,-0.7279999999999999,389.805281800743,310.81616755452654,16.666666666666668,133.3792530721647,0.5932050666634587,300.0918394776627,62.85393610547091,15.713484026367727,0.9704874553878159,0.9996296891282354,0.950711439833035,0.9507114398872686,0.9808972527027244
5.0,60.0,4.0,500.0,50.0,240.0,226.27416997969527,0.58048,-0.7279999999999999,389.805281800743,310.81616755452654,10.0,133.3792530721647,0.5932050666634587,286.75850614432943,62.85393610547091,15.713484026367727,0.9707204785991043,0.9996277568858964,0.9507832807299008,0.9507832807605332,0.9816875960200866
5.0,60.0,4.0,500.0,70.0,240.0,226.27416997969527,0.58048,-0.7279999999999999,389.805281800743,310.81616755452654,7.142857142857143,133.3792530721647,0.5932050666634587,281.04422043004365,62.85393610547091,15.713484026367727,0.970796391340623,0.9996266995939257,0.9508140937039593,0.9508140937196832,0.9819306783449235
5.0,60.0,4.0,600.0,30.0,240.0,226.27416997969527,0.58048,-0.7279999999999999,389.805281800743,310.81616755452654,16.666666666666668,160.05510368659765,1.025058355194457,353.4435407065286,75.42472332656509,18.85618083164127,0.9774713134824315,0.9994446800624265,0.9639498926728747,0.9639498926764622,0.9825407885179629
5.0,60.0,4.0,600.0,50.0,240.0,226.27416997969527,0.58048,-0.7279999999999999,389.805281800743,310.81616755452654,10.0,160.05510368659765,1.025058355194457,340.1102073731953,75.42472332656509,18.85618083164127,0.9776832179465131,0.9994442342250186,0.9640242135057153,0.9640242135093586,0.9832402105459597
5.0,60.0,4.0,600.0,70.0,240.0,226.27416997969527,0.58048,-0.7279999999999999,389.805281800743,310.81616755452654,7.142857142857143,160.05510368659765,1.025058355194457,334.3959216589096,75.42472332656509,18.85618083164127,0.9777510989254192,0.9994441811735595,0.9640516177589616,0.9640516177589616,0.9834569790101944
5.0,60.0,4.0,800.0,30.0,240.0,226.27416997969527,0.58048,-0.7279999999999999,389.805281800743,310.81616755452654,16.666666666666668,213.4068049154635,2.429767953053527,460.14694316426034,100.56629776875346,25.141574442188364,0.9837991169782416,0.9992530997501159,0.9763900160184267,0.9763900160184267,0.983163336125997
5.0,60.0,4.0,800.0,50.0,240.0,226.27416997969527,0.58048,-0.7279999999999999,389.805281800743,310.81616755452654,10.0,213.4068049154635,2.429767953053527,446.8136098309271,100.56629776875346,25.141574442188364,0.9839646366861803,0.9992531971861095,0.9764644875034412,0.9764644875034412,0.9836763745517292
5.0,60.0,4.0,800.0,70.0,240.0,226.27416997969527,0.58048,-0.7279999999999999,389.805281800743,310.81616755452654,7.142857142857143,213.4068049154635,2.429767953053527,441.0993241166413,100.56629776875346,25.141574442188364,0.9840207847014073,0.9992528957012579,0.9764946032127755,0.9764946032127755,0.9838410366788204
5.5,40.0,3.0,400.0,30.0,120.0,170.0031329674645,0.3276658269176167,-0.41093702107914976,518.8308300767889,413.6963190150749,16.666666666666668,240.08265552989639,3.4595719487812895,513.4986443931261,85.00156648373225,28.333855494577417,0.987125612852564,0.9954631413674884,0.984888347971316,0.9848883479861698,0.9832626140852816
5.5,40.0,3.0,400.0,50.0,120.0,170.0031329674645,0.3276658269176167,-0.41093702107914976,518.8308300767889,413.6963190150749,10.0,240.08265552989639,3.4595719487812895,500.16531105979277,85.00156648373225,28.333855494577417,0.9872500487661181,0.9954655764990108,0.9849624899869283,0.9849624899904841,0.9836096385880493
5.5,40.0,3.0,400.0,70.0,120.0,170.0031329674645,0.3276658269176167,-0.41093702107914976,518.8308300767889,413.6963190150749,7.142857142857143,240.08265552989639,3.4595719487812895,494.45102534550705,85.00156648373225,28.333855494577417,0.98729477031682,0.9954638995832905,0.9849935279367783,0.9849935279415629,0.9837281258056483
5.5,40.0,3.0,500.0,30.0,120.0,170.0031329674645,0.3276658269176167,-0.41093702107914976,518.8308300767889,413.6963190150749,16.666666666666668,300.1033194123704,6.756976462463451,633.5399721580741,106.2519581046653,35.41731936822177,0.9867054247262758,0.9937146471167164,0.9859898845178053,0.9859898845258456,0.9811272827447357
5.5,40.0,3.0,500.0,50.0,120.0,170.0031329674645,0.3276658269176167,-0.41093702107914976,518.8308300767889,413.6963190150749,10.0,300.1033194123704,6.756976462463451,620.2066388247408,106.2519581046653,35.41731936822177,0.986818904034551,0.9937125023076443,0.9860635316137136,0.9860635316182262,0.9814360505986197
5.5,40.0,3.0,500.0,70.0,120.0,170.0031329674645,0.3276658269176167,-0.41093702107914976,518.8308300767889,413.6963190150749,7.142857142857143,300.1033194123704,6.756976462463451,614.492353110455,106.2519581046653,35.41731936822177,0.9868618664309854,0.9937123737120945,0.9860955270666845,0.9860955270666845,0.981544037878478
5.5,40.0,3.0,600.0,30.0,120.0,170.0031329674645,0.3276658269176167,-0.41093702107914976,518.8308300767889,413.6963190150749,16.666666666666668,360.1239832948445,11.676055327136849,753.5812999230224,127.50234972559838,42.500783241866124,0.9858021855350378,0.9925379149045309,0.9859941244061118,0.9859941244061118,0.9786825784233971
5.5,40.0,3.0,600.0,50.0,120.0,170.0031329674645,0.3276658269176167,-0.41093702107914976,518.8308300767889,413.6963190150749,10.0,360.1239832948445,11.676055327136849,740.2479665896891,127.50234972559838,42.500783241866124,0.9859048070443346,0.9925391543018529,0.9860626703057113,0.9860626703057113,0.9789547332640629
5.5,40.0,3.0,600.0,70.0,120.0,170.0031329674645,0.3276658269176167,-0.41093702107914976,518.8308300767889,413.6963190150749,7.142857142857143,360.1239832948445,11.676055327136849,734.5336808754033,127.50234972559838,42.500783241866124,0.9859441223541678,0.9925353010445899,0.9860946712671326,0.9860946712671326,0.9790518458378161
5.5,40.0,3.0,800.0,30.0,120.0,170.0031329674645,0.3276658269176167,-0.41093702107914976,518.8308300767889,413.6963190150749,16.666666666666668,480.16531105979277,27.676575590250316,993.6639554529189,170.0031329674645,56.667710989154834,0.9834155236486679,0.9911972848237187,0.9845608118166265,0.9845608118166265,0.9733431861377
5.5,40.0,3.0,800.0,50.0,120.0,170.0031329674645,0.3276658269176167,-0.41093702107914976,518.8308300767889,413.6963190150749,10.0,480.16531105979277,27.676575590250316,980.3306221195855,170.0031329674645,56.667710989154834,0.9835037926610497,0.991196274348491,0.9846336545568858,0.9846336545568858,0.9735515871819366
5.5,40.0,3.0,800.0,70.0,120.0,170.0031329674645,0.3276658269176167,-0.41093702107914976,518.8308300767889,413.6963190150749,7.142857142857143,480.16531105979277,27.676575590250316,974.6163364052998,170.0031329674645,56.667710989154834,0.9835397964420738,0.9911957162749536,0.9846658814353582,0.9846658814353582,0.9736317066226254
5.5,40.0,3.5,400.0,30.0,140.0,170.0031329674645,0.3276658269176167,-0.41093702107914976,518.8308300767889,413.6963190150749,16.666666666666668,240.08265552989639,3.4595719487812895,513.4986443931261,85.00156648373225,24.286161852494928,0.9845033010182422,0.9989943899915978,0.9785624867893623,0.9785624867893623,0.9818938405026464
5.5,40.0,3.5,400.0,50.0,140.0,170.0031329674645,0.3276658269176167,-0.41093702107914976,518.8308300767889,413.6963190150749,10.0,240.08265552989639,3.4595719487812895,500.16531105979277,85.00156648373225,24.286161852494928,0.9846276079310158,0.998994750239868,0.9786367347853759,0.9786367347853759,0.9822422119134433
5.5,40.0,3.5,400.0,70.0,140.0,170.0031329674645,0.3276658269176167,-0.41093702107914976,518.8308300767889,413.6963190150749,7.142857142857143,240.08265552989639,3.4595719487812895,494.45102534550705,85.00156648373225,24.286161852494928,0.9846730925771395,0.9989944034898035,0.978668411185406,0.9786684111871624,0.9823611444461863
5.5,40.0,3.5,500.0,30.0,140.0,170.0031329674645,0.3276658269176167,-0.41093702107914976,518.8308300767889,413.6963190150749,16.666666666666668,300.1033194123704,6.756976462463451,633.5399721580741,106.2519581046653,30.357702315618663,0.9856711160979786,0.9985011903790811,0.9819751289840539,0.9819751289942127,0.9802330160345669
5.5,40.0,3.5,500.0,50.0,140.0,170.0031329674645,0.3276658269176167,-0.41093702107914976,518.8308300767889,413.6963190150749,10.0,300.1033194123704,6.756976462463451,620.2066388247408,106.2519581046653,30.357702315618663,0.9857848306590411,0.9985008715555745,0.982048426104597,0.982048426104597,0.9805415988713957
5.5,40.0,3.5,500.0,70.0,140.0,170.0031329674645,0.3276658269176167,-0.41093702107914976,518.8308300767889,413.6963190150749,7.142857142857143,300.1033194123704,6.756976462463451,614.492353110455,106.2519581046653,30.357702315618663,0.9858278231905828,0.9985005975474222,0.9820802877754533,0.9820802877754533,0.9806501196640023
5.5,40.0,3.5,600.0,30.0,140.0,170.0031329674645,0.3276658269176167,-0.41093702107914976,518.8308300767889,413.6963190150749,16.666666666666668,360.1239832948445,11.676055327136849,753.5812999230224,127.50234972559838,36.42924277874239,0.9856550003403527,0.998122308999353,0.9832222520728773,0.9832222520728773,0.9780531882163033
5.5,40.0,3.5,600.0,50.0,140.0,170.0031329674645,0.3276658269176167,-0.41093702107914976,518.8308300767889,413.6963190150749,10.0,360.1239832948445,11.676055327136849,740.2479665896891,127.50234972559838,36.42924277874239,0.9857601139132368,0.9981219069316369,0.9832961819115197,0.9832961819115197,0.9783261848982708
5.5,40.0,3.5,600.0,70.0,140.0,170.0031329674645,0.3276658269176167,-0.41093702107914976,518.8308300767889,413.6963190150749,7.142857142857143,360.1239832948445,11.676055327136849,734.5336808754033,127.50234972559838,36.42924277874239,0.985800057046114,0.9981206392999411,0.9833280267011406,0.9833280267011406,0.9784235354822334
5.5,40.0,3.5,800.0,30.0,140.0,170.0031329674645,0.3276658269176167,-0.41093702107914976,518.8308300767889,413.6963190150749,16.666666666666668,480.16531105979277,27.676575590250316,993.6639554529189,170.0031329674645,48.572323704989856,0.9841722066108495,0.9976598943809905,0.9830216889906276,0.9830216889906276,0.9729855540811523
5.5,40.0,3.5,800.0,50.0,140.0,170.0031329674645,0.3276658269176167,-0.41093702107914976,518.8308300767889,413.6963190150749,10.0,480.16531105979277,27.676575590250316,980.3306221195855,170.0031329674645,48.572323704989856,0.9842614415513579,0.997659481051721,0.9830960360260519,0.9830960360260519,0.9731942131016067
5.5,40.0,3.5,800.0,70.0,140.0,170.0031329674645,0.3276658269176167,-0.41093702107914976,518.8308300767889,413.6963190150749,7.142857142857143,480.16531105979277,27.676575590250316,974.6163364052998,170.0031329674645,48.572323704989856,0.9842985866313164,0.9976594500461907,0.9831282238260759,0.9831282238260759,0.9732784488269229
5.5,40.0,4.0,400.0,30.0,160.0,170.0031329674645,0.3276658269176167,-0.41093702107914976,518.8308300767889,413.6963190150749,16.666666666666668,240.08265552989639,3.4595719487812895,513.4986443931261,85.00156648373225,21.250391620933062,0.9788314592494358,0.9994063179701338,0.9681277127324853,0.9681277127479282,0.979664093547196
5.5,40.0,4.0,400.0,50.0,160.0,170.0031329674645,0.3276658269176167,-0.41093702107914976,518.8308300767889,413.6963190150749,10.0,240.08265552989639,3.4595719487812895,500.16531105979277,85.00156648373225,21.250391620933062,0.9789549627150794,0.9994058943567146,0.9681999510496082,0.9681999510592545,0.9800140543947404
5.5,40.0,4.0,400.0,70.0,160.0,170.0031329674645,0.3276658269176167,-0.41093702107914976,518.8308300767889,413.6963190150749,7.142857142857143,240.08265552989639,3.4595719487812895,494.45102534550705,85.00156648373225,21.250391620933062,0.9790001389795537,0.9994057861065773,0.968231373795412,0.9682313738028202,0.9801320222134055
5.5,40.0,4.0,500.0,30.0,160.0,170.0031329674645,0.3276658269176167,-0.41093702107914976,518.8308300767889,413.6963190150749,16.666666666666668,300.1033194123704,6.756976462463451,633.5399721580741,106.2519581046653,26.562989526166326,0.9822344693480484,0.9992417056878495,0.9754510618104473,0.9754510618104473,0.9787940480834494
5.5,40.0,4.0,500.0,50.0,160.0,170.0031329674645,0.3276658269176167,-0.41093702107914976,518.8308300767889,413.6963190150749,10.0,300.1033194123704,6.756976462463451,620.2066388247408,106.2519581046653,26.562989526166326,0.9823475558405179,0.9992413945400652,0.9755220407043189,0.9755220407118645,0.9791047474058228
5.5,40.0,4.0,500.0,70.0,160.0,170.0031329674645,0.3276658269176167,-0.41093702107914976,518.8308300767889,413.6963190150749,7.142857142857143,300.1033194123704,6.756976462463451,614.492353110455,106.2519581046653,26.562989526166326,0.9823927414018857,0.9992413403205729,0.9755545373389383,0.9755545373389383,0.9792205506090934
5.5,40.0,4.0,600.0,30.0,160.0,170.0031329674645,0.3276658269176167,-0.41093702107914976,518.8308300767889,413.6963190150749,16.666666666666668,360.1239832948445,11.676055327136849,753.5812999230224,127.50234972559838,31.875587431399595,0.9834394467956692,0.9991576006604415,0.9787741981217607,0.9787741981217607,0.9770517902787141
5.5,40.0,4.0,600.0,50.0,160.0,170.0031329674645,0.3276658269176167,-0.41093702107914976,518.8308300767889,413.6963190150749,10.0,360.1239832948445,11.676055327136849,740.2479665896891,127.50234972559838,31.875587431399595,0.9835423244465636,0.9991578114844106,0.9788425986850349,0.9788425986850349,0.9773262889317742
5.5,40.0,4.0,600.0,70.0,160.0,170.0031329674645,0.3276658269176167,-0.41093702107914976,518.8308300767889,413.6963190150749,7.142857142857143,360.1239832948445,11.676055327136849,734.5336808754033,127.50234972559838,31.875587431399595,0.9835829748064288,0.999157632834735,0.9788751053189386,0.9788751053189386,0.9774240557531028
5.5,40.0,4.0,800.0,30.0,160.0,170.0031329674645,0.3276658269176167,-0.41093702107914976,518.8308300767889,413.6963190150749,16.666666666666668,480.16531105979277,27.676575590250316,993.6639554529189,170.0031329674645,42.500783241866124,0.9831625045645562,0.9990697673717277,0.9805787710984237,0.9805787710984237,0.9724227086896495
5.5,40.0,4.0,800.0,50.0,160.0,170.0031329674645,0.3276658269176167,-0.41093702107914976,518.8308300767889,413.6963190150749,10.0,480.16531105979277,27.676575590250316,980.3306221195855,170.0031329674645,42.500783241866124,0.9832518615444399,0.9990696095584028,0.9806530621823358,0.9806530621823358,0.9726317122546848
5.5,40.0,4.0,800.0,70.0,160.0,170.0031329674645,0.3276658269176167,-0.41093702107914976,518.8308300767889,413.6963190150749,7.142857142857143,480.16531105979277,27.676575590250316,974.6163364052998,170.0031329674645,42.500783241866124,0.9832881428982447,0.9990695420720599,0.9806853227265556,0.9806853227265556,0.9727123840678077
5.5,50.0,3.0,400.0,30.0,150.0,170.0031329674645,0.3276658269176167,-0.41093702107914976,518.8308300767889,413.6963190150749,16.666666666666668,153.65289953913367,0.9069060289413221,340.63913241160066,54.40100254958864,18.133667516529545,0.9845696995544113,0.9972403278649915,0.9776287094649477,0.9776287094708522,0.9857810514168537
5.5,50.0,3.0,400.0,50.0,150.0,170.0031329674645,0.3276658269176167,-0.41093702107914976,518.8308300767889,413.6963190150749,10.0,153.65289953913367,0.9069060289413221,327.30579907826734,54.40100254958864,18.133667516529545,0.984705591931081,0.9972396403580324,0.9777042969980807,0.9777042969980807,0.9861741333701302
5.5,50.0,3.0,400.0,70.0,150.0,170.0031329674645,0.3276658269176167,-0.41093702107914976,518.8308300767889,413.6963190150749,7.142857142857143,153.65289953913367,0.9069060289413221,321.5915133639816,54.40100254958864,18.133667516529545,0.9847550420622999,0.9972391840644439,0.9777376730557545,0.9777376730576495,0.9863056380713517
5.5,50.0,3.0,500.0,30.0,150.0,170.0031329674645,0.3276658269176167,-0.41093702107914976,518.8308300767889,413.6963190150749,16.666666666666668,192.06612442391705,1.7713008377760187,417.4655821811674,68.00125318698579,22.667084395661934,0.9864962616194186,0.9955546760389702,0.9825735106935815,0.9825735107093285,0.9852833490357943
5.5,50.0,3.0,500.0,50.0,150.0,170.0031329674645,0.3276658269176167,-0.41093702107914976,518.8308300767889,413.6963190150749,10.0,192.06612442391705,1.7713008377760187,404.1322488478341,68.00125318698579,22.667084395661934,0.9866253808366003,0.9955517530693277,0.9826460641590149,0.9826460641590149,0.9856576419590437
5.5,50.0,3.0,500.0,70.0,150.0,170.0031329674645,0.3276658269176167,-0.41093702107914976,518.8308300767889,413.6963190150749,7.142857142857143,192.06612442391705,1.7713008377760187,398.41796313354837,68.00125318698579,22.667084395661934,0.9866735752900142,0.9955529466447584,0.9826786302301656,0.9826786302373092,0.985784094047824
5.5,50.0,3.0,600.0,30.0,150.0,170.0031329674645,0.3276658269176167,-0.41093702107914976,518.8308300767889,413.6963190150749,16.666666666666668,230.47934930870048,3.0608078476769607,494.29203195073427,81.60150382438295,27.20050127479432,0.9870707845896916,0.9940885528791237,0.9849720449806274,0.9849720449806274,0.9842504955183875
5.5,50.0,3.0,600.0,50.0,150.0,170.0031329674645,0.3276658269176167,-0.41093702107914976,518.8308300767889,413.6963190150749,10.0,230.47934930870048,3.0608078476769607,480.95869861740096,81.60150382438295,27.20050127479432,0.9871958878160784,0.9940870575394025,0.9850460343101107,0.9850460343101107,0.9846044251046895
5.5,50.0,3.0,600.0,70.0,150.0,170.0031329674645,0.3276658269176167,-0.41093702107914976,518.8308300767889,413.6963190150749,7.142857142857143,230.47934930870048,3.0608078476769607,475.24441290311523,81.60150382438295,27.20050127479432,0.987241052145948,0.9940865825838432,0.985076631163236,0.985076631163236,0.9847243636734767
5.5,50.0,3.0,800.0,30.0,150.0,170.0031329674645,0.3276658269176167,-0.41093702107914976,518.8308300767889,413.6963190150749,16.666666666666668,307.30579907826734,7.255248231530577,647.9449314898679,108.80200509917728,36.26733503305909,0.9866841583574835,0.9922597679115339,0.9865235837705091,0.9865235837705091,0.9814296979773817
5.5,50.0,3.0,800.0,50.0,150.0,170.0031329674645,0.3276658269176167,-0.41093702107914976,518.8308300767889,413.6963190150749,10.0,307.30579907826734,7.255248231530577,634.6115981565347,108.80200509917728,36.26733503305909,0.9867966708440745,0.99225779931995,0.9865974537207083,0.9865974537207083,0.9817339766149317
5.5,50.0,3.0,800.0,70.0,150.0,170.0031329674645,0.3276658269176167,-0.41093702107914976,518.8308300767889,413.6963190150749,7.142857142857143,307.30579907826734,7.255248231530577,628.8973124422489,108.80200509917728,36.26733503305909,0.9868393813601768,0.9922573143645963,0.9866296500843468,0.9866296500843468,0.9818409109074171
5.5,50.0,3.5,400.0,30.0,175.0,170.0031329674645,0.3276658269176167,-0.41093702107914976,518.8308300767889,413.6963190150749,16.666666666666668,153.65289953913367,0.9069060289413221,340.63913241160066,54.40100254958864,15.543143585596754,0.9759541424849977,0.9992445878395613,0.9611033723367124,0.9611033723417493,0.9823652374219679
5.5,50.0,3.5,400.0,50.0,175.0,170.0031329674645,0.3276658269176167,-0.41093702107914976,518.8308300767889,413.6963190150749,10.0,153.65289953913367,0.9069060289413221,327.30579907826734,54.40100254958864,15.543143585596754,0.9760913433365226,0.9992444917139571,0.9611805727875938,0.9611805727875938,0.9827597360569454
5.5,50.0,3.5,400.0,70.0,175.0,170.0031329674645,0.3276658269176167,-0.41093702107914976,518.8308300767889,413.6963190150749,7.142857142857143,153.65289953913367,0.9069060289413221,321.5915133639816,54.40100254958864,15.543143585596754,0.9761393265844682,0.9992443318280116,0.9612124465827392,0.9612124465845217,0.9828880813426004
5.5,50.0,3.5,500.0,30.0,175.0,170.0031329674645,0.3276658269176167,-0.41093702107914976,518.8308300767889,413.6963190150749,16.666666666666668,192.06612442391705,1.7713008377760187,417.4655821811674,68.00125318698579,19.428929481995944,0.9816162616981593,0.9990407358325786,0.972185546678896,0.9721855467022769,0.9830532175788858
5.5,50.0,3.5,500.0,50.0,175.0,170.0031329674645,0.3276658269176167,-0.41093702107914976,518.8308300767889,413.6963190150749,10.0,192.06612442391705,1.7713008377760187,404.1322488478341,68.00125318698579,19.428929481995944,0.9817498445933736,0.9990399370897034,0.972266541071896,0.972266541071896,0.9834263591399988
5.5,50.0,3.5,500.0,70.0,175.0,170.0031329674645,0.3276658269176167,-0.41093702107914976,518.8308300767889,413.6963190150749,7.142857142857143,192.06612442391705,1.7713008377760187,398.41796313354837,68.00125318698579,19.428929481995944,0.9817948219450578,0.9990410034587831,0.9722918595261426,0.9722918595261426,0.9835545652691631
5.5,50.0,3.5,600.0,30.0,175.0,170.0031329674645,0.3276658269176167,-0.41093702107914976,518.8308300767889,413.6963190150749,16.666666666666668,230.47934930870048,3.0608078476769607,494.29203195073427,81.60150382438295,23.314715378395128,0.9842636182024482,0.99863737017661,0.9778655338475024,0.9778655338475024,0.9826860349381783
5.5,50.0,3.5,600.0,50.0,175.0,170.0031329674645,0.3276658269176167,-0.41093702107914976,518.8308300767889,413.6963190150749,10.0,230.47934930870048,3.0608078476769607,480.95869861740096,81.60150382438295,23.314715378395128,0.9843887610561399,0.99863633959447,0.9779391858615265,0.9779391858615265,0.9830403329070369
5.5,50.0,3.5,600.0,70.0,175.0,170.0031329674645,0.3276658269176167,-0.41093702107914976,518.8308300767889,413.6963190150749,7.142857142857143,230.47934930870048,3.0608078476769607,475.24441290311523,81.60150382438295,23.314715378395128,0.9844345318993444,0.998637040456658,0.9779702068033292,0.9779702068033292,0.9831606735340612
5.5,50.0,3.5,800.0,30.0,175.0,170.0031329674645,0.3276658269176167,-0.41093702107914976,518.8308300767889,413.6963190150749,16.666666666666668,307.30579907826734,7.255248231530577,647.9449314898679,108.80200509917728,31.086287171193508,0.9859555689051486,0.9980515934101556,0.9826148694834851,0.9826148694834851,0.9805409432434685
5.5,50.0,3.5,800.0,50.0,175.0,170.0031329674645,0.3276658269176167,-0.41093702107914976,518.8308300767889,413.6963190150749,10.0,307.30579907826734,7.255248231530577,634.6115981565347,108.80200509917728,31.086287171193508,0.9860687457811572,0.998051088439162,0.982688474138752,0.982688474138752,0.980846946407963
5.5,50.0,3.5,800.0,70.0,175.0,170.0031329674645,0.3276658269176167,-0.41093702107914976,518.8308300767889,413.6963190150749,7.142857142857143,307.30579907826734,7.255248231530577,628.8973124422489,108.80200509917728,31.086287171193508,0.9861112617559749,0.9980499467732595,0.9827205418390264,0.9827205418390264,0.980954016572587
5.5,50.0,4.0,400.0,30.0,200.0,170.0031329674645,0.3276658269176167,-0.41093702107914976,518.8308300767889,413.6963190150749,16.666666666666668,153.65289953913367,0.9069060289413221,340.63913241160066,54.40100254958864,13.60025063739716,0.9606004175413257,0.9996511966240491,0.9330317873762889,0.9330317873805232,0.9766868987844418
5.5,50.0,4.0,400.0,50.0,200.0,170.0031329674645,0.3276658269176167,-0.41093702107914976,518.8308300767889,413.6963190150749,10.0,153.65289953913367,0.9069060289413221,327.30579907826734,54.40100254958864,13.60025063739716,0.9607317524790849,0.9996508811880257,0.9330986991181103,0.9330986991181103,0.9770787304920936
5.5,50.0,4.0,400.0,70.0,200.0,170.0031329674645,0.3276658269176167,-0.41093702107914976,518.8308300767889,413.6963190150749,7.142857142857143,153.65289953913367,0.9069060289413221,321.5915133639816,54.40100254958864,13.60025063739716,0.9607784203299247,0.9996508217531326,0.9331264254687204,0.9331264254845537,0.9772100086132919
5.5,50.0,4.0,500.0,30.0,200.0,170.0031329674645,0.3276658269176167,-0.41093702107914976,518.8308300767889,413.6963190150749,16.666666666666668,192.06612442391705,1.7713008377760187,417.4655821811674,68.00125318698579,17.000313296746448,0.9721413296510628,0.9994293974229834,0.9548619661004041,0.9548619661289661,0.9794119889518977
5.5,50.0,4.0,500.0,50.0,200.0,170.0031329674645,0.3276658269176167,-0.41093702107914976,518.8308300767889,413.6963190150749,10.0,192.06612442391705,1.7713008377760187,404.1322488478341,68.00125318698579,17.000313296746448,0.9722720642326022,0.9994287127651664,0.9549359807261785,0.9549359807291462,0.9797875827099174
5.5,50.0,4.0,500.0,70.0,200.0,170.0031329674645,0.3276658269176167,-0.41093702107914976,518.8308300767889,413.6963190150749,7.142857142857143,192.06612442391705,1.7713008377760187,398.41796313354837,68.00125318698579,17.000313296746448,0.9723178065863174,0.9994291622562073,0.9549641655945742,0.9549641656050325,0.9799137328894558
5.5,50.0,4.0,600.0,30.0,200.0,170.0031329674645,0.3276658269176167,-0.41093702107914976,518.8308300767889,413.6963190150749,16.666666666666668,230.47934930870048,3.0608078476769607,494.29203195073427,81.60150382438295,20.400375956095736,0.9779481409902586,0.9992910825552546,0.9661708987283595,0.9661708987283595,0.980159683949061
5.5,50.0,4.0,600.0,50.0,200.0,170.0031329674645,0.3276658269176167,-0.41093702107914976,518.8308300767889,413.6963190150749,10.0,230.47934930870048,3.0608078476769607,480.95869861740096,81.60150382438295,20.400375956095736,0.9780735815695771,0.9992906247805657,0.9662437670082178,0.9662437670096847,0.9805161674798404
5.5,50.0,4.0,600.0,70.0,200.0,170.0031329674645,0.3276658269176167,-0.41093702107914976,518.8308300767889,413.6963190150749,7.142857142857143,230.47934930870048,3.0608078476769607,475.24441290311523,81.60150382438295,20.400375956095736,0.9781189773327975,0.9992906593469467,0.9662743630565909,0.9662743630565909,0.9806365238710617
5.5,50.0,4.0,800.0,30.0,200.0,170.0031329674645,0.3276658269176167,-0.41093702107914976,518.8308300767889,413.6963190150749,16.666666666666668,307.30579907826734,7.255248231530577,647.9449314898679,108.80200509917728,27.20050127479432,0.9827224244079918,0.999167309169581,0.9762971146104004,0.9762971146104004,0.9791281592415855
5.5,50.0,4.0,800.0,50.0,200.0,170.0031329674645,0.3276658269176167,-0.41093702107914976,518.8308300767889,413.6963190150749,10.0,307.30579907826734,7.255248231530577,634.6115981565347,108.80200509917728,27.20050127479432,0.9828337553094462,0.999167072917968,0.9763664068331304,0.9763664068331304,0.9794351346535559
5.5,50.0,4.0,800.0,70.0,200.0,170.0031329674645,0.3276658269176167,-0.41093702107914976,518.8308300767889,413.6963190150749,7.142857142857143,307.30579907826734,7.255248231530577,628.8973124422489,108.80200509917728,27.20050127479432,0.9828764720237423,0.9991668202348719,0.9763981370133608,0.9763981370133608,0.979542793833376
5.5,60.0,3.0,400.0,30.0,180.0,170.0031329674645,0.3276658269176167,-0.41093702107914976,518.8308300767889,413.6963190150749,16.666666666666668,106.70340245773176,0.3037209941316909,246.74013824879685,37.77847399276989,12.592824664256629,0.9760031150454782,0.9976570867712855,0.9607853496087697,0.9607853496087697,0.9847846741930878
5.5,60.0,3.0,400.0,50.0,180.0,170.0031329674645,0.3276658269176167,-0.41093702107914976,518.8308300767889,413.6963190150749,10.0,106.70340245773176,0.3037209941316909,233.4068049154635,37.77847399276989,12.592824664256629,0.976141703397728,0.9976571373256777,0.9608575349750497,0.9608575349750497,0.9851946063151352
5.5,60.0,3.0,400.0,70.0,180.0,170.0031329674645,0.3276658269176167,-0.41093702107914976,518.8308300767889,413.6963190150749,7.142857142857143,106.70340245773176,0.3037209941316909,227.69251920117782,37.77847399276989,12.592824664256629,0.9761928304456496,0.9976568130436572,0.9608917451091978,0.9608917451091978,0.9853310185205457
5.5,60.0,3.0,500.0,30.0,180.0,170.0031329674645,0.3276658269176167,-0.41093702107914976,518.8308300767889,413.6963190150749,16.666666666666668,133.3792530721647,0.5932050666634587,300.0918394776627,47.22309249096236,15.741030830320785,0.9819164305013063,0.9970528609313394,0.9723461505460509,0.9723461505683391,0.9859205599594958
5.5,60.0,3.0,500.0,50.0,180.0,170.0031329674645,0.3276658269176167,-0.41093702107914976,518.8308300767889,413.6963190150749,10.0,133.3792530721647,0.5932050666634587,286.75850614432943,47.22309249096236,15.741030830320785,0.9820536219518716,0.9970519619814147,0.9724200846927091,0.972420084702643,0.98632235643072
5.5,60.0,3.0,500.0,70.0,180.0,170.0031329674645,0.3276658269176167,-0.41093702107914976,518.8308300767889,413.6963190150749,7.142857142857143,133.3792530721647,0.5932050666634587,281.04422043004365,47.22309249096236,15.741030830320785,0.9821063316295102,0.99706707228949,0.9724511736082261,0.9724511736158874,0.9864559070044372
5.5,60.0,3.0,600.0,30.0,180.0,170.0031329674645,0.3276658269176167,-0.41093702107914976,518.8308300767889,413.6963190150749,16.666666666666668,160.05510368659765,1.025058355194457,353.4435407065286,56.667710989154834,18.889236996384945,0.9847206782159466,0.9956092552739707,0.978582113105104,0.978582113109153,0.9861092313755584
5.5,60.0,3.0,600.0,50.0,180.0,170.0031329674645,0.3276658269176167,-0.41093702107914976,518.8308300767889,413.6963190150749,10.0,160.05510368659765,1.025058355194457,340.1102073731953,56.667710989154834,18.889236996384945,0.9848555158507615,0.9956118376231753,0.978655607067153,0.978655607067153,0.9864990116455647
5.5,60.0,3.0,600.0,70.0,180.0,170.0031329674645,0.3276658269176167,-0.41093702107914976,518.8308300767889,413.6963190150749,7.142857142857143,160.05510368659765,1.025058355194457,334.3959216589096,56.667710989154834,18.889236996384945,0.9849039014899796,0.9956107140188263,0.9786874491675015,0.9786874491675015,0.9866299936060896
5.5,60.0,3.0,800.0,30.0,180.0,170.0031329674645,0.3276658269176167,-0.41093702107914976,518.8308300767889,413.6963190150749,16.666666666666668,213.4068049154635,2.429767953053527,460.14694316426034,75.55694798553978,25.185649328513257,0.9867856455513071,0.9933878399547182,0.9843089906635336,0.9843089906635336,0.9851367609234427
5.5,60.0,3.0,800.0,50.0,180.0,170.0031329674645,0.3276658269176167,-0.41093702107914976,518.8308300767889,413.6963190150749,10.0,213.4068049154635,2.429767953053527,446.8136098309271,75.55694798553978,25.185649328513257,0.9869135190270162,0.993386921037982,0.9843834988461941,0.9843834988461941,0.9855001573776947
5.5,60.0,3.0,800.0,70.0,180.0,170.0031329674645,0.3276658269176167,-0.41093702107914976,518.8308300767889,413.6963190150749,7.142857142857143,213.4068049154635,2.429767953053527,441.0993241166413,75.55694798553978,25.185649328513257,0.9869596140844374,0.9933865339595984,0.9844144267269392,0.9844144267269392,0.985623068924273
5.5,60.0,3.5,400.0,30.0,210.0,170.0031329674645,0.3276658269176167,-0.41093702107914976,518.8308300767889,413.6963190150749,16.666666666666668,106.70340245773176,0.3037209941316909,246.74013824879685,37.77847399276989,10.793849712219968,0.9558949919960025,0.9985717491544248,0.923771617467279,0.923771617467279,0.9774649838950269
5.5,60.0,3.5,400.0,50.0,210.0,170.0031329674645,0.3276658269176167,-0.41093702107914976,518.8308300767889,413.6963190150749,10.0,106.70340245773176,0.3037209941316909,233.4068049154635,37.77847399276989,10.793849712219968,0.9560301007147225,0.9985721702521284,0.9238413391173925,0.9238413391173925,0.9778655543719764
5.5,60.0,3.5,400.0,70.0,210.0,170.0031329674645,0.3276658269176167,-0.41093702107914976,518.8308300767889,413.6963190150749,7.142857142857143,106.70340245773176,0.3037209941316909,227.69251920117782,37.77847399276989,10.793849712219968,0.95608104304965,0.9985719758454243,0.9238729494971734,0.9238729494971734,0.978006297358829
5.5,60.0,3.5,500.0,30.0,210.0,170.0031329674645,0.3276658269176167,-0.41093702107914976,518.8308300767889,413.6963190150749,16.666666666666668,133.3792530721647,0.5932050666634587,300.0918394776627,47.22309249096236,13.49231214027496,0.9697536355762,0.9992940352282416,0.949278549562071,0.9492785495880998,0.9811634079263873
5.5,60.0,3.5,500.0,50.0,210.0,170.0031329674645,0.3276658269176167,-0.41093702107914976,518.8308300767889,413.6963190150749,10.0,133.3792530721647,0.5932050666634587,286.75850614432943,47.22309249096236,13.49231214027496,0.9698891264386256,0.9992941726538516,0.9493503153464538,0.9493503153575904,0.9815617023966068
5.5,60.0,3.5,500.0,70.0,210.0,170.0031329674645,0.3276658269176167,-0.41093702107914976,518.8308300767889,413.6963190150749,7.142857142857143,133.3792530721647,0.5932050666634587,281.04422043004365,47.22309249096236,13.49231214027496,0.9699379364387963,0.9992939966936805,0.9493810704472541,0.9493810704568009,0.9816956081574497
5.5,60.0,3.5,600.0,30.0,210.0,170.0031329674645,0.3276658269176167,-0.41093702107914976,518.8308300767889,413.6963190150749,16.666666666666668,160.05510368659765,1.025058355194457,353.4435407065286,56.667710989154834,16.190774568329953,0.9769248075165969,0.9990720678397755,0.9629232936269337,0.9629232936319623,0.9827805749677161
5.5,60.0,3.5,600.0,50.0,210.0,170.0031329674645,0.3276658269176167,-0.41093702107914976,518.8308300767889,413.6963190150749,10.0,160.05510368659765,1.025058355194457,340.1102073731953,56.667710989154834,16.190774568329953,0.9770579735994874,0.9990720465978695,0.9629948593759522,0.9629948593759522,0.9831701290481756
5.5,60.0,3.5,600.0,70.0,210.0,170.0031329674645,0.3276658269176167,-0.41093702107914976,518.8308300767889,413.6963190150749,7.142857142857143,160.05510368659765,1.025058355194457,334.3959216589096,56.667710989154834,16.190774568329953,0.9771068554663079,0.9990716526469989,0.963027426400724,0.963027426400724,0.9833009164167847
5.5,60.0,3.5,800.0,30.0,210.0,170.0031329674645,0.3276658269176167,-0.41093702107914976,518.8308300767889,413.6963190150749,16.666666666666668,213.4068049154635,2.429767953053527,460.14694316426034,75.55694798553978,21.587699424439936,0.9833212507062676,0.9984346358907563,0.9757972287227736,0.9757972287227736,0.9832559094887667
5.5,60.0,3.5,800.0,50.0,210.0,170.0031329674645,0.3276658269176167,-0.41093702107914976,518.8308300767889,413.6963190150749,10.0,213.4068049154635,2.429767953053527,446.8136098309271,75.55694798553978,21.587699424439936,0.9834489413349423,0.9984336111925005,0.975871091719368,0.975871091719368,0.9836199707085327
5.5,60.0,3.5,800.0,70.0,210.0,170.0031329674645,0.3276658269176167,-0.41093702107914976,518.8308300767889,413.6963190150749,7.142857142857143,213.4068049154635,2.429767953053527,441.0993241166413,75.55694798553978,21.587699424439936,0.9834951520641122,0.9984339979324928,0.9759017537052508,0.9759017537052508,0.9837431029134545
5.5,60.0,4.0,400.0,30.0,240.0,170.0031329674645,0.3276658269176167,-0.41093702107914976,518.8308300767889,413.6963190150749,16.666666666666668,106.70340245773176,0.3037209941316909,246.74013824879685,37.77847399276989,9.444618498192472,0.9207720138936057,0.9997283709657632,0.8591504141645698,0.8591504142088555,0.9650588562352344
5.5,60.0,4.0,400.0,50.0,240.0,170.0031329674645,0.3276658269176167,-0.41093702107914976,518.8308300767889,413.6963190150749,10.0,106.70340245773176,0.3037209941316909,233.4068049154635,37.77847399276989,9.444618498192472,0.9209035774296089,0.9997292019164201,0.85921503048324,0.85921503048324,0.9654550468355357
5.5,60.0,4.0,400.0,70.0,240.0,170.0031329674645,0.3276658269176167,-0.41093702107914976,518.8308300767889,413.6963190150749,7.142857142857143,106.70340245773176,0.3037209941316909,227.69251920117782,37.77847399276989,9.444618498192472,0.9209510426980101,0.99972912646016,0.8592427717397528,0.8592427717505654,0.9655895008415625
5.5,60.0,4.0,500.0,30.0,240.0,170.0031329674645,0.3276658269176167,-0.41093702107914976,518.8308300767889,413.6963190150749,16.666666666666668,133.3792530721647,0.5932050666634587,300.0918394776627,47.22309249096236,11.80577312274059,0.9481151031314218,0.9996296891282354,0.9097880141774611,0.9097880142150385,0.9732546950049521
5.5,60.0,4.0,500.0,50.0,240.0,170.0031329674645,0.3276658269176167,-0.41093702107914976,518.8308300767889,413.6963190150749,10.0,133.3792530721647,0.5932050666634587,286.75850614432943,47.22309249096236,11.80577312274059,0.9482468881135879,0.9996277568858964,0.9098537250993055,0.9098537250993055,0.9736523453698445
5.5,60.0,4.0,500.0,70.0,240.0,170.0031329674645,0.3276658269176167,-0.41093702107914976,518.8308300767889,413.6963190150749,7.142857142857143,133.3792530721647,0.5932050666634587,281.04422043004365,47.22309249096236,11.80577312274059,0.9482959810247455,0.9996266995939257,0.9098862109367948,0.9098862109558823,0.9737848026123795
5.5,60.0,4.0,600.0,30.0,240.0,170.0031329674645,0.3276658269176167,-0.41093702107914976,518.8308300767889,413.6963190150749,16.666666666666668,160.05510368659765,1.025058355194457,353.4435407065286,56.667710989154834,14.166927747288709,0.9624586461640683,0.9994446800624265,0.9365319506070565,0.9365319506107286,0.9773260033760618
5.5,60.0,4.0,600.0,50.0,240.0,170.0031329674645,0.3276658269176167,-0.41093702107914976,518.8308300767889,413.6963190150749,10.0,160.05510368659765,1.025058355194457,340.1102073731953,56.667710989154834,14.166927747288709,0.9625903492762113,0.9994442342250186,0.9366008876631176,0.93660088766565,0.9777153875510596
5.5,60.0,4.0,600.0,70.0,240.0,170.0031329674645,0.3276658269176167,-0.41093702107914976,518.8308300767889,413.6963190150749,7.142857142857143,160.05510368659765,1.025058355194457,334.3959216589096,56.667710989154834,14.166927747288709,0.962637728697173,0.9994441811735595,0.9366302542946472,0.9366302542946472,0.977846225025838
5.5,60.0,4.0,800.0,30.0,240.0,170.0031329674645,0.3276658269176167,-0.41093702107914976,518.8308300767889,413.6963190150749,16.666666666666668,213.4068049154635,2.429767953053527,460.14694316426034,75.55694798553978,18.889236996384945,0.9757495482192825,0.9992530997501159,0.9617587109682468,0.9617587109682468,0.9802276711905206
5.5,60.0,4.0,800.0,50.0,240.0,170.0031329674645,0.3276658269176167,-0.41093702107914976,518.8308300767889,413.6963190150749,10.0,213.4068049154635,2.429767953053527,446.8136098309271,75.55694798553978,18.889236996384945,0.9758771760910101,0.9992531971861095,0.9618315092483247,0.9618315092483247,0.9805924886812815
5.5,60.0,4.0,800.0,70.0,240.0,170.0031329674645,0.3276658269176167,-0.41093702107914976,518.8308300767889,413.6963190150749,7.142857142857143,213.4068049154635,2.429767953053527,441.0993241166413,75.55694798553978,18.889236996384945,0.9759229939876505,0.9992528957012579,0.9618617267368084,0.9618617267368084,0.9807156267757272
