a_um,omega_p_MHz,ratio,delta_MHz,omega_c_MHz,omega_R_MHz,V_ct_MHz,V_DD_MHz,V_cc_MHz,R_DD,R_AA,T_c_ns,T_f_ns,sigma_ns,t_total_ns,M1,M2,F_bar,F_00,F_01,F_10,F_11
4.0,40.0,3.0,400.0,30.0,120.0,441.9417382415923,2.21435546875,-2.7770996093749987,199.58030428198037,159.13787778791763,16.666666666666668,228.07852275340156,2.966150499586358,489.4903788401365,220.97086912079615,73.65695637359872,0.9857772896307793,0.9945661146980125,0.9886507886372764,0.9886507886760805,0.9712414665117475
4.0,40.0,3.0,400.0,50.0,120.0,441.9417382415923,2.21435546875,-2.7770996093749987,199.58030428198037,159.13787778791763,10.0,228.07852275340156,2.966150499586358,476.1570455068032,220.97086912079615,73.65695637359872,0.9873478554156703,0.994566168307094,0.9887244663968636,0.9887244664385708,0.9773763205201527
4.0,40.0,3.0,400.0,70.0,120.0,441.9417382415923,2.21435546875,-2.7770996093749987,199.58030428198037,159.13787778791763,7.142857142857143,228.07852275340156,2.966150499586358,470.44275979251745,220.97086912079615,73.65695637359872,0.9878070454149781,0.9945649036731192,0.9887565695885663,0.9887565696237863,0.9791501387744406
4.0,40.0,3.0,500.0,30.0,120.0,441.9417382415923,2.21435546875,-2.7770996093749987,199.58030428198037,159.13787778791763,16.666666666666668,285.0981534417519,5.793262694504601,603.529640216837,276.21358640099515,92.0711954669984,0.9862491712498433,0.9961945498000866,0.9872423411793285,0.9872423411793285,0.9743174528406298
4.0,40.0,3.0,500.0,50.0,120.0,441.9417382415923,2.21435546875,-2.7770996093749987,199.58030428198037,159.13787778791763,10.0,285.0981534417519,5.793262694504601,590.1963068835038,276.21358640099515,92.0711954669984,0.9869642327925991,0.9961936333283008,0.9873164042372522,0.9873164042392828,0.9770304893655608
4.0,40.0,3.0,500.0,70.0,120.0,441.9417382415923,2.21435546875,-2.7770996093749987,199.58030428198037,159.13787778791763,7.142857142857143,285.0981534417519,5.793262694504601,584.482021169218,276.21358640099515,92.0711954669984,0.9871626199042542,0.9961936982068784,0.9873440952780128,0.9873440953028372,0.9777685908292886
4.0,40.0,3.0,600.0,30.0,120.0,441.9417382415923,2.21435546875,-2.7770996093749987,199.58030428198037,159.13787778791763,16.666666666666668,342.1177841301023,10.010757936103953,717.5689015935379,331.45630368119424,110.48543456039808,0.9814962379858672,0.9968071848137401,0.9857615962225087,0.9857615962225087,0.9576545746847112
4.0,40.0,3.0,600.0,50.0,120.0,441.9417382415923,2.21435546875,-2.7770996093749987,199.58030428198037,159.13787778791763,10.0,342.1177841301023,10.010757936103953,704.2355682602046,331.45630368119424,110.48543456039808,0.9844359441960651,0.9968063739388147,0.985832290972253,0.985832290972253,0.9692728209009397
4.0,40.0,3.0,600.0,70.0,120.0,441.9417382415923,2.21435546875,-2.7770996093749987,199.58030428198037,159.13787778791763,7.142857142857143,342.1177841301023,10.010757936103953,698.5212825459188,331.45630368119424,110.48543456039808,0.9852558880821224,0.9968062891394267,0.9858642470612005,0.9858642470612005,0.972488769066662
4.0,40.0,3.0,800.0,30.0,120.0,441.9417382415923,2.21435546875,-2.7770996093749987,199.58030428198037,159.13787778791763,16.666666666666668,456.15704550680306,23.729203996690863,945.6474243469395,441.9417382415923,147.31391274719743,0.98246733253301,0.9971848239598899,0.9827525294667858,0.9827525294667858,0.9671794472385786
4.0,40.0,3.0,800.0,50.0,120.0,441.9417382415923,2.21435546875,-2.7770996093749987,199.58030428198037,159.13787778791763,10.0,456.15704550680306,23.729203996690863,932.3140910136062,441.9417382415923,147.31391274719743,0.9829943156384406,0.9971847300069776,0.9828269063417348,0.9828269063417348,0.9691387198633152
4.0,40.0,3.0,800.0,70.0,120.0,441.9417382415923,2.21435546875,-2.7770996093749987,199.58030428198037,159.13787778791763,7.142857142857143,456.15704550680306,23.729203996690863,926.5998052993205,441.9417382415923,147.31391274719743,0.9831471681423071,0.997184719609608,0.9828589676965973,0.9828589676965973,0.9696860175664257
4.0,40.0,3.5,400.0,30.0,140.0,441.9417382415923,2.21435546875,-2.7770996093749987,199.58030428198037,159.13787778791763,16.666666666666668,228.07852275340156,2.966150499586358,489.4903788401365,220.97086912079615,63.13453403451319,0.9871467654528291,0.99719761155949,0.9897101079847084,0.9897101079847084,0.9719692342824096
4.0,40.0,3.5,400.0,50.0,140.0,441.9417382415923,2.21435546875,-2.7770996093749987,199.58030428198037,159.13787778791763,10.0,228.07852275340156,2.966150499586358,476.1570455068032,220.97086912079615,63.13453403451319,0.9887144952829712,0.9971984654165994,0.98978398217417,0.98978398217417,0.978091551366945
4.0,40.0,3.5,400.0,70.0,140.0,441.9417382415923,2.21435546875,-2.7770996093749987,199.58030428198037,159.13787778791763,7.142857142857143,228.07852275340156,2.966150499586358,470.44275979251745,220.97086912079615,63.13453403451319,0.9891734786407533,0.997195581889142,0.9898161338790854,0.9898161339213807,0.979866064873405
4.0,40.0,3.5,500.0,30.0,140.0,441.9417382415923,2.21435546875,-2.7770996093749987,199.58030428198037,159.13787778791763,16.666666666666668,285.0981534417519,5.793262694504601,603.529640216837,276.21358640099515,78.9181675431415,0.9873553846473693,0.9981893059802687,0.9881738675047169,0.9881738675530523,0.9748844975514392
4.0,40.0,3.5,500.0,50.0,140.0,441.9417382415923,2.21435546875,-2.7770996093749987,199.58030428198037,159.13787778791763,10.0,285.0981534417519,5.793262694504601,590.1963068835038,276.21358640099515,78.9181675431415,0.988072944636736,0.9981890299319979,0.988247689779793,0.9882476897822376,0.9776073690529152
4.0,40.0,3.5,500.0,70.0,140.0,441.9417382415923,2.21435546875,-2.7770996093749987,199.58030428198037,159.13787778791763,7.142857142857143,285.0981534417519,5.793262694504601,584.482021169218,276.21358640099515,78.9181675431415,0.9882754086857845,0.9981907680704597,0.988280042301664,0.988280042301664,0.9783507820693501
4.0,40.0,3.5,600.0,30.0,140.0,441.9417382415923,2.21435546875,-2.7770996093749987,199.58030428198037,159.13787778791763,16.666666666666668,342.1177841301023,10.010757936103953,717.5689015935379,331.45630368119424,94.70180105176978,0.9824693695003519,0.9985832722278521,0.9865902503842006,0.9865902503842006,0.958113705005154
4.0,40.0,3.5,600.0,50.0,140.0,441.9417382415923,2.21435546875,-2.7770996093749987,199.58030428198037,159.13787778791763,10.0,342.1177841301023,10.010757936103953,704.2355682602046,331.45630368119424,94.70180105176978,0.9854170430620532,0.9985829024501245,0.9866639131863681,0.9866639131863681,0.969757443425352
4.0,40.0,3.5,600.0,70.0,140.0,441.9417382415923,2.21435546875,-2.7770996093749987,199.58030428198037,159.13787778791763,7.142857142857143,342.1177841301023,10.010757936103953,698.5212825459188,331.45630368119424,94.70180105176978,0.9862379918786037,0.9985828081435925,0.9866959261099486,0.9866959261099486,0.972977307150925
4.0,40.0,3.5,800.0,30.0,140.0,441.9417382415923,2.21435546875,-2.7770996093749987,199.58030428198037,159.13787778791763,16.666666666666668,456.15704550680306,23.729203996690863,945.6474243469395,441.9417382415923,126.26906806902637,0.983309392113606,0.9988377044274155,0.9834268373040863,0.9834268373040863,0.9675461894188362
4.0,40.0,3.5,800.0,50.0,140.0,441.9417382415923,2.21435546875,-2.7770996093749987,199.58030428198037,159.13787778791763,10.0,456.15704550680306,23.729203996690863,932.3140910136062,441.9417382415923,126.26906806902637,0.9838383668254852,0.9988376400924064,0.9835012698253406,0.9835012698253406,0.9695132875588532
4.0,40.0,3.5,800.0,70.0,140.0,441.9417382415923,2.21435546875,-2.7770996093749987,199.58030428198037,159.13787778791763,7.142857142857143,456.15704550680306,23.729203996690863,926.5998052993205,441.9417382415923,126.26906806902637,0.9839917405448602,0.9988376024538748,0.9835333528151102,0.9835333528151102,0.9700626540953456
4.0,40.0,4.0,400.0,30.0,160.0,441.9417382415923,2.21435546875,-2.7770996093749987,199.58030428198037,159.13787778791763,16.666666666666668,228.07852275340156,2.966150499586358,489.4903788401365,220.97086912079615,55.24271728019904,0.988387836904857,0.9996137559891307,0.9906304240280048,0.9906304240720549,0.9726767435302375
4.0,40.0,4.0,400.0,50.0,160.0,441.9417382415923,2.21435546875,-2.7770996093749987,199.58030428198037,159.13787778791763,10.0,228.07852275340156,2.966150499586358,476.1570455068032,220.97086912079615,55.24271728019904,0.9899640339688578,0.9996137821878532,0.9907043685515731,0.9907043685515731,0.9788336165844319
4.0,40.0,4.0,400.0,70.0,160.0,441.9417382415923,2.21435546875,-2.7770996093749987,199.58030428198037,159.13787778791763,7.142857142857143,228.07852275340156,2.966150499586358,470.44275979251745,220.97086912079615,55.24271728019904,0.9904248611200068,0.999613633031402,0.9907365424162334,0.990736542449972,0.9806127265824199
4.0,40.0,4.0,500.0,30.0,160.0,441.9417382415923,2.21435546875,-2.7770996093749987,199.58030428198037,159.13787778791763,16.666666666666668,285.0981534417519,5.793262694504601,603.529640216837,276.21358640099515,69.05339660024879,0.9883246925874083,0.9996520503368227,0.9890642310924607,0.9890642310924607,0.9755182578278894
4.0,40.0,4.0,500.0,50.0,160.0,441.9417382415923,2.21435546875,-2.7770996093749987,199.58030428198037,159.13787778791763,10.0,285.0981534417519,5.793262694504601,590.1963068835038,276.21358640099515,69.05339660024879,0.9890413288204746,0.9996520319407473,0.9891382081525553,0.9891382081556424,0.9782368670329535
4.0,40.0,4.0,500.0,70.0,160.0,441.9417382415923,2.21435546875,-2.7770996093749987,199.58030428198037,159.13787778791763,7.142857142857143,285.0981534417519,5.793262694504601,584.482021169218,276.21358640099515,69.05339660024879,0.9892426449587077,0.999651967938936,0.9891706134506545,0.9891706134537596,0.9789773849914808
4.0,40.0,4.0,600.0,30.0,160.0,441.9417382415923,2.21435546875,-2.7770996093749987,199.58030428198037,159.13787778791763,16.666666666666668,342.1177841301023,10.010757936103953,717.5689015935379,331.45630368119424,82.86407592029856,0.9832762314708193,0.999607321378442,0.9874258853340115,0.9874258853340115,0.9586458338368122
4.0,40.0,4.0,600.0,50.0,160.0,441.9417382415923,2.21435546875,-2.7770996093749987,199.58030428198037,159.13787778791763,10.0,342.1177841301023,10.010757936103953,704.2355682602046,331.45630368119424,82.86407592029856,0.986222652884525,0.9996076717775266,0.987494412826013,0.987494412826013,0.9702941141085474
4.0,40.0,4.0,600.0,70.0,160.0,441.9417382415923,2.21435546875,-2.7770996093749987,199.58030428198037,159.13787778791763,7.142857142857143,342.1177841301023,10.010757936103953,698.5212825459188,331.45630368119424,82.86407592029856,0.9870438862529063,0.9996076303380259,0.9875264519306892,0.9875264519306892,0.973515010812221
4.0,40.0,4.0,800.0,30.0,160.0,441.9417382415923,2.21435546875,-2.7770996093749987,199.58030428198037,159.13787778791763,16.666666666666668,456.15704550680306,23.729203996690863,945.6474243469395,441.9417382415923,110.48543456039808,0.9839342722085649,0.9995058993692505,0.9841340867248014,0.9841340867248014,0.967963016015406
4.0,40.0,4.0,800.0,50.0,160.0,441.9417382415923,2.21435546875,-2.7770996093749987,199.58030428198037,159.13787778791763,10.0,456.15704550680306,23.729203996690863,932.3140910136062,441.9417382415923,110.48543456039808,0.9844638172752036,0.9995058711683816,0.9842085719052207,0.9842085719052207,0.9699322541219912
4.0,40.0,4.0,800.0,70.0,160.0,441.9417382415923,2.21435546875,-2.7770996093749987,199.58030428198037,159.13787778791763,7.142857142857143,456.15704550680306,23.729203996690863,926.5998052993205,441.9417382415923,110.48543456039808,0.9846173040274542,0.9995058415816235,0.984240695450848,0.984240695450848,0.9704819836264975
4.0,50.0,3.0,400.0,30.0,150.0,441.9417382415923,2.21435546875,-2.7770996093749987,199.58030428198037,159.13787778791763,16.666666666666668,145.970254562177,0.7775585565635659,325.2738424576873,141.42135623730954,47.14045207910318,0.9865574165131575,0.9910749819531738,0.9920145140119168,0.9920145140169359,0.9711256560706039
4.0,50.0,3.0,400.0,50.0,150.0,441.9417382415923,2.21435546875,-2.7770996093749987,199.58030428198037,159.13787778791763,10.0,145.970254562177,0.7775585565635659,311.940509124354,141.42135623730954,47.14045207910318,0.9889559127454253,0.9910327929016179,0.992085981135481,0.9920859811648606,0.9806188957797417
4.0,50.0,3.0,400.0,70.0,150.0,441.9417382415923,2.21435546875,-2.7770996093749987,199.58030428198037,159.13787778791763,7.142857142857143,145.970254562177,0.7775585565635659,306.22622341006826,141.42135623730954,47.14045207910318,0.9896295213782863,0.991068148500683,0.9921178717524208,0.9921178717545605,0.9832141935054808
4.0,50.0,3.0,500.0,30.0,150.0,441.9417382415923,2.21435546875,-2.7770996093749987,199.58030428198037,159.13787778791763,16.666666666666668,182.4628182027212,1.5186690557882137,398.2589697387757,176.77669529663692,58.92556509887898,0.9853893949905446,0.9946739737967478,0.9910464028097838,0.9910464028162398,0.9647908005394065
4.0,50.0,3.0,500.0,50.0,150.0,441.9417382415923,2.21435546875,-2.7770996093749987,199.58030428198037,159.13787778791763,10.0,182.4628182027212,1.5186690557882137,384.9256364054424,176.77669529663692,58.92556509887898,0.9885332069533379,0.9946729046877762,0.9911179767186293,0.99111797673223,0.9772239696747164
4.0,50.0,3.0,500.0,70.0,150.0,441.9417382415923,2.21435546875,-2.7770996093749987,199.58030428198037,159.13787778791763,7.142857142857143,182.4628182027212,1.5186690557882137,379.21135069115667,176.77669529663692,58.92556509887898,0.9894173046700233,0.9946694687161605,0.9911492787535084,0.9911492787556402,0.9807011924547842
4.0,50.0,3.0,600.0,30.0,150.0,441.9417382415923,2.21435546875,-2.7770996093749987,199.58030428198037,159.13787778791763,16.666666666666668,218.95538184326546,2.624260128402034,471.2440970198642,212.1320343559643,70.71067811865477,0.9865555628662126,0.9960958863435008,0.989997980987017,0.989997980987017,0.9701304031473154
4.0,50.0,3.0,600.0,50.0,150.0,441.9417382415923,2.21435546875,-2.7770996093749987,199.58030428198037,159.13787778791763,10.0,218.95538184326546,2.624260128402034,457.9107636865309,212.1320343559643,70.71067811865477,0.9885518299798675,0.9960957564712831,0.9900718937302069,0.9900718937302069,0.9779677759877727
4.0,50.0,3.0,600.0,70.0,150.0,441.9417382415923,2.21435546875,-2.7770996093749987,199.58030428198037,159.13787778791763,7.142857142857143,218.95538184326546,2.624260128402034,452.1964779722452,212.1320343559643,70.71067811865477,0.9891318959531161,0.9960997318092397,0.9901042127017552,0.990104212703734,0.9802194265977355
4.0,50.0,3.0,800.0,30.0,150.0,441.9417382415923,2.21435546875,-2.7770996093749987,199.58030428198037,159.13787778791763,16.666666666666668,291.9405091243539,6.220468452508527,617.2143515820412,282.8427124746191,94.28090415820635,0.9865808534799828,0.9970484276631693,0.9878745143310104,0.9878745143310104,0.9735259575947411
4.0,50.0,3.0,800.0,50.0,150.0,441.9417382415923,2.21435546875,-2.7770996093749987,199.58030428198037,159.13787778791763,10.0,291.9405091243539,6.220468452508527,603.8810182487078,282.8427124746191,94.28090415820635,0.987506923726541,0.9970483192315744,0.9879483068192956,0.9879483068192956,0.9770827620359988
4.0,50.0,3.0,800.0,70.0,150.0,441.9417382415923,2.21435546875,-2.7770996093749987,199.58030428198037,159.13787778791763,7.142857142857143,291.9405091243539,6.220468452508527,598.1667325344221,282.8427124746191,94.28090415820635,0.9877644041430196,0.9970481620448449,0.987980333624811,0.987980333624811,0.9780487872776114
4.0,50.0,3.5,400.0,30.0,175.0,441.9417382415923,2.21435546875,-2.7770996093749987,199.58030428198037,159.13787778791763,16.666666666666668,145.970254562177,0.7775585565635659,325.2738424576873,141.42135623730954,40.40610178208844,0.988382305428108,0.9952013338957872,0.9930958413809674,0.9930958414155078,0.9721362050201694
4.0,50.0,3.5,400.0,50.0,175.0,441.9417382415923,2.21435546875,-2.7770996093749987,199.58030428198037,159.13787778791763,10.0,145.970254562177,0.7775585565635659,311.940509124354,141.42135623730954,40.40610178208844,0.9908008911826653,0.9952144610156349,0.9931771516950619,0.9931771517003197,0.9816348003196447
4.0,50.0,3.5,400.0,70.0,175.0,441.9417382415923,2.21435546875,-2.7770996093749987,199.58030428198037,159.13787778791763,7.142857142857143,145.970254562177,0.7775585565635659,306.22622341006826,141.42135623730954,40.40610178208844,0.99146427791639,0.9952232200912858,0.9932037388659044,0.9932037388680011,0.9842264138403689
4.0,50.0,3.5,500.0,30.0,175.0,441.9417382415923,2.21435546875,-2.7770996093749987,199.58030428198037,159.13787778791763,16.666666666666668,182.4628182027212,1.5186690557882137,398.2589697387757,176.77669529663692,50.50762722761055,0.9867796338858251,0.9972342621366661,0.992131334954632,0.9921313350178016,0.965621603434201
4.0,50.0,3.5,500.0,50.0,175.0,441.9417382415923,2.21435546875,-2.7770996093749987,199.58030428198037,159.13787778791763,10.0,182.4628182027212,1.5186690557882137,384.9256364054424,176.77669529663692,50.50762722761055,0.9899265838743994,0.997233004265649,0.9922064969047062,0.9922064969079005,0.978060337419342
4.0,50.0,3.5,500.0,70.0,175.0,441.9417382415923,2.21435546875,-2.7770996093749987,199.58030428198037,159.13787778791763,7.142857142857143,182.4628182027212,1.5186690557882137,379.21135069115667,176.77669529663692,50.50762722761055,0.9908127689763244,0.9972351295528951,0.9922379490662746,0.9922379490684483,0.9815400482176795
4.0,50.0,3.5,600.0,30.0,175.0,441.9417382415923,2.21435546875,-2.7770996093749987,199.58030428198037,159.13787778791763,16.666666666666668,218.95538184326546,2.624260128402034,471.2440970198642,212.1320343559643,60.609152673132655,0.9877567738054653,0.9981065852271898,0.991035851340794,0.991035851340794,0.9708488073130837
4.0,50.0,3.5,600.0,50.0,175.0,441.9417382415923,2.21435546875,-2.7770996093749987,199.58030428198037,159.13787778791763,10.0,218.95538184326546,2.624260128402034,457.9107636865309,212.1320343559643,60.609152673132655,0.9897537622371178,0.9981062093409001,0.9911098935845228,0.9911098935874726,0.9786890524355756
4.0,50.0,3.5,600.0,70.0,175.0,441.9417382415923,2.21435546875,-2.7770996093749987,199.58030428198037,159.13787778791763,7.142857142857143,218.95538184326546,2.624260128402034,452.1964779722452,212.1320343559643,60.609152673132655,0.9903325640517106,0.9981063668228417,0.9911414336244706,0.9911414336244706,0.9809410221350593
4.0,50.0,3.5,800.0,30.0,175.0,441.9417382415923,2.21435546875,-2.7770996093749987,199.58030428198037,159.13787778791763,16.666666666666668,291.9405091243539,6.220468452508527,617.2143515820412,282.8427124746191,80.81220356417688,0.9875917534247631,0.9987259246138291,0.988781429049221,0.988781429049221,0.9740782309867817
4.0,50.0,3.5,800.0,50.0,175.0,441.9417382415923,2.21435546875,-2.7770996093749987,199.58030428198037,159.13787778791763,10.0,291.9405091243539,6.220468452508527,603.8810182487078,282.8427124746191,80.81220356417688,0.9885200133039989,0.9987258650092979,0.9888552690281223,0.9888552690281223,0.977643650150453
4.0,50.0,3.5,800.0,70.0,175.0,441.9417382415923,2.21435546875,-2.7770996093749987,199.58030428198037,159.13787778791763,7.142857142857143,291.9405091243539,6.220468452508527,598.1667325344221,282.8427124746191,80.81220356417688,0.9887780703255424,0.9987258902366858,0.9888873470347552,0.9888873470347552,0.9786116969959737
4.0,50.0,4.0,400.0,30.0,200.0,441.9417382415923,2.21435546875,-2.7770996093749987,199.58030428198037,159.13787778791763,16.666666666666668,145.970254562177,0.7775585565635659,325.2738424576873,141.42135623730954,35.355339059327385,0.9898986168060824,0.9993127522879144,0.9935515966907347,0.9935515967376228,0.9731785215080575
4.0,50.0,4.0,400.0,50.0,200.0,441.9417382415923,2.21435546875,-2.7770996093749987,199.58030428198037,159.13787778791763,10.0,145.970254562177,0.7775585565635659,311.940509124354,141.42135623730954,35.355339059327385,0.992304803599648,0.9993178998245976,0.993626886062096,0.9936268860677013,0.9826475424441972
4.0,50.0,4.0,400.0,70.0,200.0,441.9417382415923,2.21435546875,-2.7770996093749987,199.58030428198037,159.13787778791763,7.142857142857143,145.970254562177,0.7775585565635659,306.22622341006826,141.42135623730954,35.355339059327385,0.9929683453954454,0.9993192724569298,0.9936594452113443,0.9936594452131646,0.985235218700343
4.0,50.0,4.0,500.0,30.0,200.0,441.9417382415923,2.21435546875,-2.7770996093749987,199.58030428198037,159.13787778791763,16.666666666666668,182.4628182027212,1.5186690557882137,398.2589697387757,176.77669529663692,44.19417382415923,0.9879721349358624,0.9996410781206053,0.9928936972180072,0.9928936972867377,0.9664600671180997
4.0,50.0,4.0,500.0,50.0,200.0,441.9417382415923,2.21435546875,-2.7770996093749987,199.58030428198037,159.13787778791763,10.0,182.4628182027212,1.5186690557882137,384.9256364054424,176.77669529663692,44.19417382415923,0.991123340051634,0.9996412838277512,0.9929689056179822,0.9929689056210929,0.9789142651397101
4.0,50.0,4.0,500.0,70.0,200.0,441.9417382415923,2.21435546875,-2.7770996093749987,199.58030428198037,159.13787778791763,7.142857142857143,182.4628182027212,1.5186690557882137,379.21135069115667,176.77669529663692,44.19417382415923,0.9920096007749111,0.9996409457263913,0.993000052675794,0.9930000527140423,0.9823973519834168
4.0,50.0,4.0,600.0,30.0,200.0,441.9417382415923,2.21435546875,-2.7770996093749987,199.58030428198037,159.13787778791763,16.666666666666668,218.95538184326546,2.624260128402034,471.2440970198642,212.1320343559643,53.03300858899107,0.9887623733571342,0.9996860641088843,0.9918991049741178,0.9918991049741178,0.9715652193714172
4.0,50.0,4.0,600.0,50.0,200.0,441.9417382415923,2.21435546875,-2.7770996093749987,199.58030428198037,159.13787778791763,10.0,218.95538184326546,2.624260128402034,457.9107636865309,212.1320343559643,53.03300858899107,0.9907660788703767,0.9996859836842087,0.9919731664929012,0.9919731664929012,0.9794319988114953
4.0,50.0,4.0,600.0,70.0,200.0,441.9417382415923,2.21435546875,-2.7770996093749987,199.58030428198037,159.13787778791763,7.142857142857143,218.95538184326546,2.624260128402034,452.1964779722452,212.1320343559643,53.03300858899107,0.991346093846788,0.9996860541360253,0.9920043968591443,0.9920043968591443,0.9816895275328376
4.0,50.0,4.0,800.0,30.0,200.0,441.9417382415923,2.21435546875,-2.7770996093749987,199.58030428198037,159.13787778791763,16.666666666666668,291.9405091243539,6.220468452508527,617.2143515820412,282.8427124746191,70.71067811865477,0.9883998094598021,0.999622036345466,0.9896463638208,0.9896463638208,0.9746844738521425
4.0,50.0,4.0,800.0,50.0,200.0,441.9417382415923,2.21435546875,-2.7770996093749987,199.58030428198037,159.13787778791763,10.0,291.9405091243539,6.220468452508527,603.8810182487078,282.8427124746191,70.71067811865477,0.9893290282813816,0.9996219932807859,0.9897202692788484,0.9897202692788484,0.9782535812870439
4.0,50.0,4.0,800.0,70.0,200.0,441.9417382415923,2.21435546875,-2.7770996093749987,199.58030428198037,159.13787778791763,7.142857142857143,291.9405091243539,6.220468452508527,598.1667325344221,282.8427124746191,70.71067811865477,0.9895862821732494,0.9996219727894297,0.9897523775096277,0.9897523775096277,0.9792184008843122
4.0,60.0,3.0,400.0,30.0,180.0,441.9417382415923,2.21435546875,-2.7770996093749987,199.58030428198037,159.13787778791763,16.666666666666668,101.36823233484517,0.26040278734365846,236.06979800302366,98.20927516479829,32.736425054932766,0.9897555000335947,0.9853543370642148,0.9941986960761169,0.9941986961015711,0.9852702708924757
4.0,60.0,3.0,400.0,50.0,180.0,441.9417382415923,2.21435546875,-2.7770996093749987,199.58030428198037,159.13787778791763,10.0,101.36823233484517,0.26040278734365846,222.73646466969032,98.20927516479829,32.736425054932766,0.9903714398789809,0.9853417363912225,0.9942746258465563,0.9942746258771769,0.9875947714009677
4.0,60.0,3.0,400.0,70.0,180.0,441.9417382415923,2.21435546875,-2.7770996093749987,199.58030428198037,159.13787778791763,7.142857142857143,101.36823233484517,0.26040278734365846,217.02217895540463,98.20927516479829,32.736425054932766,0.9905456127007557,0.9853359687052972,0.9943061205369028,0.9943061205657968,0.9882342409950258
4.0,60.0,3.0,500.0,30.0,180.0,441.9417382415923,2.21435546875,-2.7770996093749987,199.58030428198037,159.13787778791763,16.666666666666668,126.71029041855644,0.5085991940305828,286.7539141704462,122.76159395599785,40.92053131866595,0.9894452603278664,0.9920193156324524,0.9935631536500831,0.9935631536500831,0.978635418378847
4.0,60.0,3.0,500.0,50.0,180.0,441.9417382415923,2.21435546875,-2.7770996093749987,199.58030428198037,159.13787778791763,10.0,126.71029041855644,0.5085991940305828,273.4205808371129,122.76159395599785,40.92053131866595,0.9909672514692301,0.9919851650364055,0.9936385998139126,0.993638599819325,0.9846066412072776
4.0,60.0,3.0,500.0,70.0,180.0,441.9417382415923,2.21435546875,-2.7770996093749987,199.58030428198037,159.13787778791763,7.142857142857143,126.71029041855644,0.5085991940305828,267.70629512282716,122.76159395599785,40.92053131866595,0.9913951544531803,0.9920146297109582,0.9936705956523408,0.9936705956764149,0.9862247967730072
4.0,60.0,3.0,600.0,30.0,180.0,441.9417382415923,2.21435546875,-2.7770996093749987,199.58030428198037,159.13787778791763,16.666666666666668,152.05234850226776,0.8788594072848475,337.43803033786884,147.31391274719743,49.10463758239914,0.9876700851111793,0.9947415016851564,0.9927909172352762,0.9927909172352762,0.9703570042890085
4.0,60.0,3.0,600.0,50.0,180.0,441.9417382415923,2.21435546875,-2.7770996093749987,199.58030428198037,159.13787778791763,10.0,152.05234850226776,0.8788594072848475,324.1046970045355,147.31391274719743,49.10463758239914,0.9903244148336473,0.9947397940080023,0.9928623884502777,0.9928623884678315,0.9808330884084777
4.0,60.0,3.0,600.0,70.0,180.0,441.9417382415923,2.21435546875,-2.7770996093749987,199.58030428198037,159.13787778791763,7.142857142857143,152.05234850226776,0.8788594072848475,318.3904112902498,147.31391274719743,49.10463758239914,0.9910580400669489,0.994737379147681,0.9928945986820618,0.9928945987081212,0.9837055837299316
4.0,60.0,3.0,800.0,30.0,180.0,441.9417382415923,2.21435546875,-2.7770996093749987,199.58030428198037,159.13787778791763,16.666666666666668,202.73646466969032,2.0832222987492677,438.80626267271396,196.41855032959657,65.47285010986553,0.9865660400524718,0.9966424408300356,0.9911422004725614,0.9911422004725614,0.9673373184347286
4.0,60.0,3.0,800.0,50.0,180.0,441.9417382415923,2.21435546875,-2.7770996093749987,199.58030428198037,159.13787778791763,10.0,202.73646466969032,2.0832222987492677,425.47292933938064,196.41855032959657,65.47285010986553,0.9892501891108725,0.9966438633492738,0.9912147585357853,0.9912147585357853,0.9779273760226455
4.0,60.0,3.0,800.0,70.0,180.0,441.9417382415923,2.21435546875,-2.7770996093749987,199.58030428198037,159.13787778791763,7.142857142857143,202.73646466969032,2.0832222987492677,419.7586436250949,196.41855032959657,65.47285010986553,0.9900167538860563,0.9966435514128111,0.991245900402649,0.991245900402649,0.9809316633261158
4.0,60.0,3.5,400.0,30.0,210.0,441.9417382415923,2.21435546875,-2.7770996093749987,199.58030428198037,159.13787778791763,16.666666666666668,101.36823233484517,0.26040278734365846,236.06979800302366,98.20927516479829,28.059792904228082,0.9921048686352645,0.9924743749332785,0.9946939456743669,0.9946939457043729,0.9865572082290399
4.0,60.0,3.5,400.0,50.0,210.0,441.9417382415923,2.21435546875,-2.7770996093749987,199.58030428198037,159.13787778791763,10.0,101.36823233484517,0.26040278734365846,222.73646466969032,98.20927516479829,28.059792904228082,0.9927191263024706,0.9924643025295343,0.9947691297630125,0.9947691297905553,0.9888739431267801
4.0,60.0,3.5,400.0,70.0,210.0,441.9417382415923,2.21435546875,-2.7770996093749987,199.58030428198037,159.13787778791763,7.142857142857143,101.36823233484517,0.26040278734365846,217.02217895540463,98.20927516479829,28.059792904228082,0.992894236111203,0.9924601128727752,0.9948014396016642,0.9948014396338904,0.9895139523364823
4.0,60.0,3.5,500.0,30.0,210.0,441.9417382415923,2.21435546875,-2.7770996093749987,199.58030428198037,159.13787778791763,16.666666666666668,126.71029041855644,0.5085991940305828,286.7539141704462,122.76159395599785,35.074741130285105,0.9910783359195454,0.9957084262215569,0.9944340258593908,0.9944340258593908,0.979736865737843
4.0,60.0,3.5,500.0,50.0,210.0,441.9417382415923,2.21435546875,-2.7770996093749987,199.58030428198037,159.13787778791763,10.0,126.71029041855644,0.5085991940305828,273.4205808371129,122.76159395599785,35.074741130285105,0.9926058746831585,0.9957112257014886,0.994509121817128,0.994509121817128,0.9856940293968893
4.0,60.0,3.5,500.0,70.0,210.0,441.9417382415923,2.21435546875,-2.7770996093749987,199.58030428198037,159.13787778791763,7.142857142857143,126.71029041855644,0.5085991940305828,267.70629512282716,122.76159395599785,35.074741130285105,0.9930258468357476,0.9957097148202761,0.9945417256656595,0.9945417256656595,0.9873102211913951
4.0,60.0,3.5,600.0,30.0,210.0,441.9417382415923,2.21435546875,-2.7770996093749987,199.58030428198037,159.13787778791763,16.666666666666668,152.05234850226776,0.8788594072848475,337.43803033786884,147.31391274719743,42.08968935634213,0.9890429205877463,0.9972708435855617,0.99379853999534,0.99379853999534,0.9713037587747437
4.0,60.0,3.5,600.0,50.0,210.0,441.9417382415923,2.21435546875,-2.7770996093749987,199.58030428198037,159.13787778791763,10.0,152.05234850226776,0.8788594072848475,324.1046970045355,147.31391274719743,42.08968935634213,0.9916939070670688,0.9972586364336713,0.9938698622864723,0.9938698623229475,0.9817772672251843
4.0,60.0,3.5,600.0,70.0,210.0,441.9417382415923,2.21435546875,-2.7770996093749987,199.58030428198037,159.13787778791763,7.142857142857143,152.05234850226776,0.8788594072848475,318.3904112902498,147.31391274719743,42.08968935634213,0.9924291766259625,0.9972580210773432,0.9939020781150896,0.9939020781450283,0.9846545291663891
4.0,60.0,3.5,800.0,30.0,210.0,441.9417382415923,2.21435546875,-2.7770996093749987,199.58030428198037,159.13787778791763,16.666666666666668,202.73646466969032,2.0832222987492677,438.80626267271396,196.41855032959657,56.119585808456165,0.9877197581407926,0.9984441273232221,0.9921740732468274,0.9921740732468274,0.9680867587462938
4.0,60.0,3.5,800.0,50.0,210.0,441.9417382415923,2.21435546875,-2.7770996093749987,199.58030428198037,159.13787778791763,10.0,202.73646466969032,2.0832222987492677,425.47292933938064,196.41855032959657,56.119585808456165,0.9904048746946124,0.9984439339528244,0.9922470817388991,0.9922470817388991,0.9786814013478271
4.0,60.0,3.5,800.0,70.0,210.0,441.9417382415923,2.21435546875,-2.7770996093749987,199.58030428198037,159.13787778791763,7.142857142857143,202.73646466969032,2.0832222987492677,419.7586436250949,196.41855032959657,56.119585808456165,0.9911718512340172,0.9984445997314382,0.9922784794127648,0.9922784794127648,0.981685846379101
4.0,60.0,4.0,400.0,30.0,240.0,441.9417382415923,2.21435546875,-2.7770996093749987,199.58030428198037,159.13787778791763,16.666666666666668,101.36823233484517,0.26040278734365846,236.06979800302366,98.20927516479829,24.55231879119957,0.9933241030510984,0.9986866641227379,0.9934648121271932,0.9934648121630467,0.9876801237914157
4.0,60.0,4.0,400.0,50.0,240.0,441.9417382415923,2.21435546875,-2.7770996093749987,199.58030428198037,159.13787778791763,10.0,101.36823233484517,0.26040278734365846,222.73646466969032,98.20927516479829,24.55231879119957,0.9939362955246404,0.9986807963239392,0.9935398672268538,0.9935398672268538,0.9899846513209144
4.0,60.0,4.0,400.0,70.0,240.0,441.9417382415923,2.21435546875,-2.7770996093749987,199.58030428198037,159.13787778791763,7.142857142857143,101.36823233484517,0.26040278734365846,217.02217895540463,98.20927516479829,24.55231879119957,0.9941114616283238,0.9986816553538824,0.9935720747890799,0.9935720748379882,0.9906200415323447
4.0,60.0,4.0,500.0,30.0,240.0,441.9417382415923,2.21435546875,-2.7770996093749987,199.58030428198037,159.13787778791763,16.666666666666668,126.71029041855644,0.5085991940305828,286.7539141704462,122.76159395599785,30.690398488999463,0.9922303871044278,0.9994235111814535,0.9943336199392467,0.9943336199392467,0.9808307973577641
4.0,60.0,4.0,500.0,50.0,240.0,441.9417382415923,2.21435546875,-2.7770996093749987,199.58030428198037,159.13787778791763,10.0,126.71029041855644,0.5085991940305828,273.4205808371129,122.76159395599785,30.690398488999463,0.9937440378469605,0.9994276968535096,0.9944088320265768,0.9944088320265768,0.9867307904811788
4.0,60.0,4.0,500.0,70.0,240.0,441.9417382415923,2.21435546875,-2.7770996093749987,199.58030428198037,159.13787778791763,7.142857142857143,126.71029041855644,0.5085991940305828,267.70629512282716,122.76159395599785,30.690398488999463,0.994161007760179,0.9994276229046792,0.9944415495754411,0.9944415495774005,0.9883333089831956
4.0,60.0,4.0,600.0,30.0,240.0,441.9417382415923,2.21435546875,-2.7770996093749987,199.58030428198037,159.13787778791763,16.666666666666668,152.05234850226776,0.8788594072848475,337.43803033786884,147.31391274719743,36.82847818679936,0.9900909451654777,0.9996592902180261,0.9942199301217352,0.9942199301217352,0.9722646302004143
4.0,60.0,4.0,600.0,50.0,240.0,441.9417382415923,2.21435546875,-2.7770996093749987,199.58030428198037,159.13787778791763,10.0,152.05234850226776,0.8788594072848475,324.1046970045355,147.31391274719743,36.82847818679936,0.9927401325037899,0.9996593070597517,0.994290296858854,0.9942902968986361,0.9827206291979178
4.0,60.0,4.0,600.0,70.0,240.0,441.9417382415923,2.21435546875,-2.7770996093749987,199.58030428198037,159.13787778791763,7.142857142857143,152.05234850226776,0.8788594072848475,318.3904112902498,147.31391274719743,36.82847818679936,0.993472842742809,0.9996586342033011,0.9943225598839318,0.9943225599089653,0.9855876169750379
4.0,60.0,4.0,800.0,30.0,240.0,441.9417382415923,2.21435546875,-2.7770996093749987,199.58030428198037,159.13787778791763,16.666666666666668,202.73646466969032,2.0832222987492677,438.80626267271396,196.41855032959657,49.10463758239914,0.9886143766689388,0.99969313460401,0.992967137039644,0.992967137039644,0.9688300979924571
4.0,60.0,4.0,800.0,50.0,240.0,441.9417382415923,2.21435546875,-2.7770996093749987,199.58030428198037,159.13787778791763,10.0,202.73646466969032,2.0832222987492677,425.47292933938064,196.41855032959657,49.10463758239914,0.9913044368684185,0.9996935017894186,0.9930402183546108,0.9930402183546108,0.9794438089750337
4.0,60.0,4.0,800.0,70.0,240.0,441.9417382415923,2.21435546875,-2.7770996093749987,199.58030428198037,159.13787778791763,7.142857142857143,202.73646466969032,2.0832222987492677,419.7586436250949,196.41855032959657,49.10463758239914,0.9920749539395437,0.9996933752890724,0.9930715442621889,0.9930715442621889,0.9824633519447246
4.5,40.0,3.0,400.0,30.0,120.0,310.38980792825134,1.0922755301152902,-1.3698604360596933,284.1680504327416,226.5849861472499,16.666666666666668,228.07852275340156,2.966150499586358,489.4903788401365,155.19490396412567,51.73163465470856,0.9886712686426002,0.9945661146980125,0.989864795170313,0.9898647951769044,0.9803893695251711
4.5,40.0,3.0,400.0,50.0,120.0,310.38980792825134,1.0922755301152902,-1.3698604360596933,284.1680504327416,226.5849861472499,10.0,228.07852275340156,2.966150499586358,476.1570455068032,155.19490396412567,51.73163465470856,0.9889426357358209,0.994566168307094,0.989937373885247,0.9899373739062507,0.9813296268446919
4.5,40.0,3.0,400.0,70.0,120.0,310.38980792825134,1.0922755301152902,-1.3698604360596933,284.1680504327416,226.5849861472499,7.142857142857143,228.07852275340156,2.966150499586358,470.44275979251745,155.19490396412567,51.73163465470856,0.9890276394568516,0.9945649036731192,0.9899695261105415,0.9899695261270589,0.9816066019166865
4.5,40.0,3.0,500.0,30.0,120.0,310.38980792825134,1.0922755301152902,-1.3698604360596933,284.1680504327416,226.5849861472499,16.666666666666668,285.0981534417519,5.793262694504601,603.529640216837,193.99362995515708,64.6645433183857,0.9871690684700176,0.9961945498000866,0.9883209035472584,0.988320903553442,0.9758399169792835
4.5,40.0,3.0,500.0,50.0,120.0,310.38980792825134,1.0922755301152902,-1.3698604360596933,284.1680504327416,226.5849861472499,10.0,285.0981534417519,5.793262694504601,590.1963068835038,193.99362995515708,64.6645433183857,0.9877353104419433,0.9961936333283008,0.9883904981174483,0.9883904981240468,0.9779666121979775
4.5,40.0,3.0,500.0,70.0,120.0,310.38980792825134,1.0922755301152902,-1.3698604360596933,284.1680504327416,226.5849861472499,7.142857142857143,285.0981534417519,5.793262694504601,584.482021169218,193.99362995515708,64.6645433183857,0.9879026339041128,0.9961936982068784,0.9884230979708024,0.9884230979738142,0.978570641464956
4.5,40.0,3.0,600.0,30.0,120.0,310.38980792825134,1.0922755301152902,-1.3698604360596933,284.1680504327416,226.5849861472499,16.666666666666668,342.1177841301023,10.010757936103953,717.5689015935379,232.7923559461885,77.59745198206284,0.9854533740826398,0.9968071848137401,0.9867208612695154,0.9867208612695154,0.971564588977788
4.5,40.0,3.0,600.0,50.0,120.0,310.38980792825134,1.0922755301152902,-1.3698604360596933,284.1680504327416,226.5849861472499,10.0,342.1177841301023,10.010757936103953,704.2355682602046,232.7923559461885,77.59745198206284,0.9862559916741899,0.9968063739388147,0.986795329438927,0.9867953294439256,0.9746269338750924
4.5,40.0,3.0,600.0,70.0,120.0,310.38980792825134,1.0922755301152902,-1.3698604360596933,284.1680504327416,226.5849861472499,7.142857142857143,342.1177841301023,10.010757936103953,698.5212825459188,232.7923559461885,77.59745198206284,0.9864881751839725,0.9968062891394267,0.9868265111701637,0.9868265111701637,0.9754933892561356
4.5,40.0,3.0,800.0,30.0,120.0,310.38980792825134,1.0922755301152902,-1.3698604360596933,284.1680504327416,226.5849861472499,16.666666666666668,456.15704550680306,23.729203996690863,945.6474243469395,310.38980792825134,103.46326930941711,0.9830163659119382,0.9971848239598899,0.9835360457724366,0.9835360457724366,0.9678085481429897
4.5,40.0,3.0,800.0,50.0,120.0,310.38980792825134,1.0922755301152902,-1.3698604360596933,284.1680504327416,226.5849861472499,10.0,456.15704550680306,23.729203996690863,932.3140910136062,310.38980792825134,103.46326930941711,0.9835035875368829,0.9971847300069776,0.9836104827180154,0.9836104827180154,0.9696086547045234
4.5,40.0,3.0,800.0,70.0,120.0,310.38980792825134,1.0922755301152902,-1.3698604360596933,284.1680504327416,226.5849861472499,7.142857142857143,456.15704550680306,23.729203996690863,926.5998052993205,310.38980792825134,103.46326930941711,0.9836511366152135,0.997184719609608,0.9836425976038037,0.9836425976038037,0.9701346316436388
4.5,40.0,3.5,400.0,30.0,140.0,310.38980792825134,1.0922755301152902,-1.3698604360596933,284.1680504327416,226.5849861472499,16.666666666666668,228.07852275340156,2.966150499586358,489.4903788401365,155.19490396412567,44.34140113260734,0.9900701226705291,0.99719761155949,0.9908898583272745,0.9908898583272745,0.981303162468077
4.5,40.0,3.5,400.0,50.0,140.0,310.38980792825134,1.0922755301152902,-1.3698604360596933,284.1680504327416,226.5849861472499,10.0,228.07852275340156,2.966150499586358,476.1570455068032,155.19490396412567,44.34140113260734,0.9903404357809681,0.9971984654165994,0.9909632349662183,0.9909632349662183,0.9822368077748361
4.5,40.0,3.5,400.0,70.0,140.0,310.38980792825134,1.0922755301152902,-1.3698604360596933,284.1680504327416,226.5849861472499,7.142857142857143,228.07852275340156,2.966150499586358,470.44275979251745,155.19490396412567,44.34140113260734,0.9904244605400156,0.997195581889142,0.9909953752033791,0.9909953752171967,0.9825115098503447
4.5,40.0,3.5,500.0,30.0,140.0,310.38980792825134,1.0922755301152902,-1.3698604360596933,284.1680504327416,226.5849861472499,16.666666666666668,285.0981534417519,5.793262694504601,603.529640216837,193.99362995515708,55.42675141575917,0.9883690649575292,0.9981893059802687,0.9893458049033637,0.9893458049033637,0.9765953440431205
4.5,40.0,3.5,500.0,50.0,140.0,310.38980792825134,1.0922755301152902,-1.3698604360596933,284.1680504327416,226.5849861472499,10.0,285.0981534417519,5.793262694504601,590.1963068835038,193.99362995515708,55.42675141575917,0.9889385718435584,0.9981890299319979,0.9894203385232466,0.989420338536247,0.9787245803827418
4.5,40.0,3.5,500.0,70.0,140.0,310.38980792825134,1.0922755301152902,-1.3698604360596933,284.1680504327416,226.5849861472499,7.142857142857143,285.0981534417519,5.793262694504601,584.482021169218,193.99362995515708,55.42675141575917,0.9891060777268745,0.9981907680704597,0.9894524323201525,0.9894524323201525,0.9793286781967337
4.5,40.0,3.5,600.0,30.0,140.0,310.38980792825134,1.0922755301152902,-1.3698604360596933,284.1680504327416,226.5849861472499,16.666666666666668,342.1177841301023,10.010757936103953,717.5689015935379,232.7923559461885,66.512101698911,0.9865488178469208,0.9985832722278521,0.9876985046760487,0.9876985046760487,0.9722149898077337
4.5,40.0,3.5,600.0,50.0,140.0,310.38980792825134,1.0922755301152902,-1.3698604360596933,284.1680504327416,226.5849861472499,10.0,342.1177841301023,10.010757936103953,704.2355682602046,232.7923559461885,66.512101698911,0.9873519418103238,0.9985829024501245,0.9877722039359502,0.9877722039410288,0.975280456914192
4.5,40.0,3.5,600.0,70.0,140.0,310.38980792825134,1.0922755301152902,-1.3698604360596933,284.1680504327416,226.5849861472499,7.142857142857143,342.1177841301023,10.010757936103953,698.5212825459188,232.7923559461885,66.512101698911,0.9875843245152917,0.9985828081435925,0.9878042257533819,0.9878042257533819,0.9761460384108105
4.5,40.0,3.5,800.0,30.0,140.0,310.38980792825134,1.0922755301152902,-1.3698604360596933,284.1680504327416,226.5849861472499,16.666666666666668,456.15704550680306,23.729203996690863,945.6474243469395,310.38980792825134,88.68280226521468,0.9839816603060364,0.9988377044274155,0.984382843070881,0.984382843070881,0.9683232506549682
4.5,40.0,3.5,800.0,50.0,140.0,310.38980792825134,1.0922755301152902,-1.3698604360596933,284.1680504327416,226.5849861472499,10.0,456.15704550680306,23.729203996690863,932.3140910136062,310.38980792825134,88.68280226521468,0.9844684682733633,0.9988376400924064,0.9844573486448605,0.9844573486448605,0.9701215357113261
4.5,40.0,3.5,800.0,70.0,140.0,310.38980792825134,1.0922755301152902,-1.3698604360596933,284.1680504327416,226.5849861472499,7.142857142857143,456.15704550680306,23.729203996690863,926.5998052993205,310.38980792825134,88.68280226521468,0.9846160434529176,0.9988376024538748,0.9844896830382889,0.9844896830382889,0.9706472052812178
4.5,40.0,4.0,400.0,30.0,160.0,310.38980792825134,1.0922755301152902,-1.3698604360596933,284.1680504327416,226.5849861472499,16.666666666666668,228.07852275340156,2.966150499586358,489.4903788401365,155.19490396412567,38.79872599103142,0.9911615488636918,0.9996137559891307,0.991415997037109,0.9914159970426197,0.9822004453859077
4.5,40.0,4.0,400.0,50.0,160.0,310.38980792825134,1.0922755301152902,-1.3698604360596933,284.1680504327416,226.5849861472499,10.0,228.07852275340156,2.966150499586358,476.1570455068032,155.19490396412567,38.79872599103142,0.9914319449852584,0.9996137821878532,0.9914890389851805,0.9914890389851805,0.9831359197828194
4.5,40.0,4.0,400.0,70.0,160.0,310.38980792825134,1.0922755301152902,-1.3698604360596933,284.1680504327416,226.5849861472499,7.142857142857143,228.07852275340156,2.966150499586358,470.44275979251745,155.19490396412567,38.79872599103142,0.9915166424105204,0.999613633031402,0.991520714823545,0.9915207148434781,0.9834115069436563
4.5,40.0,4.0,500.0,30.0,160.0,310.38980792825134,1.0922755301152902,-1.3698604360596933,284.1680504327416,226.5849861472499,16.666666666666668,285.0981534417519,5.793262694504601,603.529640216837,193.99362995515708,48.49840748878927,0.9893232519942904,0.9996520503368227,0.9901280481430007,0.9901280481430007,0.9773848613543372
4.5,40.0,4.0,500.0,50.0,160.0,310.38980792825134,1.0922755301152902,-1.3698604360596933,284.1680504327416,226.5849861472499,10.0,285.0981534417519,5.793262694504601,590.1963068835038,193.99362995515708,48.49840748878927,0.9898923155197252,0.9996520319407473,0.9902022429190231,0.990202242920979,0.9795127442981517
4.5,40.0,4.0,500.0,70.0,160.0,310.38980792825134,1.0922755301152902,-1.3698604360596933,284.1680504327416,226.5849861472499,7.142857142857143,285.0981534417519,5.793262694504601,584.482021169218,193.99362995515708,48.49840748878927,0.990058563470539,0.999651967938936,0.9902340756048955,0.9902340756048955,0.9801141347334292
4.5,40.0,4.0,600.0,30.0,160.0,310.38980792825134,1.0922755301152902,-1.3698604360596933,284.1680504327416,226.5849861472499,16.666666666666668,342.1177841301023,10.010757936103953,717.5689015935379,232.7923559461885,58.19808898654713,0.9874041029853834,0.999607321378442,0.9885515072571736,0.9885515072571736,0.9729060760487444
4.5,40.0,4.0,600.0,50.0,160.0,310.38980792825134,1.0922755301152902,-1.3698604360596933,284.1680504327416,226.5849861472499,10.0,342.1177841301023,10.010757936103953,704.2355682602046,232.7923559461885,58.19808898654713,0.9882074542534313,0.9996076717775266,0.9886253250157314,0.9886253250217134,0.9759714951987535
4.5,40.0,4.0,600.0,70.0,160.0,310.38980792825134,1.0922755301152902,-1.3698604360596933,284.1680504327416,226.5849861472499,7.142857142857143,342.1177841301023,10.010757936103953,698.5212825459188,232.7923559461885,58.19808898654713,0.9884405176221618,0.9996076303380259,0.9886573915160984,0.9886573915160984,0.9768396571184241
4.5,40.0,4.0,800.0,30.0,160.0,310.38980792825134,1.0922755301152902,-1.3698604360596933,284.1680504327416,226.5849861472499,16.666666666666668,456.15704550680306,23.729203996690863,945.6474243469395,310.38980792825134,77.59745198206284,0.984701075716867,0.9995058993692505,0.9852108735144176,0.9852108735144176,0.9688766564693828
4.5,40.0,4.0,800.0,50.0,160.0,310.38980792825134,1.0922755301152902,-1.3698604360596933,284.1680504327416,226.5849861472499,10.0,456.15704550680306,23.729203996690863,932.3140910136062,310.38980792825134,77.59745198206284,0.9851881181153057,0.9995058711683816,0.9852854229770939,0.9852854229770939,0.9706757553386537
4.5,40.0,4.0,800.0,70.0,160.0,310.38980792825134,1.0922755301152902,-1.3698604360596933,284.1680504327416,226.5849861472499,7.142857142857143,456.15704550680306,23.729203996690863,926.5998052993205,310.38980792825134,77.59745198206284,0.9853357593922171,0.9995058415816235,0.9853176514590737,0.9853176514590737,0.9712018930690975
4.5,50.0,3.0,400.0,30.0,150.0,310.38980792825134,1.0922755301152902,-1.3698604360596933,284.1680504327416,226.5849861472499,16.666666666666668,145.970254562177,0.7775585565635659,325.2738424576873,99.32473853704043,33.10824617901348,0.9908132734965787,0.9910749819531738,0.9932132326551242,0.993213232680461,0.9857516466975556
4.5,50.0,3.0,400.0,50.0,150.0,310.38980792825134,1.0922755301152902,-1.3698604360596933,284.1680504327416,226.5849861472499,10.0,145.970254562177,0.7775585565635659,311.940509124354,99.32473853704043,33.10824617901348,0.9910405135754567,0.9910327929016179,0.9932901290715576,0.9932901290715576,0.9865490032570942
4.5,50.0,3.0,400.0,70.0,150.0,310.38980792825134,1.0922755301152902,-1.3698604360596933,284.1680504327416,226.5849861472499,7.142857142857143,145.970254562177,0.7775585565635659,306.22622341006826,99.32473853704043,33.10824617901348,0.991127852475947,0.991068148500683,0.9933235338907609,0.9933235339018512,0.986796193610493
4.5,50.0,3.0,500.0,30.0,150.0,310.38980792825134,1.0922755301152902,-1.3698604360596933,284.1680504327416,226.5849861472499,16.666666666666668,182.4628182027212,1.5186690557882137,398.2589697387757,124.15592317130054,41.38530772376684,0.9909114726371788,0.9946739737967478,0.9922797446334151,0.9922797446397105,0.9844124274788418
4.5,50.0,3.0,500.0,50.0,150.0,310.38980792825134,1.0922755301152902,-1.3698604360596933,284.1680504327416,226.5849861472499,10.0,182.4628182027212,1.5186690557882137,384.9256364054424,124.15592317130054,41.38530772376684,0.9910823807273865,0.9946729046877762,0.9923491320835172,0.9923491320985904,0.9849583540396623
4.5,50.0,3.0,500.0,70.0,150.0,310.38980792825134,1.0922755301152902,-1.3698604360596933,284.1680504327416,226.5849861472499,7.142857142857143,182.4628182027212,1.5186690557882137,379.21135069115667,124.15592317130054,41.38530772376684,0.9911407365610632,0.9946694687161605,0.9923809382319655,0.9923809382337654,0.9851316010623613
4.5,50.0,3.0,600.0,30.0,150.0,310.38980792825134,1.0922755301152902,-1.3698604360596933,284.1680504327416,226.5849861472499,16.666666666666668,218.95538184326546,2.624260128402034,471.2440970198642,148.98710780556064,49.662369268520216,0.9901577494866594,0.9960958863435008,0.9911832595086152,0.9911832595086152,0.9821685925859063
4.5,50.0,3.0,600.0,50.0,150.0,310.38980792825134,1.0922755301152902,-1.3698604360596933,284.1680504327416,226.5849861472499,10.0,218.95538184326546,2.624260128402034,457.9107636865309,148.98710780556064,49.662369268520216,0.9903962189534755,0.9960957564712831,0.991257255028562,0.991257255028562,0.982974609285495
4.5,50.0,3.0,600.0,70.0,150.0,310.38980792825134,1.0922755301152902,-1.3698604360596933,284.1680504327416,226.5849861472499,7.142857142857143,218.95538184326546,2.624260128402034,452.1964779722452,148.98710780556064,49.662369268520216,0.9904736396478915,0.9960997318092397,0.9912896881057148,0.9912896881057148,0.9832154505708965
4.5,50.0,3.0,800.0,30.0,150.0,310.38980792825134,1.0922755301152902,-1.3698604360596933,284.1680504327416,226.5849861472499,16.666666666666668,291.9405091243539,6.220468452508527,617.2143515820412,198.64947707408086,66.21649235802695,0.9877438043964331,0.9970484276631693,0.9889199690968191,0.9889199690968191,0.9760868517289247
4.5,50.0,3.0,800.0,50.0,150.0,310.38980792825134,1.0922755301152902,-1.3698604360596933,284.1680504327416,226.5849861472499,10.0,291.9405091243539,6.220468452508527,603.8810182487078,198.64947707408086,66.21649235802695,0.9883502893330064,0.9970483192315744,0.9889938154696417,0.9889938154696417,0.9783652071611675
4.5,50.0,3.0,800.0,70.0,150.0,310.38980792825134,1.0922755301152902,-1.3698604360596933,284.1680504327416,226.5849861472499,7.142857142857143,291.9405091243539,6.220468452508527,598.1667325344221,198.64947707408086,66.21649235802695,0.9885276589394382,0.9970481620448449,0.9890258994294647,0.9890258994294647,0.9790106748539784
4.5,50.0,3.5,400.0,30.0,175.0,310.38980792825134,1.0922755301152902,-1.3698604360596933,284.1680504327416,226.5849861472499,16.666666666666668,145.970254562177,0.7775585565635659,325.2738424576873,99.32473853704043,28.378496724868693,0.99227222916706,0.9952013338957872,0.9934895136868812,0.9934895137263903,0.9869085553591811
4.5,50.0,3.5,400.0,50.0,175.0,310.38980792825134,1.0922755301152902,-1.3698604360596933,284.1680504327416,226.5849861472499,10.0,145.970254562177,0.7775585565635659,311.940509124354,99.32473853704043,28.378496724868693,0.9925142424823605,0.9952144610156349,0.9935646682163071,0.9935646682423815,0.9877131724551184
4.5,50.0,3.5,400.0,70.0,175.0,310.38980792825134,1.0922755301152902,-1.3698604360596933,284.1680504327416,226.5849861472499,7.142857142857143,145.970254562177,0.7775585565635659,306.22622341006826,99.32473853704043,28.378496724868693,0.9925948339413293,0.9952232200912858,0.9935969216183417,0.9935969216421625,0.987962272413527
4.5,50.0,3.5,500.0,30.0,175.0,310.38980792825134,1.0922755301152902,-1.3698604360596933,284.1680504327416,226.5849861472499,16.666666666666668,182.4628182027212,1.5186690557882137,398.2589697387757,124.15592317130054,35.47312090608587,0.9921847317221575,0.9972342621366661,0.9930363880424125,0.9930363880877726,0.9854318886217786
4.5,50.0,3.5,500.0,50.0,175.0,310.38980792825134,1.0922755301152902,-1.3698604360596933,284.1680504327416,226.5849861472499,10.0,182.4628182027212,1.5186690557882137,384.9256364054424,124.15592317130054,35.47312090608587,0.9923589405867762,0.997233004265649,0.9931117973453347,0.9931117973453347,0.9859791633907865
4.5,50.0,3.5,500.0,70.0,175.0,310.38980792825134,1.0922755301152902,-1.3698604360596933,284.1680504327416,226.5849861472499,7.142857142857143,182.4628182027212,1.5186690557882137,379.21135069115667,124.15592317130054,35.47312090608587,0.9924183968667744,0.9972351295528951,0.9931427190800073,0.9931427190980977,0.9861530197360973
4.5,50.0,3.5,600.0,30.0,175.0,310.38980792825134,1.0922755301152902,-1.3698604360596933,284.1680504327416,226.5849861472499,16.666666666666668,218.95538184326546,2.624260128402034,471.2440970198642,148.98710780556064,42.56774508730304,0.9913590959691734,0.9981065852271898,0.9921272575249054,0.9921272575249054,0.9830752835996928
4.5,50.0,3.5,600.0,50.0,175.0,310.38980792825134,1.0922755301152902,-1.3698604360596933,284.1680504327416,226.5849861472499,10.0,218.95538184326546,2.624260128402034,457.9107636865309,148.98710780556064,42.56774508730304,0.991597395948477,0.9981062093409001,0.9922013241008787,0.9922013241008787,0.9838807262512503
4.5,50.0,3.5,600.0,70.0,175.0,310.38980792825134,1.0922755301152902,-1.3698604360596933,284.1680504327416,226.5849861472499,7.142857142857143,218.95538184326546,2.624260128402034,452.1964779722452,148.98710780556064,42.56774508730304,0.9916738930492299,0.9981063668228417,0.9922338616863124,0.9922338616886942,0.9841214819990713
4.5,50.0,3.5,800.0,30.0,175.0,310.38980792825134,1.0922755301152902,-1.3698604360596933,284.1680504327416,226.5849861472499,16.666666666666668,291.9405091243539,6.220468452508527,617.2143515820412,198.64947707408086,56.75699344973739,0.9888467366196999,0.9987259246138291,0.9899211571856178,0.9899211571856178,0.9768187074937349
4.5,50.0,3.5,800.0,50.0,175.0,310.38980792825134,1.0922755301152902,-1.3698604360596933,284.1680504327416,226.5849861472499,10.0,291.9405091243539,6.220468452508527,603.8810182487078,198.64947707408086,56.75699344973739,0.9894538224766473,0.9987258650092979,0.9899951752902834,0.9899951752902834,0.9790990743167243
4.5,50.0,3.5,800.0,70.0,175.0,310.38980792825134,1.0922755301152902,-1.3698604360596933,284.1680504327416,226.5849861472499,7.142857142857143,291.9405091243539,6.220468452508527,598.1667325344221,198.64947707408086,56.75699344973739,0.9896312713935729,0.9987258902366858,0.9900271958493121,0.9900271958493121,0.9797448036389818
4.5,50.0,4.0,400.0,30.0,200.0,310.38980792825134,1.0922755301152902,-1.3698604360596933,284.1680504327416,226.5849861472499,16.666666666666668,145.970254562177,0.7775585565635659,325.2738424576873,99.32473853704043,24.831184634260108,0.9927994881037783,0.9993127522879144,0.9920110108753737,0.9920110109203111,0.987863178331514
4.5,50.0,4.0,400.0,50.0,200.0,310.38980792825134,1.0922755301152902,-1.3698604360596933,284.1680504327416,226.5849861472499,10.0,145.970254562177,0.7775585565635659,311.940509124354,99.32473853704043,24.831184634260108,0.993042756957899,0.9993178998245976,0.9920859897923611,0.9920859897923611,0.988681148422276
4.5,50.0,4.0,400.0,70.0,200.0,310.38980792825134,1.0922755301152902,-1.3698604360596933,284.1680504327416,226.5849861472499,7.142857142857143,145.970254562177,0.7775585565635659,306.22622341006826,99.32473853704043,24.831184634260108,0.9931232556515819,0.9993192724569298,0.9921200154401559,0.9921200154421279,0.9889337192671138
4.5,50.0,4.0,500.0,30.0,200.0,310.38980792825134,1.0922755301152902,-1.3698604360596933,284.1680504327416,226.5849861472499,16.666666666666668,182.4628182027212,1.5186690557882137,398.2589697387757,124.15592317130054,31.038980792825136,0.9929151857662764,0.9996410781206053,0.9928228779855477,0.9928228780547241,0.9863739089042283
4.5,50.0,4.0,500.0,50.0,200.0,310.38980792825134,1.0922755301152902,-1.3698604360596933,284.1680504327416,226.5849861472499,10.0,182.4628182027212,1.5186690557882137,384.9256364054424,124.15592317130054,31.038980792825136,0.9930903273491464,0.9996412838277512,0.9928984465100201,0.9928984465367339,0.9869231325220802
4.5,50.0,4.0,500.0,70.0,200.0,310.38980792825134,1.0922755301152902,-1.3698604360596933,284.1680504327416,226.5849861472499,7.142857142857143,182.4628182027212,1.5186690557882137,379.21135069115667,124.15592317130054,31.038980792825136,0.9931495378836992,0.9996409457263913,0.9929298213597739,0.992929821361665,0.987097563086967
4.5,50.0,4.0,600.0,30.0,200.0,310.38980792825134,1.0922755301152902,-1.3698604360596933,284.1680504327416,226.5849861472499,16.666666666666668,218.95538184326546,2.624260128402034,471.2440970198642,148.98710780556064,37.24677695139016,0.992156352943186,0.9996860641088843,0.9924858365513753,0.9924858365513753,0.9839676745611095
4.5,50.0,4.0,600.0,50.0,200.0,310.38980792825134,1.0922755301152902,-1.3698604360596933,284.1680504327416,226.5849861472499,10.0,218.95538184326546,2.624260128402034,457.9107636865309,148.98710780556064,37.24677695139016,0.9923937650893204,0.9996859836842087,0.9925600574808542,0.9925600574837475,0.9847689617084714
4.5,50.0,4.0,600.0,70.0,200.0,310.38980792825134,1.0922755301152902,-1.3698604360596933,284.1680504327416,226.5849861472499,7.142857142857143,218.95538184326546,2.624260128402034,452.1964779722452,148.98710780556064,37.24677695139016,0.9924699589617068,0.9996860541360253,0.9925927715749141,0.9925927715749141,0.9850082385609733
4.5,50.0,4.0,800.0,30.0,200.0,310.38980792825134,1.0922755301152902,-1.3698604360596933,284.1680504327416,226.5849861472499,16.666666666666668,291.9405091243539,6.220468452508527,617.2143515820412,198.64947707408086,49.662369268520216,0.9896449260146953,0.999622036345466,0.9906865884471896,0.9906865884471896,0.9775844908189362
4.5,50.0,4.0,800.0,50.0,200.0,310.38980792825134,1.0922755301152902,-1.3698604360596933,284.1680504327416,226.5849861472499,10.0,291.9405091243539,6.220468452508527,603.8810182487078,198.64947707408086,49.662369268520216,0.9902510544312684,0.9996219932807859,0.9907605503585888,0.9907605503585888,0.9798611237271099
4.5,50.0,4.0,800.0,70.0,200.0,310.38980792825134,1.0922755301152902,-1.3698604360596933,284.1680504327416,226.5849861472499,7.142857142857143,291.9405091243539,6.220468452508527,598.1667325344221,198.64947707408086,49.662369268520216,0.9904283790588162,0.9996219727894297,0.9907926915035832,0.9907926915035832,0.9805061604386687
4.5,60.0,3.0,400.0,30.0,180.0,310.38980792825134,1.0922755301152902,-1.3698604360596933,284.1680504327416,226.5849861472499,16.666666666666668,101.36823233484517,0.26040278734365846,236.06979800302366,68.97551287294475,22.991837624314915,0.9905794402417494,0.9853543370642148,0.9946435645062726,0.9946435645062726,0.9876762948902376
4.5,60.0,3.0,400.0,50.0,180.0,310.38980792825134,1.0922755301152902,-1.3698604360596933,284.1680504327416,226.5849861472499,10.0,101.36823233484517,0.26040278734365846,222.73646466969032,68.97551287294475,22.991837624314915,0.9910292486181851,0.9853417363912225,0.994718723465646,0.994718723486691,0.9893378111291806
4.5,60.0,3.0,400.0,70.0,180.0,310.38980792825134,1.0922755301152902,-1.3698604360596933,284.1680504327416,226.5849861472499,7.142857142857143,101.36823233484517,0.26040278734365846,217.02217895540463,68.97551287294475,22.991837624314915,0.9911673136707236,0.9853359687052972,0.9947510269683317,0.9947510269826529,0.9898312320266127
4.5,60.0,3.0,500.0,30.0,180.0,310.38980792825134,1.0922755301152902,-1.3698604360596933,284.1680504327416,226.5849861472499,16.666666666666668,126.71029041855644,0.5085991940305828,286.7539141704462,86.21939109118092,28.739797030393643,0.9920765413161888,0.9920193156324524,0.9944937891220622,0.9944937891414418,0.9872992713687989
4.5,60.0,3.0,500.0,50.0,180.0,310.38980792825134,1.0922755301152902,-1.3698604360596933,284.1680504327416,226.5849861472499,10.0,126.71029041855644,0.5085991940305828,273.4205808371129,86.21939109118092,28.739797030393643,0.992385201677106,0.9919851650364055,0.9945689257173548,0.9945689257349115,0.9884177902197521
4.5,60.0,3.0,500.0,70.0,180.0,310.38980792825134,1.0922755301152902,-1.3698604360596933,284.1680504327416,226.5849861472499,7.142857142857143,126.71029041855644,0.5085991940305828,267.70629512282716,86.21939109118092,28.739797030393643,0.9924931974919395,0.9920146297109582,0.9946016842662446,0.9946016842680877,0.9887547917224675
4.5,60.0,3.0,600.0,30.0,180.0,310.38980792825134,1.0922755301152902,-1.3698604360596933,284.1680504327416,226.5849861472499,16.666666666666668,152.05234850226776,0.8788594072848475,337.43803033786884,103.46326930941711,34.487756436472374,0.9922813898957573,0.9947415016851564,0.9939041645580556,0.9939041645861044,0.9865757287537127
4.5,60.0,3.0,600.0,50.0,180.0,310.38980792825134,1.0922755301152902,-1.3698604360596933,284.1680504327416,226.5849861472499,10.0,152.05234850226776,0.8788594072848475,324.1046970045355,103.46326930941711,34.487756436472374,0.9924994349175047,0.9947397940080023,0.9939793751152424,0.9939793751241517,0.9872991954226228
4.5,60.0,3.0,600.0,70.0,180.0,310.38980792825134,1.0922755301152902,-1.3698604360596933,284.1680504327416,226.5849861472499,7.142857142857143,152.05234850226776,0.8788594072848475,318.3904112902498,103.46326930941711,34.487756436472374,0.9925713086208112,0.994737379147681,0.9940116143777649,0.9940116143913298,0.9875246265664692
4.5,60.0,3.0,800.0,30.0,180.0,310.38980792825134,1.0922755301152902,-1.3698604360596933,284.1680504327416,226.5849861472499,16.666666666666668,202.73646466969032,2.0832222987492677,438.80626267271396,137.9510257458895,45.98367524862983,0.991308044722519,0.9966424408300356,0.9923156248386463,0.9923156248386463,0.9839584883827477
4.5,60.0,3.0,800.0,50.0,180.0,310.38980792825134,1.0922755301152902,-1.3698604360596933,284.1680504327416,226.5849861472499,10.0,202.73646466969032,2.0832222987492677,425.47292933938064,137.9510257458895,45.98367524862983,0.9915025161692317,0.9966438633492738,0.992388431945986,0.992388431945986,0.9845893374356809
4.5,60.0,3.0,800.0,70.0,180.0,310.38980792825134,1.0922755301152902,-1.3698604360596933,284.1680504327416,226.5849861472499,7.142857142857143,202.73646466969032,2.0832222987492677,419.7586436250949,137.9510257458895,45.98367524862983,0.9915664813452083,0.9966435514128111,0.992419254355347,0.992419254355347,0.9847838652573283
4.5,60.0,3.5,400.0,30.0,210.0,310.38980792825134,1.0922755301152902,-1.3698604360596933,284.1680504327416,226.5849861472499,16.666666666666668,101.36823233484517,0.26040278734365846,236.06979800302366,68.97551287294475,19.707289392269928,0.991581545619548,0.9924743749332785,0.9924898805034872,0.9924898805034872,0.988872046537939
4.5,60.0,3.5,400.0,50.0,210.0,310.38980792825134,1.0922755301152902,-1.3698604360596933,284.1680504327416,226.5849861472499,10.0,101.36823233484517,0.26040278734365846,222.73646466969032,68.97551287294475,19.707289392269928,0.9920370790367325,0.9924643025295343,0.9925649119949194,0.9925649120282927,0.9905541895941836
4.5,60.0,3.5,400.0,70.0,210.0,310.38980792825134,1.0922755301152902,-1.3698604360596933,284.1680504327416,226.5849861472499,7.142857142857143,101.36823233484517,0.26040278734365846,217.02217895540463,68.97551287294475,19.707289392269928,0.992176294820643,0.9924601128727752,0.992597109252096,0.9925971092712944,0.9910508478864064
4.5,60.0,3.5,500.0,30.0,210.0,310.38980792825134,1.0922755301152902,-1.3698604360596933,284.1680504327416,226.5849861472499,16.666666666666668,126.71029041855644,0.5085991940305828,286.7539141704462,86.21939109118092,24.63411174033741,0.9930264568676317,0.9957084262215569,0.9939756219851577,0.993975622013451,0.9884461572503609
4.5,60.0,3.5,500.0,50.0,210.0,310.38980792825134,1.0922755301152902,-1.3698604360596933,284.1680504327416,226.5849861472499,10.0,126.71029041855644,0.5085991940305828,273.4205808371129,86.21939109118092,24.63411174033741,0.9933470389942904,0.9957112257014886,0.9940507796617151,0.9940507796899074,0.9895753709240509
4.5,60.0,3.5,500.0,70.0,210.0,310.38980792825134,1.0922755301152902,-1.3698604360596933,284.1680504327416,226.5849861472499,7.142857142857143,126.71029041855644,0.5085991940305828,267.70629512282716,86.21939109118092,24.63411174033741,0.9934479639085876,0.9957097148202761,0.9940830372975757,0.9940830373182984,0.9899160661982
4.5,60.0,3.5,600.0,30.0,210.0,310.38980792825134,1.0922755301152902,-1.3698604360596933,284.1680504327416,226.5849861472499,16.666666666666668,152.05234850226776,0.8788594072848475,337.43803033786884,103.46326930941711,29.56093408840489,0.9933092895777245,0.9972708435855617,0.9941566012242438,0.9941566012242438,0.9876531122768487
4.5,60.0,3.5,600.0,50.0,210.0,310.38980792825134,1.0922755301152902,-1.3698604360596933,284.1680504327416,226.5849861472499,10.0,152.05234850226776,0.8788594072848475,324.1046970045355,103.46326930941711,29.56093408840489,0.9935261145354942,0.9972586364336713,0.994231892772734,0.9942318927758584,0.9883820361597131
4.5,60.0,3.5,600.0,70.0,210.0,310.38980792825134,1.0922755301152902,-1.3698604360596933,284.1680504327416,226.5849861472499,7.142857142857143,152.05234850226776,0.8788594072848475,318.3904112902498,103.46326930941711,29.56093408840489,0.993599504980315,0.9972580210773432,0.9942653606839627,0.9942653606839627,0.9886092774759918
4.5,60.0,3.5,800.0,30.0,210.0,310.38980792825134,1.0922755301152902,-1.3698604360596933,284.1680504327416,226.5849861472499,16.666666666666668,202.73646466969032,2.0832222987492677,438.80626267271396,137.9510257458895,39.414578784539856,0.9924091924514845,0.9984441273232221,0.9931499173219891,0.9931499173219891,0.9848928078387378
4.5,60.0,3.5,800.0,50.0,210.0,310.38980792825134,1.0922755301152902,-1.3698604360596933,284.1680504327416,226.5849861472499,10.0,202.73646466969032,2.0832222987492677,425.47292933938064,137.9510257458895,39.414578784539856,0.9926034130669115,0.9984439339528244,0.9932231313372062,0.9932231313388493,0.9855234556387662
4.5,60.0,3.5,800.0,70.0,210.0,310.38980792825134,1.0922755301152902,-1.3698604360596933,284.1680504327416,226.5849861472499,7.142857142857143,202.73646466969032,2.0832222987492677,419.7586436250949,137.9510257458895,39.414578784539856,0.9926677314309929,0.9984445997314382,0.9932542095931454,0.9932542095931454,0.9857179068062426
4.5,60.0,4.0,400.0,30.0,240.0,310.38980792825134,1.0922755301152902,-1.3698604360596933,284.1680504327416,226.5849861472499,16.666666666666668,101.36823233484517,0.26040278734365846,236.06979800302366,68.97551287294475,17.243878218236187,0.9899160738753853,0.9986866641227379,0.9857796971218801,0.9857796971218801,0.989418237135043
4.5,60.0,4.0,400.0,50.0,240.0,310.38980792825134,1.0922755301152902,-1.3698604360596933,284.1680504327416,226.5849861472499,10.0,101.36823233484517,0.26040278734365846,222.73646466969032,68.97551287294475,17.243878218236187,0.9903808381193269,0.9986807963239392,0.9858542497401017,0.9858542497707947,0.9911340566424718
4.5,60.0,4.0,400.0,70.0,240.0,310.38980792825134,1.0922755301152902,-1.3698604360596933,284.1680504327416,226.5849861472499,7.142857142857143,101.36823233484517,0.26040278734365846,217.02217895540463,68.97551287294475,17.243878218236187,0.990523790000136,0.9986816553538824,0.9858882090642758,0.9858882090905812,0.9916370864918045
4.5,60.0,4.0,500.0,30.0,240.0,310.38980792825134,1.0922755301152902,-1.3698604360596933,284.1680504327416,226.5849861472499,16.666666666666668,126.71029041855644,0.5085991940305828,286.7539141704462,86.21939109118092,21.55484777279523,0.9925913325686251,0.9994235111814535,0.9908482988541363,0.9908482988541363,0.9892452213847742
4.5,60.0,4.0,500.0,50.0,240.0,310.38980792825134,1.0922755301152902,-1.3698604360596933,284.1680504327416,226.5849861472499,10.0,126.71029041855644,0.5085991940305828,273.4205808371129,86.21939109118092,21.55484777279523,0.9929165564912129,0.9994276968535096,0.9909232466960362,0.9909232467010021,0.9903920357143036
4.5,60.0,4.0,500.0,70.0,240.0,310.38980792825134,1.0922755301152902,-1.3698604360596933,284.1680504327416,226.5849861472499,7.142857142857143,126.71029041855644,0.5085991940305828,267.70629512282716,86.21939109118092,21.55484777279523,0.9930206047545332,0.9994276229046792,0.9909564335241662,0.9909564335260852,0.9907419290632025
4.5,60.0,4.0,600.0,30.0,240.0,310.38980792825134,1.0922755301152902,-1.3698604360596933,284.1680504327416,226.5849861472499,16.666666666666668,152.05234850226776,0.8788594072848475,337.43803033786884,103.46326930941711,25.86581732735428,0.9934392580716351,0.9996592902180261,0.992777921489798,0.9927779214948638,0.9885418990838527
4.5,60.0,4.0,600.0,50.0,240.0,310.38980792825134,1.0922755301152902,-1.3698604360596933,284.1680504327416,226.5849861472499,10.0,152.05234850226776,0.8788594072848475,324.1046970045355,103.46326930941711,25.86581732735428,0.9936619292822068,0.9996593070597517,0.9928531711777361,0.9928531712022362,0.9892820676891029
4.5,60.0,4.0,600.0,70.0,240.0,310.38980792825134,1.0922755301152902,-1.3698604360596933,284.1680504327416,226.5849861472499,7.142857142857143,152.05234850226776,0.8788594072848475,318.3904112902498,103.46326930941711,25.86581732735428,0.9937355687610341,0.9996586342033011,0.9928858463799228,0.9928858463799228,0.9895119480809897
4.5,60.0,4.0,800.0,30.0,240.0,310.38980792825134,1.0922755301152902,-1.3698604360596933,284.1680504327416,226.5849861472499,16.666666666666668,202.73646466969032,2.0832222987492677,438.80626267271396,137.9510257458895,34.487756436472374,0.9929891776510178,0.99969313460401,0.9932395262384843,0.9932395262384843,0.9857845235230925
4.5,60.0,4.0,800.0,50.0,240.0,310.38980792825134,1.0922755301152902,-1.3698604360596933,284.1680504327416,226.5849861472499,10.0,202.73646466969032,2.0832222987492677,425.47292933938064,137.9510257458895,34.487756436472374,0.9931826132574875,0.9996935017894186,0.9933120896932288,0.9933120896967649,0.9864127718505373
4.5,60.0,4.0,800.0,70.0,240.0,310.38980792825134,1.0922755301152902,-1.3698604360596933,284.1680504327416,226.5849861472499,7.142857142857143,202.73646466969032,2.0832222987492677,419.7586436250949,137.9510257458895,34.487756436472374,0.9932465436826733,0.9996933752890724,0.9933431506624719,0.9933431506624719,0.9866064981166769
5.0,40.0,3.0,400.0,30.0,120.0,226.27416997969527,0.58048,-0.7279999999999999,389.805281800743,310.81616755452654,16.666666666666668,228.07852275340156,2.966150499586358,489.4903788401365,113.13708498984764,37.71236166328254,0.9896080240818939,0.9945661146980125,0.9909061036759164,0.9909061036914031,0.9820537742622434
5.0,40.0,3.0,400.0,50.0,120.0,226.27416997969527,0.58048,-0.7279999999999999,389.805281800743,310.81616755452654,10.0,228.07852275340156,2.966150499586358,476.1570455068032,113.13708498984764,37.71236166328254,0.9897598329060668,0.994566168307094,0.9909798453277451,0.9909798453384706,0.9825134726509575
5.0,40.0,3.0,400.0,70.0,120.0,226.27416997969527,0.58048,-0.7279999999999999,389.805281800743,310.81616755452654,7.142857142857143,228.07852275340156,2.966150499586358,470.44275979251745,113.13708498984764,37.71236166328254,0.9898121550238096,0.9945649036731192,0.9910120159865754,0.9910120159924298,0.9826596844431139
5.0,40.0,3.0,500.0,30.0,120.0,226.27416997969527,0.58048,-0.7279999999999999,389.805281800743,310.81616755452654,16.666666666666668,285.0981534417519,5.793262694504601,603.529640216837,141.42135623730954,47.140452079103184,0.9885924916252417,0.9961945498000866,0.989371117516584,0.989371117522385,0.9794331816619108
5.0,40.0,3.0,500.0,50.0,120.0,226.27416997969527,0.58048,-0.7279999999999999,389.805281800743,310.81616755452654,10.0,285.0981534417519,5.793262694504601,590.1963068835038,141.42135623730954,47.140452079103184,0.9887053417958034,0.9961936333283008,0.9894407917941133,0.9894407917992228,0.979746150261577
5.0,40.0,3.0,500.0,70.0,120.0,226.27416997969527,0.58048,-0.7279999999999999,389.805281800743,310.81616755452654,7.142857142857143,285.0981534417519,5.793262694504601,584.482021169218,141.42135623730954,47.140452079103184,0.9887487347497728,0.9961936982068784,0.9894723865135289,0.9894723865135289,0.9798564677651549
5.0,40.0,3.0,600.0,30.0,120.0,226.27416997969527,0.58048,-0.7279999999999999,389.805281800743,310.81616755452654,16.666666666666668,342.1177841301023,10.010757936103953,717.5689015935379,169.70562748477147,56.56854249492382,0.9872146584931784,0.9968071848137401,0.9877193609787279,0.9877193609787279,0.9766127272015175
5.0,40.0,3.0,600.0,50.0,120.0,226.27416997969527,0.58048,-0.7279999999999999,389.805281800743,310.81616755452654,10.0,342.1177841301023,10.010757936103953,704.2355682602046,169.70562748477147,56.56854249492382,0.9873161552426619,0.9968063739388147,0.9877935798849798,0.9877935798873547,0.9768710872594987
5.0,40.0,3.0,600.0,70.0,120.0,226.27416997969527,0.58048,-0.7279999999999999,389.805281800743,310.81616755452654,7.142857142857143,342.1177841301023,10.010757936103953,698.5212825459188,169.70562748477147,56.56854249492382,0.9873559749470093,0.9968062891394267,0.9878263113324228,0.9878263113324228,0.9769649879837652
5.0,40.0,3.0,800.0,30.0,120.0,226.27416997969527,0.58048,-0.7279999999999999,389.805281800743,310.81616755452654,16.666666666666668,456.15704550680306,23.729203996690863,945.6474243469395,226.27416997969527,75.42472332656509,0.9841211920679747,0.9971848239598899,0.9844027640662147,0.9844027640662147,0.9704944161795795
5.0,40.0,3.0,800.0,50.0,120.0,226.27416997969527,0.58048,-0.7279999999999999,389.805281800743,310.81616755452654,10.0,456.15704550680306,23.729203996690863,932.3140910136062,226.27416997969527,75.42472332656509,0.9842668650872409,0.9971847300069776,0.9844773506291494,0.9844773506291494,0.9709280290836872
5.0,40.0,3.0,800.0,70.0,120.0,226.27416997969527,0.58048,-0.7279999999999999,389.805281800743,310.81616755452654,7.142857142857143,456.15704550680306,23.729203996690863,926.5998052993205,226.27416997969527,75.42472332656509,0.9843180417048668,0.997184719609608,0.9845093654089114,0.9845093654089114,0.9710687163920364
5.0,40.0,3.5,400.0,30.0,140.0,226.27416997969527,0.58048,-0.7279999999999999,389.805281800743,310.81616755452654,16.666666666666668,228.07852275340156,2.966150499586358,489.4903788401365,113.13708498984764,32.32488142567075,0.9907890975228648,0.99719761155949,0.9914307458055445,0.9914307458230731,0.9830972869033516
5.0,40.0,3.5,400.0,50.0,140.0,226.27416997969527,0.58048,-0.7279999999999999,389.805281800743,310.81616755452654,10.0,228.07852275340156,2.966150499586358,476.1570455068032,113.13708498984764,32.32488142567075,0.9909410174010143,0.9971984654165994,0.9915047295435768,0.9915047295435768,0.9835561451003039
5.0,40.0,3.5,400.0,70.0,140.0,226.27416997969527,0.58048,-0.7279999999999999,389.805281800743,310.81616755452654,7.142857142857143,228.07852275340156,2.966150499586358,470.44275979251745,113.13708498984764,32.32488142567075,0.9909938031020651,0.997195581889142,0.9915369228786095,0.9915369228890699,0.9837057847514392
5.0,40.0,3.5,500.0,30.0,140.0,226.27416997969527,0.58048,-0.7279999999999999,389.805281800743,310.81616755452654,16.666666666666668,285.0981534417519,5.793262694504601,603.529640216837,141.42135623730954,40.40610178208844,0.9897541583068395,0.9981893059802687,0.9902386724949109,0.9902386724949109,0.9803499822572677
5.0,40.0,3.5,500.0,50.0,140.0,226.27416997969527,0.58048,-0.7279999999999999,389.805281800743,310.81616755452654,10.0,285.0981534417519,5.793262694504601,590.1963068835038,141.42135623730954,40.40610178208844,0.9898666660735653,0.9981890299319979,0.9903073282100318,0.9903073282177053,0.9806629779345267
5.0,40.0,3.5,500.0,70.0,140.0,226.27416997969527,0.58048,-0.7279999999999999,389.805281800743,310.81616755452654,7.142857142857143,285.0981534417519,5.793262694504601,584.482021169218,141.42135623730954,40.40610178208844,0.9899108307524741,0.9981907680704597,0.990339003881727,0.990339003881727,0.9807745471759826
5.0,40.0,3.5,600.0,30.0,140.0,226.27416997969527,0.58048,-0.7279999999999999,389.805281800743,310.81616755452654,16.666666666666668,342.1177841301023,10.010757936103953,717.5689015935379,169.70562748477147,48.48732213850613,0.9883472790188754,0.9985832722278521,0.9886905217330755,0.9886905217330755,0.9774248003814983
5.0,40.0,3.5,600.0,50.0,140.0,226.27416997969527,0.58048,-0.7279999999999999,389.805281800743,310.81616755452654,10.0,342.1177841301023,10.010757936103953,704.2355682602046,169.70562748477147,48.48732213850613,0.9884488334776037,0.9985829024501245,0.9887645018365679,0.9887645018365679,0.9776834277871547
5.0,40.0,3.5,600.0,70.0,140.0,226.27416997969527,0.58048,-0.7279999999999999,389.805281800743,310.81616755452654,7.142857142857143,342.1177841301023,10.010757936103953,698.5212825459188,169.70562748477147,48.48732213850613,0.9884882686179812,0.9985828081435925,0.9887964134011398,0.9887964134011398,0.9777774395260531
5.0,40.0,3.5,800.0,30.0,140.0,226.27416997969527,0.58048,-0.7279999999999999,389.805281800743,310.81616755452654,16.666666666666668,456.15704550680306,23.729203996690863,945.6474243469395,226.27416997969527,64.6497628513415,0.9851783110446746,0.9988377044274155,0.9853635078493194,0.9853635078493194,0.9711485240526441
5.0,40.0,3.5,800.0,50.0,140.0,226.27416997969527,0.58048,-0.7279999999999999,389.805281800743,310.81616755452654,10.0,456.15704550680306,23.729203996690863,932.3140910136062,226.27416997969527,64.6497628513415,0.9853241940275114,0.9988376400924064,0.9854380428971058,0.9854380428971058,0.9715830502234275
5.0,40.0,3.5,800.0,70.0,140.0,226.27416997969527,0.58048,-0.7279999999999999,389.805281800743,310.81616755452654,7.142857142857143,456.15704550680306,23.729203996690863,926.5998052993205,226.27416997969527,64.6497628513415,0.9853754868882626,0.9988376024538748,0.9854703817241548,0.9854703817241548,0.9717235816508659
5.0,40.0,4.0,400.0,30.0,160.0,226.27416997969527,0.58048,-0.7279999999999999,389.805281800743,310.81616755452654,16.666666666666668,228.07852275340156,2.966150499586358,489.4903788401365,113.13708498984764,28.28427124746191,0.9912494576877773,0.9996137559891307,0.9906856342735739,0.9906856342761925,0.984012806212212
5.0,40.0,4.0,400.0,50.0,160.0,226.27416997969527,0.58048,-0.7279999999999999,389.805281800743,310.81616755452654,10.0,228.07852275340156,2.966150499586358,476.1570455068032,113.13708498984764,28.28427124746191,0.9914014957158906,0.9996137821878532,0.9907582629766122,0.9907582629766122,0.984475674722485
5.0,40.0,4.0,400.0,70.0,160.0,226.27416997969527,0.58048,-0.7279999999999999,389.805281800743,310.81616755452654,7.142857142857143,228.07852275340156,2.966150499586358,470.44275979251745,113.13708498984764,28.28427124746191,0.9914551544731356,0.999613633031402,0.9907904280649029,0.9907904280778983,0.9846261287183393
5.0,40.0,4.0,500.0,30.0,160.0,226.27416997969527,0.58048,-0.7279999999999999,389.805281800743,310.81616755452654,16.666666666666668,285.0981534417519,5.793262694504601,603.529640216837,141.42135623730954,35.355339059327385,0.9904253045948905,0.9996520503368227,0.9904108626039658,0.9904108626212066,0.9812274428175674
5.0,40.0,4.0,500.0,50.0,160.0,226.27416997969527,0.58048,-0.7279999999999999,389.805281800743,310.81616755452654,10.0,285.0981534417519,5.793262694504601,590.1963068835038,141.42135623730954,35.355339059327385,0.9905415329967886,0.9996520319407473,0.9904852946228324,0.9904852946330507,0.9815435107905239
5.0,40.0,4.0,500.0,70.0,160.0,226.27416997969527,0.58048,-0.7279999999999999,389.805281800743,310.81616755452654,7.142857142857143,285.0981534417519,5.793262694504601,584.482021169218,141.42135623730954,35.355339059327385,0.9905856390982863,0.999651967938936,0.990517923874183,0.990517923874183,0.9816547407058437
5.0,40.0,4.0,600.0,30.0,160.0,226.27416997969527,0.58048,-0.7279999999999999,389.805281800743,310.81616755452654,16.666666666666668,342.1177841301023,10.010757936103953,717.5689015935379,169.70562748477147,42.42640687119287,0.9890925667857237,0.999607321378442,0.9892614568090089,0.9892614568090089,0.9782400321464348
5.0,40.0,4.0,600.0,50.0,160.0,226.27416997969527,0.58048,-0.7279999999999999,389.805281800743,310.81616755452654,10.0,342.1177841301023,10.010757936103953,704.2355682602046,169.70562748477147,42.42640687119287,0.989194714566751,0.9996076717775266,0.989336058763234,0.9893360587684707,0.9784990689577724
5.0,40.0,4.0,600.0,70.0,160.0,226.27416997969527,0.58048,-0.7279999999999999,389.805281800743,310.81616755452654,7.142857142857143,342.1177841301023,10.010757936103953,698.5212825459188,169.70562748477147,42.42640687119287,0.9892339070070733,0.9996076303380259,0.9893674143989861,0.9893674143989861,0.9785931688922946
5.0,40.0,4.0,800.0,30.0,160.0,226.27416997969527,0.58048,-0.7279999999999999,389.805281800743,310.81616755452654,16.666666666666668,456.15704550680306,23.729203996690863,945.6474243469395,226.27416997969527,56.56854249492382,0.9859252364298681,0.9995058993692505,0.9861782477143628,0.9861782477143628,0.971838550921496
5.0,40.0,4.0,800.0,50.0,160.0,226.27416997969527,0.58048,-0.7279999999999999,389.805281800743,310.81616755452654,10.0,456.15704550680306,23.729203996690863,932.3140910136062,226.27416997969527,56.56854249492382,0.986071134831475,0.9995058711683816,0.9862528867753563,0.9862528867753563,0.9722728946068059
5.0,40.0,4.0,800.0,70.0,160.0,226.27416997969527,0.58048,-0.7279999999999999,389.805281800743,310.81616755452654,7.142857142857143,456.15704550680306,23.729203996690863,926.5998052993205,226.27416997969527,56.56854249492382,0.9861220911468684,0.9995058415816235,0.9862848536929765,0.9862848536929765,0.9724128156198977
5.0,50.0,3.0,400.0,30.0,150.0,226.27416997969527,0.58048,-0.7279999999999999,389.805281800743,310.81616755452654,16.666666666666668,145.970254562177,0.7775585565635659,325.2738424576873,72.4077343935025,24.13591146450083,0.9912716582119664,0.9910749819531738,0.9934830361700316,0.9934830361857148,0.9870455785389454
5.0,50.0,3.0,400.0,50.0,150.0,226.27416997969527,0.58048,-0.7279999999999999,389.805281800743,310.81616755452654,10.0,145.970254562177,0.7775585565635659,311.940509124354,72.4077343935025,24.13591146450083,0.991483189332659,0.9910327929016179,0.9935581460535452,0.9935581460644956,0.9877836723109774
5.0,50.0,3.0,400.0,70.0,150.0,226.27416997969527,0.58048,-0.7279999999999999,389.805281800743,310.81616755452654,7.142857142857143,145.970254562177,0.7775585565635659,306.22622341006826,72.4077343935025,24.13591146450083,0.9915650895087389,0.991068148500683,0.9935903841582696,0.9935903841669174,0.9880114412090859
5.0,50.0,3.0,500.0,30.0,150.0,226.27416997969527,0.58048,-0.7279999999999999,389.805281800743,310.81616755452654,16.666666666666668,182.4628182027212,1.5186690557882137,398.2589697387757,90.5096679918781,30.169889330626038,0.9915287074233309,0.9946739737967478,0.9930429676236203,0.993042967645261,0.9853549206276944
5.0,50.0,3.0,500.0,50.0,150.0,226.27416997969527,0.58048,-0.7279999999999999,389.805281800743,310.81616755452654,10.0,182.4628182027212,1.5186690557882137,384.9256364054424,90.5096679918781,30.169889330626038,0.9917187099127402,0.9946729046877762,0.9931180965801837,0.9931180965891002,0.9859657417939006
5.0,50.0,3.0,500.0,70.0,150.0,226.27416997969527,0.58048,-0.7279999999999999,389.805281800743,310.81616755452654,7.142857142857143,182.4628182027212,1.5186690557882137,379.21135069115667,90.5096679918781,30.169889330626038,0.9917815443416842,0.9946694687161605,0.9931503403424901,0.9931503403439058,0.9861560279641808
5.0,50.0,3.0,600.0,30.0,150.0,226.27416997969527,0.58048,-0.7279999999999999,389.805281800743,310.81616755452654,16.666666666666668,218.95538184326546,2.624260128402034,471.2440970198642,108.61160159025373,36.20386719675125,0.9909900487368508,0.9960958863435008,0.9921409661234037,0.9921409661234037,0.983582376357095
5.0,50.0,3.0,600.0,50.0,150.0,226.27416997969527,0.58048,-0.7279999999999999,389.805281800743,310.81616755452654,10.0,218.95538184326546,2.624260128402034,457.9107636865309,108.61160159025373,36.20386719675125,0.9911483308407922,0.9960957564712831,0.9922150304340751,0.9922150304340751,0.9840675060237357
5.0,50.0,3.0,600.0,70.0,150.0,226.27416997969527,0.58048,-0.7279999999999999,389.805281800743,310.81616755452654,7.142857142857143,218.95538184326546,2.624260128402034,452.1964779722452,108.61160159025373,36.20386719675125,0.9912050520082953,0.9960997318092397,0.9922478062219653,0.9922478062219653,0.9842248637800108
5.0,50.0,3.0,800.0,30.0,150.0,226.27416997969527,0.58048,-0.7279999999999999,389.805281800743,310.81616755452654,16.666666666666668,291.9405091243539,6.220468452508527,617.2143515820412,144.815468787005,48.27182292900166,0.9892100178284984,0.9970484276631693,0.9899405889585009,0.9899405889585009,0.9799104657338227
5.0,50.0,3.0,800.0,50.0,150.0,226.27416997969527,0.58048,-0.7279999999999999,389.805281800743,310.81616755452654,10.0,291.9405091243539,6.220468452508527,603.8810182487078,144.815468787005,48.27182292900166,0.9893224117754535,0.9970483192315744,0.9900144774817285,0.9900144774817285,0.9802123729067829
5.0,50.0,3.0,800.0,70.0,150.0,226.27416997969527,0.58048,-0.7279999999999999,389.805281800743,310.81616755452654,7.142857142857143,291.9405091243539,6.220468452508527,598.1667325344221,144.815468787005,48.27182292900166,0.9893652058627851,0.9970481620448449,0.9900466274852641,0.9900466274852641,0.9803194064357673
5.0,50.0,3.5,400.0,30.0,175.0,226.27416997969527,0.58048,-0.7279999999999999,389.805281800743,310.81616755452654,16.666666666666668,145.970254562177,0.7775585565635659,325.2738424576873,72.4077343935025,20.687924112429283,0.9915700072809144,0.9952013338957872,0.9914696826006539,0.9914696826225918,0.9881393300046242
5.0,50.0,3.5,400.0,50.0,175.0,226.27416997969527,0.58048,-0.7279999999999999,389.805281800743,310.81616755452654,10.0,145.970254562177,0.7775585565635659,311.940509124354,72.4077343935025,20.687924112429283,0.9917964698240301,0.9952144610156349,0.9915446332586839,0.9915446332586839,0.9888821517631179
5.0,50.0,3.5,400.0,70.0,175.0,226.27416997969527,0.58048,-0.7279999999999999,389.805281800743,310.81616755452654,7.142857142857143,145.970254562177,0.7775585565635659,306.22622341006826,72.4077343935025,20.687924112429283,0.991872745740126,0.9952232200912858,0.9915789895941619,0.9915789895961801,0.9891097836788763
5.0,50.0,3.5,500.0,30.0,175.0,226.27416997969527,0.58048,-0.7279999999999999,389.805281800743,310.81616755452654,16.666666666666668,182.4628182027212,1.5186690557882137,398.2589697387757,90.5096679918781,25.859905140536604,0.9922314460269716,0.9972342621366661,0.9926285335074203,0.992628533513573,0.9864344549502267
5.0,50.0,3.5,500.0,50.0,175.0,226.27416997969527,0.58048,-0.7279999999999999,389.805281800743,310.81616755452654,10.0,182.4628182027212,1.5186690557882137,384.9256364054424,90.5096679918781,25.859905140536604,0.9924224493876945,0.997233004265649,0.9927036846088604,0.9927036846209552,0.9870494240553136
5.0,50.0,3.5,500.0,70.0,175.0,226.27416997969527,0.58048,-0.7279999999999999,389.805281800743,310.81616755452654,7.142857142857143,182.4628182027212,1.5186690557882137,379.21135069115667,90.5096679918781,25.859905140536604,0.9924869040157993,0.9972351295528951,0.9927355573151122,0.9927355573151122,0.9872413718800774
5.0,50.0,3.5,600.0,30.0,175.0,226.27416997969527,0.58048,-0.7279999999999999,389.805281800743,310.81616755452654,16.666666666666668,218.95538184326546,2.624260128402034,471.2440970198642,108.61160159025373,31.031886168643922,0.9919069054973423,0.9981065852271898,0.9924575882953858,0.9924575882953858,0.9846058601714079
5.0,50.0,3.5,600.0,50.0,175.0,226.27416997969527,0.58048,-0.7279999999999999,389.805281800743,310.81616755452654,10.0,218.95538184326546,2.624260128402034,457.9107636865309,108.61160159025373,31.031886168643922,0.9920659651700783,0.9981062093409001,0.9925318682256921,0.992531868228415,0.9850939148853056
5.0,50.0,3.5,600.0,70.0,175.0,226.27416997969527,0.58048,-0.7279999999999999,389.805281800743,310.81616755452654,7.142857142857143,218.95538184326546,2.624260128402034,452.1964779722452,108.61160159025373,31.031886168643922,0.9921218532047944,0.9981063668228417,0.9925646565216628,0.9925646565216628,0.9852517329530102
5.0,50.0,3.5,800.0,30.0,175.0,226.27416997969527,0.58048,-0.7279999999999999,389.805281800743,310.81616755452654,16.666666666666668,291.9405091243539,6.220468452508527,617.2143515820412,144.815468787005,41.375848224858565,0.9902764180255592,0.9987259246138291,0.9907904700151609,0.9907904700151609,0.9807988074580861
5.0,50.0,3.5,800.0,50.0,175.0,226.27416997969527,0.58048,-0.7279999999999999,389.805281800743,310.81616755452654,10.0,291.9405091243539,6.220468452508527,603.8810182487078,144.815468787005,41.375848224858565,0.9903890308002334,0.9987258650092979,0.9908644578085766,0.9908644578085766,0.9811013425744828
5.0,50.0,3.5,800.0,70.0,175.0,226.27416997969527,0.58048,-0.7279999999999999,389.805281800743,310.81616755452654,7.142857142857143,291.9405091243539,6.220468452508527,598.1667325344221,144.815468787005,41.375848224858565,0.9904319544526892,0.9987258902366858,0.9908966002525418,0.9908966002525418,0.9812087270689871
5.0,50.0,4.0,400.0,30.0,200.0,226.27416997969527,0.58048,-0.7279999999999999,389.805281800743,310.81616755452654,16.666666666666668,145.970254562177,0.7775585565635659,325.2738424576873,72.4077343935025,18.101933598375624,0.9896419706049643,0.9993127522879144,0.9853042422875676,0.9853042423167939,0.9886466455275813
5.0,50.0,4.0,400.0,50.0,200.0,226.27416997969527,0.58048,-0.7279999999999999,389.805281800743,310.81616755452654,10.0,145.970254562177,0.7775585565635659,311.940509124354,72.4077343935025,18.101933598375624,0.9898688188140434,0.9993178998245976,0.9853811084515071,0.9853811084515071,0.9893951585285621
5.0,50.0,4.0,400.0,70.0,200.0,226.27416997969527,0.58048,-0.7279999999999999,389.805281800743,310.81616755452654,7.142857142857143,145.970254562177,0.7775585565635659,306.22622341006826,72.4077343935025,18.101933598375624,0.9899423208802453,0.9993192724569298,0.9854106897776425,0.9854106897929163,0.9896286314934923
5.0,50.0,4.0,500.0,30.0,200.0,226.27416997969527,0.58048,-0.7279999999999999,389.805281800743,310.81616755452654,16.666666666666668,182.4628182027212,1.5186690557882137,398.2589697387757,90.5096679918781,22.627416997969526,0.9916450551732561,0.9996410781206053,0.9898630657597927,0.9898630658027942,0.9872130110098324
5.0,50.0,4.0,500.0,50.0,200.0,226.27416997969527,0.58048,-0.7279999999999999,389.805281800743,310.81616755452654,10.0,182.4628182027212,1.5186690557882137,384.9256364054424,90.5096679918781,22.627416997969526,0.9918383575920355,0.9996412838277512,0.9899379673986722,0.9899379674144086,0.9878362117273101
5.0,50.0,4.0,500.0,70.0,200.0,226.27416997969527,0.58048,-0.7279999999999999,389.805281800743,310.81616755452654,7.142857142857143,182.4628182027212,1.5186690557882137,379.21135069115667,90.5096679918781,22.627416997969526,0.9919020330488262,0.9996409457263913,0.9899700498095195,0.9899700498103525,0.9880270868490411
5.0,50.0,4.0,600.0,30.0,200.0,226.27416997969527,0.58048,-0.7279999999999999,389.805281800743,310.81616755452654,16.666666666666668,218.95538184326546,2.624260128402034,471.2440970198642,108.61160159025373,27.15290039756343,0.9919474231771026,0.9996860641088843,0.9913176597071935,0.9913176597071935,0.9854683091851391
5.0,50.0,4.0,600.0,50.0,200.0,226.27416997969527,0.58048,-0.7279999999999999,389.805281800743,310.81616755452654,10.0,218.95538184326546,2.624260128402034,457.9107636865309,108.61160159025373,27.15290039756343,0.9921073774022631,0.9996859836842087,0.991391701568177,0.991391701568177,0.9859601227884898
5.0,50.0,4.0,600.0,70.0,200.0,226.27416997969527,0.58048,-0.7279999999999999,389.805281800743,310.81616755452654,7.142857142857143,218.95538184326546,2.624260128402034,452.1964779722452,108.61160159025373,27.15290039756343,0.9921638187554589,0.9996860541360253,0.991424354071693,0.9914243540730188,0.9861205127410986
5.0,50.0,4.0,800.0,30.0,200.0,226.27416997969527,0.58048,-0.7279999999999999,389.805281800743,310.81616755452654,16.666666666666668,291.9405091243539,6.220468452508527,617.2143515820412,144.815468787005,36.20386719675125,0.9908108797736135,0.999622036345466,0.9909842447784816,0.9909842447784816,0.9816529931920247
5.0,50.0,4.0,800.0,50.0,200.0,226.27416997969527,0.58048,-0.7279999999999999,389.805281800743,310.81616755452654,10.0,291.9405091243539,6.220468452508527,603.8810182487078,144.815468787005,36.20386719675125,0.9909235955990687,0.9996219932807859,0.9910583703424998,0.9910583703424998,0.9819556484304898
5.0,50.0,4.0,800.0,70.0,200.0,226.27416997969527,0.58048,-0.7279999999999999,389.805281800743,310.81616755452654,7.142857142857143,291.9405091243539,6.220468452508527,598.1667325344221,144.815468787005,36.20386719675125,0.9909665688465161,0.9996219727894297,0.9910903965774485,0.9910903965774485,0.9820635094417376
5.0,60.0,3.0,400.0,30.0,180.0,226.27416997969527,0.58048,-0.7279999999999999,389.805281800743,310.81616755452654,16.666666666666668,101.36823233484517,0.26040278734365846,236.06979800302366,50.28314888437673,16.761049628125576,0.9901037430402602,0.9853543370642148,0.9924497481316641,0.9924497481316641,0.9901611388334974
5.0,60.0,3.0,400.0,50.0,180.0,226.27416997969527,0.58048,-0.7279999999999999,389.805281800743,310.81616755452654,10.0,101.36823233484517,0.26040278734365846,222.73646466969032,50.28314888437673,16.761049628125576,0.9903587037581264,0.9853417363912225,0.992524644409916,0.992524644409916,0.9910437898214515
5.0,60.0,3.0,400.0,70.0,180.0,226.27416997969527,0.58048,-0.7279999999999999,389.805281800743,310.81616755452654,7.142857142857143,101.36823233484517,0.26040278734365846,217.02217895540463,50.28314888437673,16.761049628125576,0.9904401411887644,0.9853359687052972,0.9925567977163077,0.9925567977163077,0.9913110006171456
5.0,60.0,3.0,500.0,30.0,180.0,226.27416997969527,0.58048,-0.7279999999999999,389.805281800743,310.81616755452654,16.666666666666668,126.71029041855644,0.5085991940305828,286.7539141704462,62.85393610547091,20.951312035156967,0.9922301628503536,0.9920193156324524,0.9939553919212476,0.9939553919212476,0.9889905519264669
5.0,60.0,3.0,500.0,50.0,180.0,226.27416997969527,0.58048,-0.7279999999999999,389.805281800743,310.81616755452654,10.0,126.71029041855644,0.5085991940305828,273.4205808371129,62.85393610547091,20.951312035156967,0.9924597662499017,0.9919851650364055,0.9940293680463017,0.994029368056593,0.9897951638603064
5.0,60.0,3.0,500.0,70.0,180.0,226.27416997969527,0.58048,-0.7279999999999999,389.805281800743,310.81616755452654,7.142857142857143,126.71029041855644,0.5085991940305828,267.70629512282716,62.85393610547091,20.951312035156967,0.9925451339687397,0.9920146297109582,0.9940630072090153,0.9940630072151609,0.9900398917398244
5.0,60.0,3.0,600.0,30.0,180.0,226.27416997969527,0.58048,-0.7279999999999999,389.805281800743,310.81616755452654,16.666666666666668,152.05234850226776,0.8788594072848475,337.43803033786884,75.42472332656509,25.141574442188364,0.9926855479764247,0.9947415016851564,0.9941497253785816,0.9941497253785816,0.9877012394633791
5.0,60.0,3.0,600.0,50.0,180.0,226.27416997969527,0.58048,-0.7279999999999999,389.805281800743,310.81616755452654,10.0,152.05234850226776,0.8788594072848475,324.1046970045355,75.42472332656509,25.141574442188364,0.9929024562208898,0.9947397940080023,0.9942256907751073,0.9942256907751073,0.9884186493253423
5.0,60.0,3.0,600.0,70.0,180.0,226.27416997969527,0.58048,-0.7279999999999999,389.805281800743,310.81616755452654,7.142857142857143,152.05234850226776,0.8788594072848475,318.3904112902498,75.42472332656509,25.141574442188364,0.9929737784458335,0.994737379147681,0.9942586638181561,0.9942586638181561,0.9886404069993405
5.0,60.0,3.0,800.0,30.0,180.0,226.27416997969527,0.58048,-0.7279999999999999,389.805281800743,310.81616755452654,16.666666666666668,202.73646466969032,2.0832222987492677,438.80626267271396,100.56629776875346,33.52209925625115,0.9920024646566307,0.9966424408300356,0.9931599412361244,0.9931599412361244,0.9850475353242383
5.0,60.0,3.0,800.0,50.0,180.0,226.27416997969527,0.58048,-0.7279999999999999,389.805281800743,310.81616755452654,10.0,202.73646466969032,2.0832222987492677,425.47292933938064,100.56629776875346,33.52209925625115,0.9921742477525375,0.9966438633492738,0.9932328228120646,0.9932328228120646,0.9855874820367472
5.0,60.0,3.0,800.0,70.0,180.0,226.27416997969527,0.58048,-0.7279999999999999,389.805281800743,310.81616755452654,7.142857142857143,202.73646466969032,2.0832222987492677,419.7586436250949,100.56629776875346,33.52209925625115,0.992232809953465,0.9966435514128111,0.9932642800292499,0.9932642800292499,0.9857591283425489
5.0,60.0,3.5,400.0,30.0,210.0,226.27416997969527,0.58048,-0.7279999999999999,389.805281800743,310.81616755452654,16.666666666666668,101.36823233484517,0.26040278734365846,236.06979800302366,50.28314888437673,14.36661396696478,0.9877630480499968,0.9924743749332785,0.9839211133764287,0.9839211133764287,0.9907355905138511
5.0,60.0,3.5,400.0,50.0,210.0,226.27416997969527,0.58048,-0.7279999999999999,389.805281800743,310.81616755452654,10.0,101.36823233484517,0.26040278734365846,222.73646466969032,50.28314888437673,14.36661396696478,0.9880201413148998,0.9924643025295343,0.9839954489607137,0.9839954489825886,0.9916253647867626
5.0,60.0,3.5,400.0,70.0,210.0,226.27416997969527,0.58048,-0.7279999999999999,389.805281800743,310.81616755452654,7.142857142857143,101.36823233484517,0.26040278734365846,217.02217895540463,50.28314888437673,14.36661396696478,0.9881019585390061,0.9924601128727752,0.9840272947306988,0.9840272947429547,0.9918931318095954
5.0,60.0,3.5,500.0,30.0,210.0,226.27416997969527,0.58048,-0.7279999999999999,389.805281800743,310.81616755452654,16.666666666666668,126.71029041855644,0.5085991940305828,286.7539141704462,62.85393610547091,17.958267458705976,0.9913440529703422,0.9957084262215569,0.9898875975596496,0.9898875975823385,0.989892590517824
5.0,60.0,3.5,500.0,50.0,210.0,226.27416997969527,0.58048,-0.7279999999999999,389.805281800743,310.81616755452654,10.0,126.71029041855644,0.5085991940305828,273.4205808371129,62.85393610547091,17.958267458705976,0.9915846436998181,0.9957112257014886,0.9899628778962176,0.9899628779108685,0.9907015932906976
5.0,60.0,3.5,500.0,70.0,210.0,226.27416997969527,0.58048,-0.7279999999999999,389.805281800743,310.81616755452654,7.142857142857143,126.71029041855644,0.5085991940305828,267.70629512282716,62.85393610547091,17.958267458705976,0.99166306402053,0.9957097148202761,0.9899968803101188,0.9899968803119655,0.9909487806397597
5.0,60.0,3.5,600.0,30.0,210.0,226.27416997969527,0.58048,-0.7279999999999999,389.805281800743,310.81616755452654,16.666666666666668,152.05234850226776,0.8788594072848475,337.43803033786884,75.42472332656509,21.54992095044717,0.9926333997089423,0.9972708435855617,0.9922733817292821,0.992273381734092,0.9887159917868331
5.0,60.0,3.5,600.0,50.0,210.0,226.27416997969527,0.58048,-0.7279999999999999,389.805281800743,310.81616755452654,10.0,152.05234850226776,0.8788594072848475,324.1046970045355,75.42472332656509,21.54992095044717,0.9928482451623861,0.9972586364336713,0.99234806275178,0.9923480627602843,0.989438218703809
5.0,60.0,3.5,600.0,70.0,210.0,226.27416997969527,0.58048,-0.7279999999999999,389.805281800743,310.81616755452654,7.142857142857143,152.05234850226776,0.8788594072848475,318.3904112902498,75.42472332656509,21.54992095044717,0.9929201699003609,0.9972580210773432,0.9923802471042236,0.9923802471042236,0.9896621643156532
5.0,60.0,3.5,800.0,30.0,210.0,226.27416997969527,0.58048,-0.7279999999999999,389.805281800743,310.81616755452654,16.666666666666668,202.73646466969032,2.0832222987492677,438.80626267271396,100.56629776875346,28.73322793392956,0.9926959142676339,0.9984441273232221,0.9931355814578717,0.9931355814578717,0.98606836683157
5.0,60.0,3.5,800.0,50.0,210.0,226.27416997969527,0.58048,-0.7279999999999999,389.805281800743,310.81616755452654,10.0,202.73646466969032,2.0832222987492677,425.47292933938064,100.56629776875346,28.73322793392956,0.992868038268725,0.9984439339528244,0.9932086534906754,0.993208653492577,0.9866109121388233
5.0,60.0,3.5,800.0,70.0,210.0,226.27416997969527,0.58048,-0.7279999999999999,389.805281800743,310.81616755452654,7.142857142857143,202.73646466969032,2.0832222987492677,419.7586436250949,100.56629776875346,28.73322793392956,0.9929271462062506,0.9984445997314382,0.9932398409238888,0.9932398409238888,0.9867843032457864
5.0,60.0,4.0,400.0,30.0,240.0,226.27416997969527,0.58048,-0.7279999999999999,389.805281800743,310.81616755452654,16.666666666666668,101.36823233484517,0.26040278734365846,236.06979800302366,50.28314888437673,12.570787221094182,0.9794367638005513,0.9986866641227379,0.9646787631208797,0.9646787631208797,0.989702864837708
5.0,60.0,4.0,400.0,50.0,240.0,226.27416997969527,0.58048,-0.7279999999999999,389.805281800743,310.81616755452654,10.0,101.36823233484517,0.26040278734365846,222.73646466969032,50.28314888437673,12.570787221094182,0.9796961459764959,0.9986807963239392,0.9647536119959208,0.9647536119959208,0.990596563590203
5.0,60.0,4.0,400.0,70.0,240.0,226.27416997969527,0.58048,-0.7279999999999999,389.805281800743,310.81616755452654,7.142857142857143,101.36823233484517,0.26040278734365846,217.02217895540463,50.28314888437673,12.570787221094182,0.9797784978175186,0.9986816553538824,0.9647826816647981,0.9647826816647981,0.9908669725865955
5.0,60.0,4.0,500.0,30.0,240.0,226.27416997969527,0.58048,-0.7279999999999999,389.805281800743,310.81616755452654,16.666666666666668,126.71029041855644,0.5085991940305828,286.7539141704462,62.85393610547091,15.713484026367727,0.9871802392458853,0.9994235111814535,0.979704480057626,0.9797044800647663,0.9898884856796957
5.0,60.0,4.0,500.0,50.0,240.0,226.27416997969527,0.58048,-0.7279999999999999,389.805281800743,310.81616755452654,10.0,126.71029041855644,0.5085991940305828,273.4205808371129,62.85393610547091,15.713484026367727,0.9874226853559585,0.9994276968535096,0.9797785559461751,0.9797785559707642,0.9907059326533847
5.0,60.0,4.0,500.0,70.0,240.0,226.27416997969527,0.58048,-0.7279999999999999,389.805281800743,310.81616755452654,7.142857142857143,126.71029041855644,0.5085991940305828,267.70629512282716,62.85393610547091,15.713484026367727,0.987500650504676,0.9994276229046792,0.9798103146033836,0.9798103146224744,0.9909543498881663
5.0,60.0,4.0,600.0,30.0,240.0,226.27416997969527,0.58048,-0.7279999999999999,389.805281800743,310.81616755452654,16.666666666666668,152.05234850226776,0.8788594072848475,337.43803033786884,75.42472332656509,18.85618083164127,0.9904872937343964,0.9996592902180261,0.9865528698726409,0.9865528698726409,0.9891841449742775
5.0,60.0,4.0,600.0,50.0,240.0,226.27416997969527,0.58048,-0.7279999999999999,389.805281800743,310.81616755452654,10.0,152.05234850226776,0.8788594072848475,324.1046970045355,75.42472332656509,18.85618083164127,0.9907077918057172,0.9996593070597517,0.9866290430602167,0.9866290430630493,0.9899137740398514
5.0,60.0,4.0,600.0,70.0,240.0,226.27416997969527,0.58048,-0.7279999999999999,389.805281800743,310.81616755452654,7.142857142857143,152.05234850226776,0.8788594072848475,318.3904112902498,75.42472332656509,18.85618083164127,0.9907789239211033,0.9996586342033011,0.9866588279032674,0.9866588279032674,0.9901394056745771
5.0,60.0,4.0,800.0,30.0,240.0,226.27416997969527,0.58048,-0.7279999999999999,389.805281800743,310.81616755452654,16.666666666666668,202.73646466969032,2.0832222987492677,438.80626267271396,100.56629776875346,25.141574442188364,0.9922872269025838,0.99969313460401,0.9912945260761612,0.9912945260761612,0.9868667208540027
5.0,60.0,4.0,800.0,50.0,240.0,226.27416997969527,0.58048,-0.7279999999999999,389.805281800743,310.81616755452654,10.0,202.73646466969032,2.0832222987492677,425.47292933938064,100.56629776875346,25.141574442188364,0.9924609590477347,0.9996935017894186,0.9913670419935547,0.9913670419935547,0.9874162504144107
5.0,60.0,4.0,800.0,70.0,240.0,226.27416997969527,0.58048,-0.7279999999999999,389.805281800743,310.81616755452654,7.142857142857143,202.73646466969032,2.0832222987492677,419.7586436250949,100.56629776875346,25.141574442188364,0.9925201995363289,0.9996933752890724,0.9913984783467555,0.9913984783467555,0.9875904661627319
5.5,40.0,3.0,400.0,30.0,120.0,170.0031329674645,0.3276658269176167,-0.41093702107914976,518.8308300767889,413.6963190150749,16.666666666666668,228.07852275340156,2.966150499586358,489.4903788401365,85.00156648373225,28.333855494577417,0.9901495374560619,0.9945661146980125,0.9914264269821738,0.9914264269932132,0.9831791811508483
5.5,40.0,3.0,400.0,50.0,120.0,170.0031329674645,0.3276658269176167,-0.41093702107914976,518.8308300767889,413.6963190150749,10.0,228.07852275340156,2.966150499586358,476.1570455068032,85.00156648373225,28.333855494577417,0.9902750636242494,0.994566168307094,0.9915004141629185,0.9915004141696846,0.9835332578573008
5.5,40.0,3.0,400.0,70.0,120.0,170.0031329674645,0.3276658269176167,-0.41093702107914976,518.8308300767889,413.6963190150749,7.142857142857143,228.07852275340156,2.966150499586358,470.44275979251745,85.00156648373225,28.333855494577417,0.9903207749012795,0.9945649036731192,0.9915326090512026,0.9915326090560057,0.9836529778247907
5.5,40.0,3.0,500.0,30.0,120.0,170.0031329674645,0.3276658269176167,-0.41093702107914976,518.8308300767889,413.6963190150749,16.666666666666668,285.0981534417519,5.793262694504601,603.529640216837,106.2519581046653,35.41731936822177,0.9892066644761577,0.9961945498000866,0.990180639957785,0.9901806399636739,0.9802708281830854
5.5,40.0,3.0,500.0,50.0,120.0,170.0031329674645,0.3276658269176167,-0.41093702107914976,518.8308300767889,413.6963190150749,10.0,285.0981534417519,5.793262694504601,590.1963068835038,106.2519581046653,35.41731936822177,0.989322936546676,0.9961936333283008,0.9902545136442908,0.9902545136486474,0.9805890855654653
5.5,40.0,3.0,500.0,70.0,120.0,170.0031329674645,0.3276658269176167,-0.41093702107914976,518.8308300767889,413.6963190150749,7.142857142857143,285.0981534417519,5.793262694504601,584.482021169218,106.2519581046653,35.41731936822177,0.9893663430009754,0.9961936982068784,0.9902866508828336,0.9902866508859907,0.980698372028199
5.5,40.0,3.0,600.0,30.0,120.0,170.0031329674645,0.3276658269176167,-0.41093702107914976,518.8308300767889,413.6963190150749,16.666666666666668,342.1177841301023,10.010757936103953,717.5689015935379,127.50234972559838,42.500783241866124,0.9878424378590398,0.9968071848137401,0.9886209125512381,0.9886209125512381,0.9773207415199429
5.5,40.0,3.0,600.0,50.0,120.0,170.0031329674645,0.3276658269176167,-0.41093702107914976,518.8308300767889,413.6963190150749,10.0,342.1177841301023,10.010757936103953,704.2355682602046,127.50234972559838,42.500783241866124,0.9879501182719732,0.9968063739388147,0.9886953455457806,0.9886953455457806,0.9776034080575171
5.5,40.0,3.0,600.0,70.0,120.0,170.0031329674645,0.3276658269176167,-0.41093702107914976,518.8308300767889,413.6963190150749,7.142857142857143,342.1177841301023,10.010757936103953,698.5212825459188,127.50234972559838,42.500783241866124,0.9879909199733379,0.9968062891394267,0.9887267563567469,0.9887267563567469,0.977703878040431
5.5,40.0,3.0,800.0,30.0,120.0,170.0031329674645,0.3276658269176167,-0.41093702107914976,518.8308300767889,413.6963190150749,16.666666666666668,456.15704550680306,23.729203996690863,945.6474243469395,170.0031329674645,56.667710989154834,0.9847971566640266,0.9971848239598899,0.9852880284942852,0.9852880284942852,0.9714277457076459
5.5,40.0,3.0,800.0,50.0,120.0,170.0031329674645,0.3276658269176167,-0.41093702107914976,518.8308300767889,413.6963190150749,10.0,456.15704550680306,23.729203996690863,932.3140910136062,170.0031329674645,56.667710989154834,0.9848890996714514,0.9971847300069776,0.9853625950712024,0.9853625950712024,0.9716464785364236
5.5,40.0,3.0,800.0,70.0,120.0,170.0031329674645,0.3276658269176167,-0.41093702107914976,518.8308300767889,413.6963190150749,7.142857142857143,456.15704550680306,23.729203996690863,926.5998052993205,170.0031329674645,56.667710989154834,0.9849258505256198,0.997184719609608,0.985394865959445,0.985394865959445,0.9717289505739808
5.5,40.0,3.5,400.0,30.0,140.0,170.0031329674645,0.3276658269176167,-0.41093702107914976,518.8308300767889,413.6963190150749,16.666666666666668,228.07852275340156,2.966150499586358,489.4903788401365,85.00156648373225,24.286161852494928,0.9906467524743932,0.99719761155949,0.9905752400576386,0.9905752400690008,0.984238918211443
5.5,40.0,3.5,400.0,50.0,140.0,170.0031329674645,0.3276658269176167,-0.41093702107914976,518.8308300767889,413.6963190150749,10.0,228.07852275340156,2.966150499586358,476.1570455068032,85.00156648373225,24.286161852494928,0.9907727567593845,0.9971984654165994,0.9906492134469526,0.9906492134469526,0.9845941347270336
5.5,40.0,3.5,400.0,70.0,140.0,170.0031329674645,0.3276658269176167,-0.41093702107914976,518.8308300767889,413.6963190150749,7.142857142857143,228.07852275340156,2.966150499586358,470.44275979251745,85.00156648373225,24.286161852494928,0.9908183028989221,0.997195581889142,0.9906813618102187,0.9906813618173194,0.9847149060790084
5.5,40.0,3.5,500.0,30.0,140.0,170.0031329674645,0.3276658269176167,-0.41093702107914976,518.8308300767889,413.6963190150749,16.666666666666668,285.0981534417519,5.793262694504601,603.529640216837,106.2519581046653,30.357702315618663,0.9900621944112666,0.9981893059802687,0.9903879722677544,0.9903879722778246,0.981283527119219
5.5,40.0,3.5,500.0,50.0,140.0,170.0031329674645,0.3276658269176167,-0.41093702107914976,518.8308300767889,413.6963190150749,10.0,285.0981534417519,5.793262694504601,590.1963068835038,106.2519581046653,30.357702315618663,0.9901790068403253,0.9981890299319979,0.990461909605338,0.9904619096109503,0.9816031782130152
5.5,40.0,3.5,500.0,70.0,140.0,170.0031329674645,0.3276658269176167,-0.41093702107914976,518.8308300767889,413.6963190150749,7.142857142857143,285.0981534417519,5.793262694504601,584.482021169218,106.2519581046653,30.357702315618663,0.9902232719710834,0.9981907680704597,0.9904940467339678,0.9904940467339678,0.9817142263459382
5.5,40.0,3.5,600.0,30.0,140.0,170.0031329674645,0.3276658269176167,-0.41093702107914976,518.8308300767889,413.6963190150749,16.666666666666668,342.1177841301023,10.010757936103953,717.5689015935379,127.50234972559838,36.42924277874239,0.988853078248549,0.9985832722278521,0.989284740896786,0.989284740896786,0.9782595589727717
5.5,40.0,3.5,600.0,50.0,140.0,170.0031329674645,0.3276658269176167,-0.41093702107914976,518.8308300767889,413.6963190150749,10.0,342.1177841301023,10.010757936103953,704.2355682602046,127.50234972559838,36.42924277874239,0.9889579321143733,0.9985829024501245,0.9893529641382196,0.9893529641382196,0.9785428977309296
5.5,40.0,3.5,600.0,70.0,140.0,170.0031329674645,0.3276658269176167,-0.41093702107914976,518.8308300767889,413.6963190150749,7.142857142857143,342.1177841301023,10.010757936103953,698.5212825459188,127.50234972559838,36.42924277874239,0.9889991637473943,0.9985828081435925,0.9893850650466622,0.9893850650466622,0.97864371675266
5.5,40.0,3.5,800.0,30.0,140.0,170.0031329674645,0.3276658269176167,-0.41093702107914976,518.8308300767889,413.6963190150749,16.666666666666668,456.15704550680306,23.729203996690863,945.6474243469395,170.0031329674645,48.572323704989856,0.9858781831719545,0.9988377044274155,0.9862264726235523,0.9862264726235523,0.9722220830132976
5.5,40.0,3.5,800.0,50.0,140.0,170.0031329674645,0.3276658269176167,-0.41093702107914976,518.8308300767889,413.6963190150749,10.0,456.15704550680306,23.729203996690863,932.3140910136062,170.0031329674645,48.572323704989856,0.9859700271401579,0.9988376400924064,0.9863011119394827,0.9863011119394827,0.9724402445892601
5.5,40.0,3.5,800.0,70.0,140.0,170.0031329674645,0.3276658269176167,-0.41093702107914976,518.8308300767889,413.6963190150749,7.142857142857143,456.15704550680306,23.729203996690863,926.5998052993205,170.0031329674645,48.572323704989856,0.9860068483820004,0.9988376024538748,0.9863333638451204,0.9863333638451204,0.9725230633838862
5.5,40.0,4.0,400.0,30.0,160.0,170.0031329674645,0.3276658269176167,-0.41093702107914976,518.8308300767889,413.6963190150749,16.666666666666668,228.07852275340156,2.966150499586358,489.4903788401365,85.00156648373225,21.250391620933062,0.9896050921693875,0.9996137559891307,0.9869398688691218,0.9869398688846995,0.984926874934598
5.5,40.0,4.0,400.0,50.0,160.0,170.0031329674645,0.3276658269176167,-0.41093702107914976,518.8308300767889,413.6963190150749,10.0,228.07852275340156,2.966150499586358,476.1570455068032,85.00156648373225,21.250391620933062,0.9897311959355496,0.9996137821878532,0.9870133171080535,0.9870133171080535,0.9852843673382381
5.5,40.0,4.0,400.0,70.0,160.0,170.0031329674645,0.3276658269176167,-0.41093702107914976,518.8308300767889,413.6963190150749,7.142857142857143,228.07852275340156,2.966150499586358,470.44275979251745,85.00156648373225,21.250391620933062,0.9897784370820975,0.999613633031402,0.9870472657109015,0.9870472657180989,0.9854055838679877
5.5,40.0,4.0,500.0,30.0,160.0,170.0031329674645,0.3276658269176167,-0.41093702107914976,518.8308300767889,413.6963190150749,16.666666666666668,285.0981534417519,5.793262694504601,603.529640216837,106.2519581046653,26.562989526166326,0.9899647541381156,0.9996520503368227,0.9890427119275977,0.9890427119275977,0.9821215423604445
5.5,40.0,4.0,500.0,50.0,160.0,170.0031329674645,0.3276658269176167,-0.41093702107914976,518.8308300767889,413.6963190150749,10.0,285.0981534417519,5.793262694504601,590.1963068835038,106.2519581046653,26.562989526166326,0.9900819592337383,0.9996520319407473,0.9891167819246467,0.98911678193299,0.9824422411365692
5.5,40.0,4.0,500.0,70.0,160.0,170.0031329674645,0.3276658269176167,-0.41093702107914976,518.8308300767889,413.6963190150749,7.142857142857143,285.0981534417519,5.793262694504601,584.482021169218,106.2519581046653,26.562989526166326,0.9901256650524085,0.999651967938936,0.9891483732184461,0.9891483732184461,0.982553945833806
5.5,40.0,4.0,600.0,30.0,160.0,170.0031329674645,0.3276658269176167,-0.41093702107914976,518.8308300767889,413.6963190150749,16.666666666666668,342.1177841301023,10.010757936103953,717.5689015935379,127.50234972559838,31.875587431399595,0.9891794863431503,0.999607321378442,0.988991863506653,0.988991863506653,0.9791268969808532
5.5,40.0,4.0,600.0,50.0,160.0,170.0031329674645,0.3276658269176167,-0.41093702107914976,518.8308300767889,413.6963190150749,10.0,342.1177841301023,10.010757936103953,704.2355682602046,127.50234972559838,31.875587431399595,0.9892858581398224,0.9996076717775266,0.9890664957380713,0.9890664957416424,0.9794027693020493
5.5,40.0,4.0,600.0,70.0,160.0,170.0031329674645,0.3276658269176167,-0.41093702107914976,518.8308300767889,413.6963190150749,7.142857142857143,342.1177841301023,10.010757936103953,698.5212825459188,127.50234972559838,31.875587431399595,0.9893268369051991,0.9996076303380259,0.9890977911553106,0.9890977911553106,0.9795041349721488
5.5,40.0,4.0,800.0,30.0,160.0,170.0031329674645,0.3276658269176167,-0.41093702107914976,518.8308300767889,413.6963190150749,16.666666666666668,456.15704550680306,23.729203996690863,945.6474243469395,170.0031329674645,42.500783241866124,0.9865099622732858,0.9995058993692505,0.9867590400876467,0.9867590400876467,0.9730158695485995
5.5,40.0,4.0,800.0,50.0,160.0,170.0031329674645,0.3276658269176167,-0.41093702107914976,518.8308300767889,413.6963190150749,10.0,456.15704550680306,23.729203996690863,932.3140910136062,170.0031329674645,42.500783241866124,0.9866020416609993,0.9995058711683816,0.9868337213348766,0.9868337213348766,0.9732348528058623
5.5,40.0,4.0,800.0,70.0,160.0,170.0031329674645,0.3276658269176167,-0.41093702107914976,518.8308300767889,413.6963190150749,7.142857142857143,456.15704550680306,23.729203996690863,926.5998052993205,170.0031329674645,42.500783241866124,0.986638969239679,0.9995058415816235,0.986866083201402,0.986866083201402,0.9733178689742884
5.5,50.0,3.0,400.0,30.0,150.0,170.0031329674645,0.3276658269176167,-0.41093702107914976,518.8308300767889,413.6963190150749,16.666666666666668,145.970254562177,0.7775585565635659,325.2738424576873,54.40100254958864,18.133667516529545,0.9908197597157112,0.9910749819531738,0.9917994211316172,0.9917994211465031,0.9886052146315506
5.5,50.0,3.0,400.0,50.0,150.0,170.0031329674645,0.3276658269176167,-0.41093702107914976,518.8308300767889,413.6963190150749,10.0,145.970254562177,0.7775585565635659,311.940509124354,54.40100254958864,18.133667516529545,0.9909458867331078,0.9910327929016179,0.9918758613760241,0.9918758613760241,0.9889990312787651
5.5,50.0,3.0,400.0,70.0,150.0,170.0031329674645,0.3276658269176167,-0.41093702107914976,518.8308300767889,413.6963190150749,7.142857142857143,145.970254562177,0.7775585565635659,306.22622341006826,54.40100254958864,18.133667516529545,0.9910057783342718,0.991068148500683,0.9919095502011426,0.9919095502029031,0.9891358644323585
5.5,50.0,3.0,500.0,30.0,150.0,170.0031329674645,0.3276658269176167,-0.41093702107914976,518.8308300767889,413.6963190150749,16.666666666666668,182.4628182027212,1.5186690557882137,398.2589697387757,68.00125318698579,22.667084395661934,0.9917209291261324,0.9946739737967478,0.9927445349638659,0.9927445349755539,0.986720672768362
5.5,50.0,3.0,500.0,50.0,150.0,170.0031329674645,0.3276658269176167,-0.41093702107914976,518.8308300767889,413.6963190150749,10.0,182.4628182027212,1.5186690557882137,384.9256364054424,68.00125318698579,22.667084395661934,0.9918535960014221,0.9946729046877762,0.9928196486497259,0.9928196486574574,0.9871021820107289
5.5,50.0,3.0,500.0,70.0,150.0,170.0031329674645,0.3276658269176167,-0.41093702107914976,518.8308300767889,413.6963190150749,7.142857142857143,182.4628182027212,1.5186690557882137,379.21135069115667,68.00125318698579,22.667084395661934,0.9919003111264844,0.9946694687161605,0.992852259783044,0.9928522597849838,0.987227256221749
5.5,50.0,3.0,600.0,30.0,150.0,170.0031329674645,0.3276658269176167,-0.41093702107914976,518.8308300767889,413.6963190150749,16.666666666666668,218.95538184326546,2.624260128402034,471.2440970198642,81.60150382438295,27.20050127479432,0.9914445981139963,0.9960958863435008,0.9924775116831106,0.9924775116831106,0.9847274827462634
5.5,50.0,3.0,600.0,50.0,150.0,170.0031329674645,0.3276658269176167,-0.41093702107914976,518.8308300767889,413.6963190150749,10.0,218.95538184326546,2.624260128402034,457.9107636865309,81.60150382438295,27.20050127479432,0.9915716473162564,0.9960957564712831,0.9925517378437234,0.9925517378463955,0.9850873571036236
5.5,50.0,3.0,600.0,70.0,150.0,170.0031329674645,0.3276658269176167,-0.41093702107914976,518.8308300767889,413.6963190150749,7.142857142857143,218.95538184326546,2.624260128402034,452.1964779722452,81.60150382438295,27.20050127479432,0.9916196269643747,0.9960997318092397,0.9925844832020152,0.9925844832020152,0.9852098096442283
5.5,50.0,3.0,800.0,30.0,150.0,170.0031329674645,0.3276658269176167,-0.41093702107914976,518.8308300767889,413.6963190150749,16.666666666666668,291.9405091243539,6.220468452508527,617.2143515820412,108.80200509917728,36.26733503305909,0.9898089863553521,0.9970484276631693,0.9907385134436117,0.9907385134436117,0.9807104908710159
5.5,50.0,3.0,800.0,50.0,150.0,170.0031329674645,0.3276658269176167,-0.41093702107914976,518.8308300767889,413.6963190150749,10.0,291.9405091243539,6.220468452508527,603.8810182487078,108.80200509917728,36.26733503305909,0.989924409187904,0.9970483192315744,0.9908124638961913,0.9908124638961913,0.9810243897276594
5.5,50.0,3.0,800.0,70.0,150.0,170.0031329674645,0.3276658269176167,-0.41093702107914976,518.8308300767889,413.6963190150749,7.142857142857143,291.9405091243539,6.220468452508527,598.1667325344221,108.80200509917728,36.26733503305909,0.9899676300077949,0.9970481620448449,0.9908448972253077,0.9908448972253077,0.9811325635357194
5.5,50.0,3.5,400.0,30.0,175.0,170.0031329674645,0.3276658269176167,-0.41093702107914976,518.8308300767889,413.6963190150749,16.666666666666668,145.970254562177,0.7775585565635659,325.2738424576873,54.40100254958864,15.543143585596754,0.9884854511880092,0.9952013338957872,0.9847690394923367,0.9847690395113257,0.9892023918525871
5.5,50.0,3.5,400.0,50.0,175.0,170.0031329674645,0.3276658269176167,-0.41093702107914976,518.8308300767889,413.6963190150749,10.0,145.970254562177,0.7775585565635659,311.940509124354,54.40100254958864,15.543143585596754,0.988625754967947,0.9952144610156349,0.9848433214708466,0.9848433214708466,0.9896019159144599
5.5,50.0,3.5,400.0,70.0,175.0,170.0031329674645,0.3276658269176167,-0.41093702107914976,518.8308300767889,413.6963190150749,7.142857142857143,145.970254562177,0.7775585565635659,306.22622341006826,54.40100254958864,15.543143585596754,0.9886771575585108,0.9952232200912858,0.9848753997304605,0.9848753997414867,0.9897346106708103
5.5,50.0,3.5,500.0,30.0,175.0,170.0031329674645,0.3276658269176167,-0.41093702107914976,518.8308300767889,413.6963190150749,16.666666666666668,182.4628182027212,1.5186690557882137,398.2589697387757,68.00125318698579,19.428929481995944,0.9910079210795124,0.9972342621366661,0.9895858875480552,0.9895858875670582,0.9876256470662701
5.5,50.0,3.5,500.0,50.0,175.0,170.0031329674645,0.3276658269176167,-0.41093702107914976,518.8308300767889,413.6963190150749,10.0,182.4628182027212,1.5186690557882137,384.9256364054424,68.00125318698579,19.428929481995944,0.991145255432766,0.997233004265649,0.9896706341713318,0.9896706341713318,0.9880067491227511
5.5,50.0,3.5,500.0,70.0,175.0,170.0031329674645,0.3276658269176167,-0.41093702107914976,518.8308300767889,413.6963190150749,7.142857142857143,182.4628182027212,1.5186690557882137,379.21135069115667,68.00125318698579,19.428929481995944,0.9911884043427203,0.9972351295528951,0.9896917805142018,0.9896917805216219,0.9881349267821623
5.5,50.0,3.5,600.0,30.0,175.0,170.0031329674645,0.3276658269176167,-0.41093702107914976,518.8308300767889,413.6963190150749,16.666666666666668,218.95538184326546,2.624260128402034,471.2440970198642,81.60150382438295,23.314715378395128,0.9915460542768003,0.9981065852271898,0.9911752601299804,0.9911752601299804,0.9857271116200507
5.5,50.0,3.5,600.0,50.0,175.0,170.0031329674645,0.3276658269176167,-0.41093702107914976,518.8308300767889,413.6963190150749,10.0,218.95538184326546,2.624260128402034,457.9107636865309,81.60150382438295,23.314715378395128,0.9916731629580895,0.9981062093409001,0.9912492464248273,0.9912492464248273,0.9860879496418035
5.5,50.0,3.5,600.0,70.0,175.0,170.0031329674645,0.3276658269176167,-0.41093702107914976,518.8308300767889,413.6963190150749,7.142857142857143,218.95538184326546,2.624260128402034,452.1964779722452,81.60150382438295,23.314715378395128,0.9917204709409475,0.9981063668228417,0.9912822430612221,0.9912822430612221,0.9862110308185039
5.5,50.0,3.5,800.0,30.0,175.0,170.0031329674645,0.3276658269176167,-0.41093702107914976,518.8308300767889,413.6963190150749,16.666666666666668,291.9405091243539,6.220468452508527,617.2143515820412,108.80200509917728,31.086287171193508,0.9905873628947,0.9987259246138291,0.9909638360544379,0.9909638360544379,0.9816958548560948
5.5,50.0,3.5,800.0,50.0,175.0,170.0031329674645,0.3276658269176167,-0.41093702107914976,518.8308300767889,413.6963190150749,10.0,291.9405091243539,6.220468452508527,603.8810182487078,108.80200509917728,31.086287171193508,0.9907027041070182,0.9987258650092979,0.9910379152690034,0.9910379152690034,0.9820091208807682
5.5,50.0,3.5,800.0,70.0,175.0,170.0031329674645,0.3276658269176167,-0.41093702107914976,518.8308300767889,413.6963190150749,7.142857142857143,291.9405091243539,6.220468452508527,598.1667325344221,108.80200509917728,31.086287171193508,0.9907461512233784,0.9987258902366858,0.9910699907025733,0.9910699907025733,0.9821187332516811
5.5,50.0,4.0,400.0,30.0,200.0,170.0031329674645,0.3276658269176167,-0.41093702107914976,518.8308300767889,413.6963190150749,16.666666666666668,145.970254562177,0.7775585565635659,325.2738424576873,54.40100254958864,13.60025063739716,0.9813333589963364,0.9993127522879144,0.9687875133454694,0.9687875133693894,0.9884456569825727
5.5,50.0,4.0,400.0,50.0,200.0,170.0031329674645,0.3276658269176167,-0.41093702107914976,518.8308300767889,413.6963190150749,10.0,145.970254562177,0.7775585565635659,311.940509124354,54.40100254958864,13.60025063739716,0.9814713830375644,0.9993178998245976,0.9688607694616022,0.9688607694616022,0.9888460934024557
5.5,50.0,4.0,400.0,70.0,200.0,170.0031329674645,0.3276658269176167,-0.41093702107914976,518.8308300767889,413.6963190150749,7.142857142857143,145.970254562177,0.7775585565635659,306.22622341006826,54.40100254958864,13.60025063739716,0.9815229826463561,0.9993192724569298,0.9688966989459845,0.9688966989477856,0.9889792602347243
5.5,50.0,4.0,500.0,30.0,200.0,170.0031329674645,0.3276658269176167,-0.41093702107914976,518.8308300767889,413.6963190150749,16.666666666666668,182.4628182027212,1.5186690557882137,398.2589697387757,68.00125318698579,17.000313296746448,0.987536221499062,0.9996410781206053,0.9813588749145763,0.9813588749369189,0.9877860580241471
5.5,50.0,4.0,500.0,50.0,200.0,170.0031329674645,0.3276658269176167,-0.41093702107914976,518.8308300767889,413.6963190150749,10.0,182.4628182027212,1.5186690557882137,384.9256364054424,68.00125318698579,17.000313296746448,0.9876691123646283,0.9996412838277512,0.9814330720621645,0.9814330720719187,0.9881690214966788
5.5,50.0,4.0,500.0,70.0,200.0,170.0031329674645,0.3276658269176167,-0.41093702107914976,518.8308300767889,413.6963190150749,7.142857142857143,182.4628182027212,1.5186690557882137,379.21135069115667,68.00125318698579,17.000313296746448,0.9877177598527217,0.9996409457263913,0.9814663959987961,0.9814663959987961,0.9882973016869032
5.5,50.0,4.0,600.0,30.0,200.0,170.0031329674645,0.3276658269176167,-0.41093702107914976,518.8308300767889,413.6963190150749,16.666666666666668,218.95538184326546,2.624260128402034,471.2440970198642,81.60150382438295,20.400375956095736,0.9898467551949373,0.9996860641088843,0.9867067464293078,0.9867067464293078,0.9862874638122494
5.5,50.0,4.0,600.0,50.0,200.0,170.0031329674645,0.3276658269176167,-0.41093702107914976,518.8308300767889,413.6963190150749,10.0,218.95538184326546,2.624260128402034,457.9107636865309,81.60150382438295,20.400375956095736,0.9899744016220049,0.9996859836842087,0.9867803975532373,0.9867803975532373,0.986650827697336
5.5,50.0,4.0,600.0,70.0,200.0,170.0031329674645,0.3276658269176167,-0.41093702107914976,518.8308300767889,413.6963190150749,7.142857142857143,218.95538184326546,2.624260128402034,452.1964779722452,81.60150382438295,20.400375956095736,0.9900221245911207,0.9996860541360253,0.986814133655741,0.986814133655741,0.9867741769169756
5.5,50.0,4.0,800.0,30.0,200.0,170.0031329674645,0.3276658269176167,-0.41093702107914976,518.8308300767889,413.6963190150749,16.666666666666668,291.9405091243539,6.220468452508527,617.2143515820412,108.80200509917728,27.20050127479432,0.9903878001493887,0.999622036345466,0.9897089708749327,0.9897089708749327,0.9825112225022236
5.5,50.0,4.0,800.0,50.0,200.0,170.0031329674645,0.3276658269176167,-0.41093702107914976,518.8308300767889,413.6963190150749,10.0,291.9405091243539,6.220468452508527,603.8810182487078,108.80200509917728,27.20050127479432,0.9905039607122241,0.9996219932807859,0.989782904358026,0.989782904358026,0.9828280408520588
5.5,50.0,4.0,800.0,70.0,200.0,170.0031329674645,0.3276658269176167,-0.41093702107914976,518.8308300767889,413.6963190150749,7.142857142857143,291.9405091243539,6.220468452508527,598.1667325344221,108.80200509917728,27.20050127479432,0.9905475882992751,0.9996219727894297,0.9898150151787312,0.9898150151787312,0.9829383500502089
5.5,60.0,3.0,400.0,30.0,180.0,170.0031329674645,0.3276658269176167,-0.41093702107914976,518.8308300767889,413.6963190150749,16.666666666666668,101.36823233484517,0.26040278734365846,236.06979800302366,37.77847399276989,12.592824664256629,0.986786366489256,0.9853543370642148,0.9851564213747928,0.9851564213747928,0.9914782861432234
5.5,60.0,3.0,400.0,50.0,180.0,170.0031329674645,0.3276658269176167,-0.41093702107914976,518.8308300767889,413.6963190150749,10.0,101.36823233484517,0.26040278734365846,222.73646466969032,37.77847399276989,12.592824664256629,0.9869250372937381,0.9853417363912225,0.985230753751899,0.985230753761765,0.9918969052700659
5.5,60.0,3.0,400.0,70.0,180.0,170.0031329674645,0.3276658269176167,-0.41093702107914976,518.8308300767889,413.6963190150749,7.142857142857143,101.36823233484517,0.26040278734365846,217.02217895540463,37.77847399276989,12.592824664256629,0.9869729801582987,0.9853359687052972,0.985262849983952,0.985262849983952,0.9920302519599938
5.5,60.0,3.0,500.0,30.0,180.0,170.0031329674645,0.3276658269176167,-0.41093702107914976,518.8308300767889,413.6963190150749,16.666666666666668,126.71029041855644,0.5085991940305828,286.7539141704462,47.22309249096236,15.741030830320785,0.9908683295583298,0.9920193156324524,0.9904892165242278,0.990489216527288,0.990475569549351
5.5,60.0,3.0,500.0,50.0,180.0,170.0031329674645,0.3276658269176167,-0.41093702107914976,518.8308300767889,413.6963190150749,10.0,126.71029041855644,0.5085991940305828,273.4205808371129,47.22309249096236,15.741030830320785,0.9909985871562653,0.9919851650364055,0.9905636552909373,0.9905636552984733,0.990881872999245
5.5,60.0,3.0,500.0,70.0,180.0,170.0031329674645,0.3276658269176167,-0.41093702107914976,518.8308300767889,413.6963190150749,7.142857142857143,126.71029041855644,0.5085991940305828,267.70629512282716,47.22309249096236,15.741030830320785,0.9910558009030914,0.9920146297109582,0.990595779841023,0.9905957798458718,0.9910170142145125
5.5,60.0,3.0,600.0,30.0,180.0,170.0031329674645,0.3276658269176167,-0.41093702107914976,518.8308300767889,413.6963190150749,16.666666666666668,152.05234850226776,0.8788594072848475,337.43803033786884,56.667710989154834,18.889236996384945,0.9922665891061414,0.9947415016851564,0.992582516623201,0.992582516623201,0.9891598214930073
5.5,60.0,3.0,600.0,50.0,180.0,170.0031329674645,0.3276658269176167,-0.41093702107914976,518.8308300767889,413.6963190150749,10.0,152.05234850226776,0.8788594072848475,324.1046970045355,56.667710989154834,18.889236996384945,0.992401623177628,0.9947397940080023,0.9926554938893044,0.9926554938925859,0.9895557109206196
5.5,60.0,3.0,600.0,70.0,180.0,170.0031329674645,0.3276658269176167,-0.41093702107914976,518.8308300767889,413.6963190150749,7.142857142857143,152.05234850226776,0.8788594072848475,318.3904112902498,56.667710989154834,18.889236996384945,0.9924494849805559,0.994737379147681,0.9926864506946105,0.9926864506946105,0.9896876593853214
5.5,60.0,3.0,800.0,30.0,180.0,170.0031329674645,0.3276658269176167,-0.41093702107914976,518.8308300767889,413.6963190150749,16.666666666666668,202.73646466969032,2.0832222987492677,438.80626267271396,75.55694798553978,25.185649328513257,0.992324153150246,0.9966424408300356,0.9931959302771274,0.9931959302771274,0.9862623112166937
5.5,60.0,3.0,800.0,50.0,180.0,170.0031329674645,0.3276658269176167,-0.41093702107914976,518.8308300767889,413.6963190150749,10.0,202.73646466969032,2.0832222987492677,425.47292933938064,75.55694798553978,25.185649328513257,0.9924543594516396,0.9966438633492738,0.9932708842961285,0.9932708842961285,0.9866318058650276
5.5,60.0,3.0,800.0,70.0,180.0,170.0031329674645,0.3276658269176167,-0.41093702107914976,518.8308300767889,413.6963190150749,7.142857142857143,202.73646466969032,2.0832222987492677,419.7586436250949,75.55694798553978,25.185649328513257,0.9925010646232946,0.9966435514128111,0.9933020080754789,0.9933020080754789,0.9867566909294092
5.5,60.0,3.5,400.0,30.0,210.0,170.0031329674645,0.3276658269176167,-0.41093702107914976,518.8308300767889,413.6963190150749,16.666666666666668,101.36823233484517,0.26040278734365846,236.06979800302366,37.77847399276989,10.793849712219968,0.9773590749161367,0.9924743749332785,0.9633251720235203,0.9633251720235203,0.9903115806842279
5.5,60.0,3.5,400.0,50.0,210.0,170.0031329674645,0.3276658269176167,-0.41093702107914976,518.8308300767889,413.6963190150749,10.0,101.36823233484517,0.26040278734365846,222.73646466969032,37.77847399276989,10.793849712219968,0.9774967750839885,0.9924643025295343,0.963397873121357,0.963397873121357,0.9907270515637052
5.5,60.0,3.5,400.0,70.0,210.0,170.0031329674645,0.3276658269176167,-0.41093702107914976,518.8308300767889,413.6963190150749,7.142857142857143,101.36823233484517,0.26040278734365846,217.02217895540463,37.77847399276989,10.793849712219968,0.9775454100881962,0.9924601128727752,0.9634289737218521,0.9634289737218521,0.990863580036305
5.5,60.0,3.5,500.0,30.0,210.0,170.0031329674645,0.3276658269176167,-0.41093702107914976,518.8308300767889,413.6963190150749,16.666666666666668,126.71029041855644,0.5085991940305828,286.7539141704462,47.22309249096236,13.49231214027496,0.9859961565461062,0.9957084262215569,0.9788944637448201,0.9788944637637749,0.9904872724542726
5.5,60.0,3.5,500.0,50.0,210.0,170.0031329674645,0.3276658269176167,-0.41093702107914976,518.8308300767889,413.6963190150749,10.0,126.71029041855644,0.5085991940305828,273.4205808371129,47.22309249096236,13.49231214027496,0.9861356403684681,0.9957112257014886,0.978968366959561,0.9789683669711406,0.9908946018416822
5.5,60.0,3.5,500.0,70.0,210.0,170.0031329674645,0.3276658269176167,-0.41093702107914976,518.8308300767889,413.6963190150749,7.142857142857143,126.71029041855644,0.5085991940305828,267.70629512282716,47.22309249096236,13.49231214027496,0.9861846712324683,0.9957097148202761,0.9790001156806885,0.9790001156867315,0.991028738742177
5.5,60.0,3.5,600.0,30.0,210.0,170.0031329674645,0.3276658269176167,-0.41093702107914976,518.8308300767889,413.6963190150749,16.666666666666668,152.05234850226776,0.8788594072848475,337.43803033786884,56.667710989154834,16.190774568329953,0.989771343450611,0.9972708435855617,0.9860514124408637,0.9860514124451524,0.9897117053308666
5.5,60.0,3.5,600.0,50.0,210.0,170.0031329674645,0.3276658269176167,-0.41093702107914976,518.8308300767889,413.6963190150749,10.0,152.05234850226776,0.8788594072848475,324.1046970045355,56.667710989154834,16.190774568329953,0.9899043343644203,0.9972586364336713,0.9861251815275645,0.9861251815275645,0.9901083379688805
5.5,60.0,3.5,600.0,70.0,210.0,170.0031329674645,0.3276658269176167,-0.41093702107914976,518.8308300767889,413.6963190150749,7.142857142857143,152.05234850226776,0.8788594072848475,318.3904112902498,56.667710989154834,16.190774568329953,0.989953806742858,0.9972580210773432,0.9861584119496346,0.9861584119496346,0.9902403819948196
5.5,60.0,3.5,800.0,30.0,210.0,170.0031329674645,0.3276658269176167,-0.41093702107914976,518.8308300767889,413.6963190150749,16.666666666666668,202.73646466969032,2.0832222987492677,438.80626267271396,75.55694798553978,21.587699424439936,0.991955638794622,0.9984441273232221,0.991093769347223,0.991093769347223,0.9871908891608202
5.5,60.0,3.5,800.0,50.0,210.0,170.0031329674645,0.3276658269176167,-0.41093702107914976,518.8308300767889,413.6963190150749,10.0,202.73646466969032,2.0832222987492677,425.47292933938064,75.55694798553978,21.587699424439936,0.9920847768638528,0.9984439339528244,0.9911666191312043,0.9911666191312043,0.9875619352401783
5.5,60.0,3.5,800.0,70.0,210.0,170.0031329674645,0.3276658269176167,-0.41093702107914976,518.8308300767889,413.6963190150749,7.142857142857143,202.73646466969032,2.0832222987492677,419.7586436250949,75.55694798553978,21.587699424439936,0.9921319000231248,0.9984445997314382,0.9911979852767578,0.9911979852767578,0.9876870298075454
5.5,60.0,4.0,400.0,30.0,240.0,170.0031329674645,0.3276658269176167,-0.41093702107914976,518.8308300767889,413.6963190150749,16.666666666666668,101.36823233484517,0.26040278734365846,236.06979800302366,37.77847399276989,9.444618498192472,0.9551670229387168,0.9986866641227379,0.918190629706502,0.918190629706502,0.9856001682191253
5.5,60.0,4.0,400.0,50.0,240.0,170.0031329674645,0.3276658269176167,-0.41093702107914976,518.8308300767889,413.6963190150749,10.0,101.36823233484517,0.26040278734365846,222.73646466969032,37.77847399276989,9.444618498192472,0.9553031013219624,0.9986807963239392,0.9182598234693848,0.9182598234887578,0.9860119620057678
5.5,60.0,4.0,400.0,70.0,240.0,170.0031329674645,0.3276658269176167,-0.41093702107914976,518.8308300767889,413.6963190150749,7.142857142857143,101.36823233484517,0.26040278734365846,217.02217895540463,37.77847399276989,9.444618498192472,0.955353890752545,0.9986816553538824,0.918292661702981,0.918292661702981,0.9861485842503358
5.5,60.0,4.0,500.0,30.0,240.0,170.0031329674645,0.3276658269176167,-0.41093702107914976,518.8308300767889,413.6963190150749,16.666666666666668,126.71029041855644,0.5085991940305828,286.7539141704462,47.22309249096236,11.80577312274059,0.9740268413941726,0.9994235111814535,0.9541052008977825,0.9541052009035194,0.9884734525939352
5.5,60.0,4.0,500.0,50.0,240.0,170.0031329674645,0.3276658269176167,-0.41093702107914976,518.8308300767889,413.6963190150749,10.0,126.71029041855644,0.5085991940305828,273.4205808371129,47.22309249096236,11.80577312274059,0.9741644163181444,0.9994276968535096,0.9541748120493982,0.9541748120493982,0.9888803443202716
5.5,60.0,4.0,500.0,70.0,240.0,170.0031329674645,0.3276658269176167,-0.41093702107914976,518.8308300767889,413.6963190150749,7.142857142857143,126.71029041855644,0.5085991940305828,267.70629512282716,47.22309249096236,11.80577312274059,0.9742149291709595,0.9994276229046792,0.9542082354942075,0.9542082355066352,0.9890156227783161
5.5,60.0,4.0,600.0,30.0,240.0,170.0031329674645,0.3276658269176167,-0.41093702107914976,518.8308300767889,413.6963190150749,16.666666666666668,152.05234850226776,0.8788594072848475,337.43803033786884,56.667710989154834,14.166927747288709,0.9827991823144933,0.9996592902180261,0.9712670439880569,0.9712670439880569,0.9890033510638334
5.5,60.0,4.0,600.0,50.0,240.0,170.0031329674645,0.3276658269176167,-0.41093702107914976,518.8308300767889,413.6963190150749,10.0,152.05234850226776,0.8788594072848475,324.1046970045355,56.667710989154834,14.166927747288709,0.9829348990109504,0.9996593070597517,0.9713394295719837,0.9713394295747905,0.9894014298372759
5.5,60.0,4.0,600.0,70.0,240.0,170.0031329674645,0.3276658269176167,-0.41093702107914976,518.8308300767889,413.6963190150749,7.142857142857143,152.05234850226776,0.8788594072848475,318.3904112902498,56.667710989154834,14.166927747288709,0.9829835685786286,0.9996586342033011,0.9713708651755562,0.9713708651841103,0.9895339097515468
5.5,60.0,4.0,800.0,30.0,240.0,170.0031329674645,0.3276658269176167,-0.41093702107914976,518.8308300767889,413.6963190150749,16.666666666666668,202.73646466969032,2.0832222987492677,438.80626267271396,75.55694798553978,18.889236996384945,0.9893463667180542,0.99969313460401,0.9850692207386005,0.9850692207386005,0.9875538907910059
5.5,60.0,4.0,800.0,50.0,240.0,170.0031329674645,0.3276658269176167,-0.41093702107914976,518.8308300767889,413.6963190150749,10.0,202.73646466969032,2.0832222987492677,425.47292933938064,75.55694798553978,18.889236996384945,0.9894774067344176,0.9996935017894186,0.9851447211432396,0.9851447211432396,0.9879266828617728
5.5,60.0,4.0,800.0,70.0,240.0,170.0031329674645,0.3276658269176167,-0.41093702107914976,518.8308300767889,413.6963190150749,7.142857142857143,202.73646466969032,2.0832222987492677,419.7586436250949,75.55694798553978,18.889236996384945,0.9895223917748718,0.9996933752890724,0.9851718908899114,0.9851718908899114,0.988052410030592
