a_um,omega_p_MHz,ratio,delta_MHz,omega_c_MHz,omega_R_MHz,V_ct_MHz,V_DD_MHz,V_cc_MHz,R_DD,R_AA,selectivity_ok,T_c_ns,T_f_ns,sigma_ns,t_total_ns,M1,M2,F_bar,F_00,F_01,F_10,F_11
3.5,50.0,2.5,400.0,50.0,125.0,659.6914576667499,4.933998589023281,-6.187897899684655,133.7032116576548,106.60994547120255,1,10.0,153.65289953913367,0.9069060289413221,327.30579907826734,211.10126645335995,84.44050658134398,0.9675751056324613,0.9268357091675892,0.9933625587950252,0.9933625587950252,0.9567395957722056
3.5,50.0,2.5,400.0,70.0,125.0,659.6914576667499,4.933998589023281,-6.187897899684655,133.7032116576548,106.60994547120255,1,7.142857142857143,153.65289953913367,0.9069060289413221,321.5915133639816,211.10126645335995,84.44050658134398,0.9715985025370198,0.926740585546243,0.993395028939585,0.993395028939585,0.9728633667226665
3.5,50.0,2.5,500.0,50.0,125.0,659.6914576667499,4.933998589023281,-6.187897899684655,133.7032116576548,106.60994547120255,1,10.0,192.06612442391705,1.7713008377760187,404.1322488478341,263.87658306669994,105.55063322667998,0.9708360707868839,0.917335056004821,0.9928631857446168,0.9928631857446168,0.9802828556534813
3.5,50.0,2.5,500.0,70.0,125.0,659.6914576667499,4.933998589023281,-6.187897899684655,133.7032116576548,106.60994547120255,1,7.142857142857143,192.06612442391705,1.7713008377760187,398.41796313354837,263.87658306669994,105.55063322667998,0.9717554690770034,0.9173198780622204,0.992894363169224,0.992894363169224,0.9839132719073449
3.5,50.0,2.5,600.0,50.0,125.0,659.6914576667499,4.933998589023281,-6.187897899684655,133.7032116576548,106.60994547120255,1,10.0,230.47934930870048,3.0608078476769607,480.95869861740096,316.65189968003995,126.66075987201599,0.963265634584713,0.9121317950171319,0.9922144219009232,0.9922144219029552,0.9565018995178416
3.5,50.0,2.5,600.0,70.0,125.0,659.6914576667499,4.933998589023281,-6.187897899684655,133.7032116576548,106.60994547120255,1,7.142857142857143,230.47934930870048,3.0608078476769607,475.24441290311523,316.65189968003995,126.66075987201599,0.9669670173564979,0.9121190598967277,0.9922435100185508,0.9922435100185508,0.9712619894921626
3.5,50.0,2.5,800.0,50.0,125.0,659.6914576667499,4.933998589023281,-6.187897899684655,133.7032116576548,106.60994547120255,1,10.0,307.30579907826734,7.255248231530577,634.6115981565347,422.2025329067199,168.88101316268796,0.9612958455092634,0.9069308659984502,0.9906687244353316,0.9906687244353316,0.9569150671679402
3.5,50.0,2.5,800.0,70.0,125.0,659.6914576667499,4.933998589023281,-6.187897899684655,133.7032116576548,106.60994547120255,1,7.142857142857143,307.30579907826734,7.255248231530577,628.8973124422489,422.2025329067199,168.88101316268796,0.9645278127608636,0.9069236468774516,0.9906982143308433,0.9906982143308433,0.9697911755043165
3.5,50.0,3.0,400.0,50.0,150.0,659.6914576667499,4.933998589023281,-6.187897899684655,133.7032116576548,106.60994547120255,1,10.0,153.65289953913367,0.9069060289413221,327.30579907826734,211.10126645335995,70.36708881778665,0.9850202861340143,0.9972396403580324,0.9929728737504957,0.9929728737504957,0.9568957566770333
3.5,50.0,3.0,400.0,70.0,150.0,659.6914576667499,4.933998589023281,-6.187897899684655,133.7032116576548,106.60994547120255,1,7.142857142857143,153.65289953913367,0.9069060289413221,321.5915133639816,211.10126645335995,70.36708881778665,0.9890420489443198,0.9972391840644439,0.9930056706776147,0.9930056706776147,0.9729176703576059
3.5,50.0,3.0,500.0,50.0,150.0,659.6914576667499,4.933998589023281,-6.187897899684655,133.7032116576548,106.60994547120255,1,10.0,192.06612442391705,1.7713008377760187,404.1322488478341,263.87658306669994,87.95886102223332,0.9901895186729491,0.9955517530693277,0.9925841778475868,0.9925841778475868,0.9800379659272954
3.5,50.0,3.0,500.0,70.0,150.0,659.6914576667499,4.933998589023281,-6.187897899684655,133.7032116576548,106.60994547120255,1,7.142857142857143,192.06612442391705,1.7713008377760187,398.41796313354837,263.87658306669994,87.95886102223332,0.991137629523277,0.9955529466447584,0.9926153569088647,0.9926153569088647,0.9837668576306201
3.5,50.0,3.0,600.0,50.0,150.0,659.6914576667499,4.933998589023281,-6.187897899684655,133.7032116576548,106.60994547120255,1,10.0,230.47934930870048,3.0608078476769607,480.95869861740096,316.65189968003995,105.55063322667998,0.9836876982050227,0.9940870575394025,0.9920097789794232,0.9920097789814908,0.9566441773197742
3.5,50.0,3.0,600.0,70.0,150.0,659.6914576667499,4.933998589023281,-6.187897899684655,133.7032116576548,106.60994547120255,1,7.142857142857143,230.47934930870048,3.0608078476769607,475.24441290311523,316.65189968003995,105.55063322667998,0.9873691573162815,0.9940865825838432,0.9920366026189262,0.9920366026212404,0.9713168414411162
3.5,50.0,3.0,800.0,50.0,150.0,659.6914576667499,4.933998589023281,-6.187897899684655,133.7032116576548,106.60994547120255,1,10.0,307.30579907826734,7.255248231530577,634.6115981565347,422.2025329067199,140.7341776355733,0.9825872264362168,0.99225779931995,0.99054026967262,0.99054026967262,0.9570105670796769
3.5,50.0,3.0,800.0,70.0,150.0,659.6914576667499,4.933998589023281,-6.187897899684655,133.7032116576548,106.60994547120255,1,7.142857142857143,307.30579907826734,7.255248231530577,628.8973124422489,422.2025329067199,140.7341776355733,0.9858064974726717,0.9922573143645963,0.9905724494204632,0.9905724494204632,0.9698237766851641
3.5,50.0,3.5,400.0,50.0,175.0,659.6914576667499,4.933998589023281,-6.187897899684655,133.7032116576548,106.60994547120255,1,10.0,153.65289953913367,0.9069060289413221,327.30579907826734,211.10126645335995,60.31464755810285,0.9851241411209999,0.9992444917139571,0.9922265899045313,0.9922265899045313,0.9567988929609802
3.5,50.0,3.5,400.0,70.0,175.0,659.6914576667499,4.933998589023281,-6.187897899684655,133.7032116576548,106.60994547120255,1,7.142857142857143,153.65289953913367,0.9069060289413221,321.5915133639816,211.10126645335995,60.31464755810285,0.9891426709340172,0.9992443318280116,0.9922587567428893,0.9922587567428893,0.9728088384222782
3.5,50.0,3.5,500.0,50.0,175.0,659.6914576667499,4.933998589023281,-6.187897899684655,133.7032116576548,106.60994547120255,1,10.0,192.06612442391705,1.7713008377760187,404.1322488478341,263.87658306669994,75.39330944762855,0.990778091193131,0.9990399370897034,0.9920726231133765,0.9920726231133765,0.9799271814560676
3.5,50.0,3.5,500.0,70.0,175.0,659.6914576667499,4.933998589023281,-6.187897899684655,133.7032116576548,106.60994547120255,1,7.142857142857143,192.06612442391705,1.7713008377760187,398.41796313354837,263.87658306669994,75.39330944762855,0.991729495291626,0.9990410034587831,0.9921034820721533,0.9921034820721533,0.9836700135634144
3.5,50.0,3.5,600.0,50.0,175.0,659.6914576667499,4.933998589023281,-6.187897899684655,133.7032116576548,106.60994547120255,1,10.0,230.47934930870048,3.0608078476769607,480.95869861740096,316.65189968003995,90.47197133715427,0.9846245436833012,0.99863633959447,0.9916395806418269,0.991639580643626,0.9565826738532821
3.5,50.0,3.5,600.0,70.0,175.0,659.6914576667499,4.933998589023281,-6.187897899684655,133.7032116576548,106.60994547120255,1,7.142857142857143,230.47934930870048,3.0608078476769607,475.24441290311523,316.65189968003995,90.47197133715427,0.9883036784286703,0.998637040456658,0.9916658844766066,0.9916658844798684,0.9712459043015482
3.5,50.0,3.5,800.0,50.0,175.0,659.6914576667499,4.933998589023281,-6.187897899684655,133.7032116576548,106.60994547120255,1,10.0,307.30579907826734,7.255248231530577,634.6115981565347,422.2025329067199,120.6292951162057,0.9839138056324578,0.998051088439162,0.9903258766219081,0.9903258766252614,0.9569523808434997
3.5,50.0,3.5,800.0,70.0,175.0,659.6914576667499,4.933998589023281,-6.187897899684655,133.7032116576548,106.60994547120255,1,7.142857142857143,307.30579907826734,7.255248231530577,628.8973124422489,422.2025329067199,120.6292951162057,0.9871339864961628,0.9980499467732595,0.9903562499739522,0.9903562499739522,0.969773499263487
3.5,60.0,2.5,400.0,50.0,150.0,659.6914576667499,4.933998589023281,-6.187897899684655,133.7032116576548,106.60994547120255,1,10.0,106.70340245773176,0.3037209941316909,233.4068049154635,146.5981017037222,58.63924068148888,0.9766653194369538,0.9378162872749405,0.9944143025768017,0.9944143025795675,0.9800163853165054
3.5,60.0,2.5,400.0,70.0,150.0,659.6914576667499,4.933998589023281,-6.187897899684655,133.7032116576548,106.60994547120255,1,7.142857142857143,106.70340245773176,0.3037209941316909,227.69251920117782,146.5981017037222,58.63924068148888,0.9780777782785541,0.9378115285021866,0.9944345898432206,0.9944345898432206,0.9856304049255884
3.5,60.0,2.5,500.0,50.0,150.0,659.6914576667499,4.933998589023281,-6.187897899684655,133.7032116576548,106.60994547120255,1,10.0,133.3792530721647,0.5932050666634587,286.75850614432943,183.24762712965276,73.2990508518611,0.9730136261766527,0.9246196203594017,0.9942242946544935,0.9942242946544935,0.9789862950382221
3.5,60.0,2.5,500.0,70.0,150.0,659.6914576667499,4.933998589023281,-6.187897899684655,133.7032116576548,106.60994547120255,1,7.142857142857143,133.3792530721647,0.5932050666634587,281.04422043004365,183.24762712965276,73.2990508518611,0.9745425020241205,0.9245400373916435,0.9942565312333318,0.9942565312731146,0.985116908198392
3.5,60.0,2.5,600.0,50.0,150.0,659.6914576667499,4.933998589023281,-6.187897899684655,133.7032116576548,106.60994547120255,1,10.0,160.05510368659765,1.025058355194457,340.1102073731953,219.8971525555833,87.95886102223332,0.9650288659915249,0.91718066208111,0.9938996015357935,0.9938996015357935,0.9551355988134025
3.5,60.0,2.5,600.0,70.0,150.0,659.6914576667499,4.933998589023281,-6.187897899684655,133.7032116576548,106.60994547120255,1,7.142857142857143,160.05510368659765,1.025058355194457,334.3959216589096,219.8971525555833,87.95886102223332,0.9692894581638285,0.9171600706721716,0.9939396133754286,0.9939396133772225,0.9721185352304916
3.5,60.0,2.5,800.0,50.0,150.0,659.6914576667499,4.933998589023281,-6.187897899684655,133.7032116576548,106.60994547120255,1,10.0,213.4068049154635,2.429767953053527,446.8136098309271,293.1962034074444,117.27848136297776,0.9680174021337388,0.9097333710828566,0.9929959292481141,0.9929959292481141,0.9763443789558705
3.5,60.0,2.5,800.0,70.0,150.0,659.6914576667499,4.933998589023281,-6.187897899684655,133.7032116576548,106.60994547120255,1,7.142857142857143,213.4068049154635,2.429767953053527,441.0993241166413,293.1962034074444,117.27848136297776,0.9694681599403643,0.9097266138662907,0.9930271224830474,0.9930271224830474,0.9820917809290717
3.5,60.0,3.0,400.0,50.0,180.0,659.6914576667499,4.933998589023281,-6.187897899684655,133.7032116576548,106.60994547120255,1,10.0,106.70340245773176,0.3037209941316909,233.4068049154635,146.5981017037222,48.86603390124073,0.9911541787468428,0.9976571373256777,0.9936247111561742,0.9936247111590539,0.9797101553464649
3.5,60.0,3.0,400.0,70.0,180.0,659.6914576667499,4.933998589023281,-6.187897899684655,133.7032116576548,106.60994547120255,1,7.142857142857143,106.70340245773176,0.3037209941316909,227.69251920117782,146.5981017037222,48.86603390124073,0.992593033227972,0.9976568130436572,0.9936420326097575,0.9936420326125037,0.9854312546459699
3.5,60.0,3.0,500.0,50.0,180.0,659.6914576667499,4.933998589023281,-6.187897899684655,133.7032116576548,106.60994547120255,1,10.0,133.3792530721647,0.5932050666634587,286.75850614432943,183.24762712965276,61.08254237655091,0.9908205958382197,0.9970519619814147,0.9936543968475543,0.9936543968475543,0.9789216276763555
3.5,60.0,3.0,500.0,70.0,180.0,659.6914576667499,4.933998589023281,-6.187897899684655,133.7032116576548,106.60994547120255,1,7.142857142857143,133.3792530721647,0.5932050666634587,281.04422043004365,183.24762712965276,61.08254237655091,0.9923672259180489,0.99706707228949,0.9936869667213377,0.9936869667231959,0.9850278979381719
3.5,60.0,3.0,600.0,50.0,180.0,659.6914576667499,4.933998589023281,-6.187897899684655,133.7032116576548,106.60994547120255,1,10.0,160.05510368659765,1.025058355194457,340.1102073731953,219.8971525555833,73.2990508518611,0.9844536173454008,0.9956118376231753,0.9934755771623838,0.9934755771623838,0.9552514774336607
3.5,60.0,3.0,600.0,70.0,180.0,659.6914576667499,4.933998589023281,-6.187897899684655,133.7032116576548,106.60994547120255,1,7.142857142857143,160.05510368659765,1.025058355194457,334.3959216589096,219.8971525555833,73.2990508518611,0.9886920547416506,0.9956107140188263,0.993507093873472,0.9935070938747068,0.9721433171995972
3.5,60.0,3.0,800.0,50.0,180.0,659.6914576667499,4.933998589023281,-6.187897899684655,133.7032116576548,106.60994547120255,1,10.0,213.4068049154635,2.429767953053527,446.8136098309271,293.1962034074444,97.73206780248147,0.9887757029768336,0.993386921037982,0.9927381187302637,0.9927381187302637,0.9762396534088246
3.5,60.0,3.0,800.0,70.0,180.0,659.6914576667499,4.933998589023281,-6.187897899684655,133.7032116576548,106.60994547120255,1,7.142857142857143,213.4068049154635,2.429767953053527,441.0993241166413,293.1962034074444,97.73206780248147,0.9902335529031984,0.9933865339595984,0.9927693098340306,0.9927693098340306,0.9820090579851339
3.5,60.0,3.5,400.0,50.0,210.0,659.6914576667499,4.933998589023281,-6.187897899684655,133.7032116576548,106.60994547120255,1,10.0,106.70340245773176,0.3037209941316909,233.4068049154635,146.5981017037222,41.8851719153492,0.9905274134635341,0.9985721702521284,0.9920642431550927,0.9920642431575064,0.9794089972894089
3.5,60.0,3.5,400.0,70.0,210.0,659.6914576667499,4.933998589023281,-6.187897899684655,133.7032116576548,106.60994547120255,1,7.142857142857143,106.70340245773176,0.3037209941316909,227.69251920117782,146.5981017037222,41.8851719153492,0.9919809986171197,0.9985719758454243,0.9920957679619427,0.9920957679619427,0.9851604826991693
3.5,60.0,3.5,500.0,50.0,210.0,659.6914576667499,4.933998589023281,-6.187897899684655,133.7032116576548,106.60994547120255,1,10.0,133.3792530721647,0.5932050666634587,286.75850614432943,183.24762712965276,52.3564648941865,0.9908069701804141,0.9992941726538516,0.9925930031336254,0.9925930031336254,0.978747701800554
3.5,60.0,3.5,500.0,70.0,210.0,659.6914576667499,4.933998589023281,-6.187897899684655,133.7032116576548,106.60994547120255,1,7.142857142857143,133.3792530721647,0.5932050666634587,281.04422043004365,183.24762712965276,52.3564648941865,0.9923479027284197,0.9992939966936805,0.9926252276251857,0.9926252276727818,0.9848471589220305
3.5,60.0,3.5,600.0,50.0,210.0,659.6914576667499,4.933998589023281,-6.187897899684655,133.7032116576548,106.60994547120255,1,10.0,160.05510368659765,1.025058355194457,340.1102073731953,219.8971525555833,62.8277578730238,0.9849033294988542,0.9990720465978695,0.992706977155327,0.992706977155327,0.9551273170868932
3.5,60.0,3.5,600.0,70.0,210.0,659.6914576667499,4.933998589023281,-6.187897899684655,133.7032116576548,106.60994547120255,1,7.142857142857143,160.05510368659765,1.025058355194457,334.3959216589096,219.8971525555833,62.8277578730238,0.9891378486209983,0.9990716526469989,0.9927385587642781,0.9927385587642781,0.9720026243084382
3.5,60.0,3.5,800.0,50.0,210.0,659.6914576667499,4.933998589023281,-6.187897899684655,133.7032116576548,106.60994547120255,1,10.0,213.4068049154635,2.429767953053527,446.8136098309271,293.1962034074444,83.7703438306984,0.9897855317338877,0.9984336111925005,0.9922849914026954,0.9922849914026954,0.9761385329376596
3.5,60.0,3.5,800.0,70.0,210.0,659.6914576667499,4.933998589023281,-6.187897899684655,133.7032116576548,106.60994547120255,1,7.142857142857143,213.4068049154635,2.429767953053527,441.0993241166413,293.1962034074444,83.7703438306984,0.991243422506679,0.9984339979324928,0.9923161706024224,0.9923161706024224,0.9819073508893784
3.5,70.0,2.5,400.0,50.0,175.0,659.6914576667499,4.933998589023281,-6.187897899684655,133.7032116576548,106.60994547120255,1,10.0,78.39433649955801,0.12044646960202095,176.78867299911602,107.70472778232651,43.081891112930606,0.9746270617884543,0.9501644497774238,0.9948565447106366,0.9948565447374402,0.9586307079283166
3.5,70.0,2.5,400.0,70.0,175.0,659.6914576667499,4.933998589023281,-6.187897899684655,133.7032116576548,106.60994547120255,1,7.142857142857143,78.39433649955801,0.12044646960202095,171.07438728483032,107.70472778232651,43.081891112930606,0.978884113465577,0.9501427963169249,0.9948889545827924,0.9948889545860096,0.9756157483765814
3.5,70.0,2.5,500.0,50.0,175.0,659.6914576667499,4.933998589023281,-6.187897899684655,133.7032116576548,106.60994547120255,1,10.0,97.99292062444749,0.23524701094144707,215.98584124889499,134.63090972790812,53.85236389116326,0.9734893620715199,0.9331526453156544,0.9949043276652085,0.9949043276678706,0.9709961476373459
3.5,70.0,2.5,500.0,70.0,175.0,659.6914576667499,4.933998589023281,-6.187897899684655,133.7032116576548,106.60994547120255,1,7.142857142857143,97.99292062444749,0.23524701094144707,210.27155553460926,134.63090972790812,53.85236389116326,0.9760655086066691,0.9330296913666193,0.9949224440533888,0.9949224440899032,0.9813874549167652
3.5,70.0,2.5,600.0,50.0,175.0,659.6914576667499,4.933998589023281,-6.187897899684655,133.7032116576548,106.60994547120255,1,10.0,117.591504749337,0.4065068349068206,255.183009498674,161.5570916734898,64.62283666939591,0.9750150786803737,0.9231195212670975,0.9947867739354048,0.994786773976758,0.9873672455422349
3.5,70.0,2.5,600.0,70.0,175.0,659.6914576667499,4.933998589023281,-6.187897899684655,133.7032116576548,106.60994547120255,1,7.142857142857143,117.591504749337,0.4065068349068206,249.46872378438832,161.5570916734898,64.62283666939591,0.9756160215199168,0.923156900967643,0.9948190712458362,0.9948190712862983,0.9896690425798897
3.5,70.0,2.5,800.0,50.0,175.0,659.6914576667499,4.933998589023281,-6.187897899684655,133.7032116576548,106.60994547120255,1,10.0,156.788672999116,0.9635717568161676,333.57734599823203,215.40945556465303,86.16378222586121,0.9644798731735522,0.913081008246031,0.9943105899079842,0.9943105899079842,0.9562173046322092
3.5,70.0,2.5,800.0,70.0,175.0,659.6914576667499,4.933998589023281,-6.187897899684655,133.7032116576548,106.60994547120255,1,7.142857142857143,156.788672999116,0.9635717568161676,327.8630602839463,215.40945556465303,86.16378222586121,0.968689955441162,0.9130643482998193,0.9943466222185333,0.9943466222197392,0.9730022290265561
3.5,70.0,3.0,400.0,50.0,210.0,659.6914576667499,4.933998589023281,-6.187897899684655,133.7032116576548,106.60994547120255,1,10.0,78.39433649955801,0.12044646960202095,176.78867299911602,107.70472778232651,35.901575927442174,0.9853079731930974,0.9958077859265344,0.9934055609982012,0.9934055610006802,0.9586129848469735
3.5,70.0,3.0,400.0,70.0,210.0,659.6914576667499,4.933998589023281,-6.187897899684655,133.7032116576548,106.60994547120255,1,7.142857142857143,78.39433649955801,0.12044646960202095,171.07438728483032,107.70472778232651,35.901575927442174,0.9895507442323865,0.9958063820226982,0.9934325186794974,0.9934325187114704,0.97553155751588
3.5,70.0,3.0,500.0,50.0,210.0,659.6914576667499,4.933998589023281,-6.187897899684655,133.7032116576548,106.60994547120255,1,10.0,97.99292062444749,0.23524701094144707,215.98584124889499,134.63090972790812,44.876969909302716,0.989044529318316,0.9978040721612706,0.9938404429756319,0.9938404429787693,0.9706931591575921
3.5,70.0,3.0,500.0,70.0,210.0,659.6914576667499,4.933998589023281,-6.187897899684655,133.7032116576548,106.60994547120255,1,7.142857142857143,97.99292062444749,0.23524701094144707,210.27155553460926,134.63090972790812,44.876969909302716,0.9916781055163699,0.9978065215717874,0.9938729141539233,0.9938729141938604,0.9811600721459086
3.5,70.0,3.0,600.0,50.0,210.0,659.6914576667499,4.933998589023281,-6.187897899684655,133.7032116576548,106.60994547120255,1,10.0,117.591504749337,0.4065068349068206,255.183009498674,161.5570916734898,53.85236389116326,0.9929856258275217,0.9968996891511398,0.9940047745960905,0.9940047746330861,0.9870332649297702
3.5,70.0,3.0,600.0,70.0,210.0,659.6914576667499,4.933998589023281,-6.187897899684655,133.7032116576548,106.60994547120255,1,7.142857142857143,117.591504749337,0.4065068349068206,249.46872378438832,161.5570916734898,53.85236389116326,0.9936044607636154,0.9969111868933387,0.9940375688828199,0.9940375688846022,0.989431518393701
3.5,70.0,3.0,800.0,50.0,210.0,659.6914576667499,4.933998589023281,-6.187897899684655,133.7032116576548,106.60994547120255,1,10.0,156.788672999116,0.9635717568161676,333.57734599823203,215.40945556465303,71.80315185488435,0.984639962348018,0.9945498333027638,0.9938347640595097,0.9938347640595097,0.9563404879702891
3.5,70.0,3.0,800.0,70.0,210.0,659.6914576667499,4.933998589023281,-6.187897899684655,133.7032116576548,106.60994547120255,1,7.142857142857143,156.788672999116,0.9635717568161676,327.8630602839463,215.40945556465303,71.80315185488435,0.9888243096998828,0.994542945791786,0.9938661840198939,0.9938661840218319,0.9730219249660192
3.5,70.0,3.5,400.0,50.0,245.0,659.6914576667499,4.933998589023281,-6.187897899684655,133.7032116576548,106.60994547120255,1,10.0,78.39433649955801,0.12044646960202095,176.78867299911602,107.70472778232651,30.772779366379005,0.9839752633109314,0.99664181085288,0.9905189106141861,0.9905189106166822,0.9582214211599778
3.5,70.0,3.5,400.0,70.0,245.0,659.6914576667499,4.933998589023281,-6.187897899684655,133.7032116576548,106.60994547120255,1,7.142857142857143,78.39433649955801,0.12044646960202095,171.07438728483032,107.70472778232651,30.772779366379005,0.9882148084074857,0.9966393927800578,0.9905494749924773,0.9905494750258654,0.9751208908315423
3.5,70.0,3.5,500.0,50.0,245.0,659.6914576667499,4.933998589023281,-6.187897899684655,133.7032116576548,106.60994547120255,1,10.0,97.99292062444749,0.23524701094144707,215.98584124889499,134.63090972790812,38.46597420797376,0.9882544590297089,0.9990166226304751,0.9918598565519257,0.9918598565519257,0.9702815003845091
3.5,70.0,3.5,500.0,70.0,245.0,659.6914576667499,4.933998589023281,-6.187897899684655,133.7032116576548,106.60994547120255,1,7.142857142857143,97.99292062444749,0.23524701094144707,210.27155553460926,134.63090972790812,38.46597420797376,0.9908943778962567,0.9990164854053303,0.9918922662689652,0.9918922663125074,0.9807764935982237
3.5,70.0,3.5,600.0,50.0,245.0,659.6914576667499,4.933998589023281,-6.187897899684655,133.7032116576548,106.60994547120255,1,10.0,117.591504749337,0.4065068349068206,255.183009498674,161.5570916734898,46.15916904956851,0.9927947513411385,0.9993088968884412,0.9925709301746255,0.9925709302282175,0.9867282480732698
3.5,70.0,3.5,600.0,70.0,245.0,659.6914576667499,4.933998589023281,-6.187897899684655,133.7032116576548,106.60994547120255,1,7.142857142857143,117.591504749337,0.4065068349068206,249.46872378438832,161.5570916734898,46.15916904956851,0.9934146985591843,0.9993105054328928,0.9926036998249204,0.9926036998275736,0.9891408891513508
3.5,70.0,3.5,800.0,50.0,245.0,659.6914576667499,4.933998589023281,-6.187897899684655,133.7032116576548,106.60994547120255,1,10.0,156.788672999116,0.9635717568161676,333.57734599823203,215.40945556465303,61.54555873275801,0.9852442798006943,0.998799382931796,0.9929905374945611,0.9929905374945611,0.9561966612818589
3.5,70.0,3.5,800.0,70.0,245.0,659.6914576667499,4.933998589023281,-6.187897899684655,133.7032116576548,106.60994547120255,1,7.142857142857143,156.788672999116,0.9635717568161676,327.8630602839463,215.40945556465303,61.54555873275801,0.9894261062923951,0.9987993401352562,0.9930216959654745,0.9930216959654745,0.9728616931033753
3.75,50.0,2.5,400.0,50.0,125.0,536.3535881000184,3.261517256515775,-4.09038134430727,164.44910325968846,131.12557068706587,1,10.0,153.65289953913367,0.9069060289413221,327.30579907826734,171.6331481920059,68.65325927680236,0.9736765196345245,0.9268357091675892,0.993186602120168,0.9931866021535258,0.9814971650968152
3.75,50.0,2.5,400.0,70.0,125.0,536.3535881000184,3.261517256515775,-4.09038134430727,164.44910325968846,131.12557068706587,1,7.142857142857143,153.65289953913367,0.9069060289413221,321.5915133639816,171.6331481920059,68.65325927680236,0.9746354885735478,0.926740585546243,0.9932192367756634,0.9932192367774604,0.9853628951948246
3.75,50.0,2.5,500.0,50.0,125.0,536.3535881000184,3.261517256515775,-4.09038134430727,164.44910325968846,131.12557068706587,1,10.0,192.06612442391705,1.7713008377760187,404.1322488478341,214.5414352400074,85.81657409600295,0.9719964216748768,0.917335056004821,0.9927373102134548,0.9927373102161168,0.9851760102651146
3.75,50.0,2.5,500.0,70.0,125.0,536.3535881000184,3.261517256515775,-4.09038134430727,164.44910325968846,131.12557068706587,1,7.142857142857143,192.06612442391705,1.7713008377760187,398.41796313354837,214.5414352400074,85.81657409600295,0.9723688324030092,0.9173198780622204,0.9927659641922278,0.9927659642438331,0.9866235231137555
3.75,50.0,2.5,600.0,50.0,125.0,536.3535881000184,3.261517256515775,-4.09038134430727,164.44910325968846,131.12557068706587,1,10.0,230.47934930870048,3.0608078476769607,480.95869861740096,257.44972228800884,102.97988891520355,0.9671983985711645,0.9121317950171319,0.9921201761584829,0.9921201761603451,0.9724214469486978
3.75,50.0,2.5,600.0,70.0,125.0,536.3535881000184,3.261517256515775,-4.09038134430727,164.44910325968846,131.12557068706587,1,7.142857142857143,230.47934930870048,3.0608078476769607,475.24441290311523,257.44972228800884,102.97988891520355,0.9689276002968679,0.9121190598967277,0.9921475270044374,0.9921475270260225,0.979296287260284
3.75,50.0,2.5,800.0,50.0,125.0,536.3535881000184,3.261517256515775,-4.09038134430727,164.44910325968846,131.12557068706587,1,10.0,307.30579907826734,7.255248231530577,634.6115981565347,343.2662963840118,137.30651855360472,0.9672312683721973,0.9069308659984502,0.9906071277515417,0.9906071277515417,0.9807799519872555
3.75,50.0,2.5,800.0,70.0,125.0,536.3535881000184,3.261517256515775,-4.09038134430727,164.44910325968846,131.12557068706587,1,7.142857142857143,307.30579907826734,7.255248231530577,628.8973124422489,343.2662963840118,137.30651855360472,0.9675030931379139,0.9069236468774516,0.9906395974533146,0.9906395974533146,0.9818095307675748
3.75,50.0,3.0,400.0,50.0,150.0,536.3535881000184,3.261517256515775,-4.09038134430727,164.44910325968846,131.12557068706587,1,10.0,153.65289953913367,0.9069060289413221,327.30579907826734,171.6331481920059,57.2110493973353,0.9909106688999314,0.9972396403580324,0.9925363649366632,0.9925363649366632,0.981330305368367
3.75,50.0,3.0,400.0,70.0,150.0,536.3535881000184,3.261517256515775,-4.09038134430727,164.44910325968846,131.12557068706587,1,7.142857142857143,153.65289953913367,0.9069060289413221,321.5915133639816,171.6331481920059,57.2110493973353,0.991901863867072,0.9972391840644439,0.992568552041563,0.99256855207644,0.9852311672858409
3.75,50.0,3.0,500.0,50.0,150.0,536.3535881000184,3.261517256515775,-4.09038134430727,164.44910325968846,131.12557068706587,1,10.0,192.06612442391705,1.7713008377760187,404.1322488478341,214.5414352400074,71.51381174666912,0.9912897777380378,0.9955517530693277,0.9922823632865678,0.9922823633448588,0.9850426312513971
3.75,50.0,3.0,500.0,70.0,150.0,536.3535881000184,3.261517256515775,-4.09038134430727,164.44910325968846,131.12557068706587,1,7.142857142857143,192.06612442391705,1.7713008377760187,398.41796313354837,214.5414352400074,71.51381174666912,0.9916757445528781,0.9955529466447584,0.9923135042815341,0.9923135043443136,0.9865230229409061
3.75,50.0,3.0,600.0,50.0,150.0,536.3535881000184,3.261517256515775,-4.09038134430727,164.44910325968846,131.12557068706587,1,10.0,230.47934930870048,3.0608078476769607,480.95869861740096,257.44972228800884,85.81657409600295,0.9875310059077913,0.9940870575394025,0.9917898325180713,0.99178983252076,0.9724573010529313
3.75,50.0,3.0,600.0,70.0,150.0,536.3535881000184,3.261517256515775,-4.09038134430727,164.44910325968846,131.12557068706587,1,7.142857142857143,230.47934930870048,3.0608078476769607,475.24441290311523,257.44972228800884,85.81657409600295,0.9892494249091893,0.9940865825838432,0.9918170396921866,0.9918170397246266,0.9792770376361009
3.75,50.0,3.0,800.0,50.0,150.0,536.3535881000184,3.261517256515775,-4.09038134430727,164.44910325968846,131.12557068706587,1,10.0,307.30579907826734,7.255248231530577,634.6115981565347,343.2662963840118,114.4220987946706,0.988432801720427,0.99225779931995,0.9904104847052493,0.9904104847052493,0.9806524381512596
3.75,50.0,3.0,800.0,70.0,150.0,536.3535881000184,3.261517256515775,-4.09038134430727,164.44910325968846,131.12557068706587,1,7.142857142857143,307.30579907826734,7.255248231530577,628.8973124422489,343.2662963840118,114.4220987946706,0.9887164027230266,0.9922573143645963,0.9904425364756226,0.9904425364756226,0.981723223576265
3.75,50.0,3.5,400.0,50.0,175.0,536.3535881000184,3.261517256515775,-4.09038134430727,164.44910325968846,131.12557068706587,1,10.0,153.65289953913367,0.9069060289413221,327.30579907826734,171.6331481920059,49.038042340573114,0.9907461275805626,0.9992444917139571,0.9913241654087455,0.9913241654308526,0.981091687768695
3.75,50.0,3.5,400.0,70.0,175.0,536.3535881000184,3.261517256515775,-4.09038134430727,164.44910325968846,131.12557068706587,1,7.142857142857143,153.65289953913367,0.9069060289413221,321.5915133639816,171.6331481920059,49.038042340573114,0.9917407929822181,0.9992443318280116,0.9913570426233269,0.9913570426253564,0.9850047548521772
3.75,50.0,3.5,500.0,50.0,175.0,536.3535881000184,3.261517256515775,-4.09038134430727,164.44910325968846,131.12557068706587,1,10.0,192.06612442391705,1.7713008377760187,404.1322488478341,214.5414352400074,61.297552925716396,0.9917129474692081,0.9990399370897034,0.9914667324563337,0.9914667325095097,0.9848783878212859
3.75,50.0,3.5,500.0,70.0,175.0,536.3535881000184,3.261517256515775,-4.09038134430727,164.44910325968846,131.12557068706587,1,7.142857142857143,192.06612442391705,1.7713008377760187,398.41796313354837,214.5414352400074,61.297552925716396,0.9920967157021177,0.9990410034587831,0.9914974008587777,0.9914974009114665,0.9863510575794436
3.75,50.0,3.5,600.0,50.0,175.0,536.3535881000184,3.261517256515775,-4.09038134430727,164.44910325968846,131.12557068706587,1,10.0,230.47934930870048,3.0608078476769607,480.95869861740096,257.44972228800884,73.55706351085966,0.9883420092052577,0.99863633959447,0.9912008793917257,0.9912008794465867,0.9723299383882485
3.75,50.0,3.5,600.0,70.0,175.0,536.3535881000184,3.261517256515775,-4.09038134430727,164.44910325968846,131.12557068706587,1,7.142857142857143,230.47934930870048,3.0608078476769607,475.24441290311523,257.44972228800884,73.55706351085966,0.9900658659575057,0.998637040456658,0.9912329810034388,0.9912329810057966,0.9791604613641296
3.75,50.0,3.5,800.0,50.0,175.0,536.3535881000184,3.261517256515775,-4.09038134430727,164.44910325968846,131.12557068706587,1,10.0,307.30579907826734,7.255248231530577,634.6115981565347,343.2662963840118,98.07608468114623,0.9896917047373506,0.998051088439162,0.9900749582035611,0.9900749582035611,0.9805658141031178
3.75,50.0,3.5,800.0,70.0,175.0,536.3535881000184,3.261517256515775,-4.09038134430727,164.44910325968846,131.12557068706587,1,7.142857142857143,307.30579907826734,7.255248231530577,628.8973124422489,343.2662963840118,98.07608468114623,0.9899745031041093,0.9980499467732595,0.9901024595242636,0.9901024595242636,0.9816431465946505
3.75,60.0,2.5,400.0,50.0,150.0,536.3535881000184,3.261517256515775,-4.09038134430727,164.44910325968846,131.12557068706587,1,10.0,106.70340245773176,0.3037209941316909,233.4068049154635,119.18968624444854,47.67587449777942,0.9760611836117716,0.9378162872749405,0.9940476791360329,0.9940476791643902,0.9783330888717232
3.75,60.0,2.5,400.0,70.0,150.0,536.3535881000184,3.261517256515775,-4.09038134430727,164.44910325968846,131.12557068706587,1,7.142857142857143,106.70340245773176,0.3037209941316909,227.69251920117782,119.18968624444854,47.67587449777942,0.9777536812041897,0.9378115285021866,0.9940806774503044,0.9940806774531601,0.9850418414111077
3.75,60.0,2.5,500.0,50.0,150.0,536.3535881000184,3.261517256515775,-4.09038134430727,164.44910325968846,131.12557068706587,1,10.0,133.3792530721647,0.5932050666634587,286.75850614432943,148.98710780556067,59.59484312222427,0.9723578584038666,0.9246196203594017,0.9939646968996585,0.9939646969390372,0.9768824194173691
3.75,60.0,2.5,500.0,70.0,150.0,536.3535881000184,3.261517256515775,-4.09038134430727,164.44910325968846,131.12557068706587,1,7.142857142857143,133.3792530721647,0.5932050666634587,281.04422043004365,148.98710780556067,59.59484312222427,0.9740721368486625,0.9245400373916435,0.9939964275825679,0.9939964276127972,0.9837556548076409
3.75,60.0,2.5,600.0,50.0,150.0,536.3535881000184,3.261517256515775,-4.09038134430727,164.44910325968846,131.12557068706587,1,10.0,160.05510368659765,1.025058355194457,340.1102073731953,178.7845293666728,71.51381174666912,0.9721536946455396,0.91718066208111,0.9937045386241472,0.9937045386560595,0.9840250392208416
3.75,60.0,2.5,600.0,70.0,150.0,536.3535881000184,3.261517256515775,-4.09038134430727,164.44910325968846,131.12557068706587,1,7.142857142857143,160.05510368659765,1.025058355194457,334.3959216589096,178.7845293666728,71.51381174666912,0.9728716906578121,0.9171600706721716,0.9937359319093706,0.9937359319114423,0.9868548281382641
3.75,60.0,2.5,800.0,50.0,150.0,536.3535881000184,3.261517256515775,-4.09038134430727,164.44910325968846,131.12557068706587,1,10.0,213.4068049154635,2.429767953053527,446.8136098309271,238.37937248889708,95.35174899555884,0.9685484695914528,0.9097333710828566,0.992875969668414,0.992875969668414,0.978708567946127
3.75,60.0,2.5,800.0,70.0,150.0,536.3535881000184,3.261517256515775,-4.09038134430727,164.44910325968846,131.12557068706587,1,7.142857142857143,213.4068049154635,2.429767953053527,441.0993241166413,238.37937248889708,95.35174899555884,0.9696740972634834,0.9097266138662907,0.9929078168114092,0.9929078168174967,0.983154141558737
3.75,60.0,3.0,400.0,50.0,180.0,536.3535881000184,3.261517256515775,-4.09038134430727,164.44910325968846,131.12557068706587,1,10.0,106.70340245773176,0.3037209941316909,233.4068049154635,119.18968624444854,39.729895414816184,0.9903313550362524,0.9976571373256777,0.9927108062738235,0.9927108063103068,0.9782466702352013
3.75,60.0,3.0,400.0,70.0,180.0,536.3535881000184,3.261517256515775,-4.09038134430727,164.44910325968846,131.12557068706587,1,7.142857142857143,106.70340245773176,0.3037209941316909,227.69251920117782,119.18968624444854,39.729895414816184,0.9920139585084797,0.9976568130436572,0.9927438604634662,0.9927438604667729,0.9849113000600227
3.75,60.0,3.0,500.0,50.0,180.0,536.3535881000184,3.261517256515775,-4.09038134430727,164.44910325968846,131.12557068706587,1,10.0,133.3792530721647,0.5932050666634587,286.75850614432943,148.98710780556067,49.66236926852022,0.9899641178671474,0.9970519619814147,0.9930319266398704,0.9930319266841976,0.976740656163107
3.75,60.0,3.0,500.0,70.0,180.0,536.3535881000184,3.261517256515775,-4.09038134430727,164.44910325968846,131.12557068706587,1,7.142857142857143,133.3792530721647,0.5932050666634587,281.04422043004365,148.98710780556067,49.66236926852022,0.991701491747394,0.99706707228949,0.9930641573753245,0.9930641574117007,0.9836105799130607
3.75,60.0,3.0,600.0,50.0,180.0,536.3535881000184,3.261517256515775,-4.09038134430727,164.44910325968846,131.12557068706587,1,10.0,160.05510368659765,1.025058355194457,340.1102073731953,178.7845293666728,59.59484312222427,0.9913682212652086,0.9956118376231753,0.9930227486559189,0.9930227487081302,0.9838155500736099
3.75,60.0,3.0,600.0,70.0,180.0,536.3535881000184,3.261517256515775,-4.09038134430727,164.44910325968846,131.12557068706587,1,7.142857142857143,160.05510368659765,1.025058355194457,334.3959216589096,178.7845293666728,59.59484312222427,0.9921031189716802,0.9956107140188263,0.9930543552394753,0.9930543552416164,0.986693051386803
3.75,60.0,3.0,800.0,50.0,180.0,536.3535881000184,3.261517256515775,-4.09038134430727,164.44910325968846,131.12557068706587,1,10.0,213.4068049154635,2.429767953053527,446.8136098309271,238.37937248889708,79.45979082963237,0.9892479811054533,0.993386921037982,0.992470054533417,0.992470054533417,0.9786648943169973
3.75,60.0,3.0,800.0,70.0,180.0,536.3535881000184,3.261517256515775,-4.09038134430727,164.44910325968846,131.12557068706587,1,7.142857142857143,213.4068049154635,2.429767953053527,441.0993241166413,238.37937248889708,79.45979082963237,0.990369061104079,0.9933865339595984,0.9925008981726962,0.9925008981820914,0.9830879141019302
3.75,60.0,3.5,400.0,50.0,210.0,536.3535881000184,3.261517256515775,-4.09038134430727,164.44910325968846,131.12557068706587,1,10.0,106.70340245773176,0.3037209941316909,233.4068049154635,119.18968624444854,34.05419606984244,0.9891912659255393,0.9985721702521284,0.9901753711653059,0.9901753712030186,0.9778421510817046
3.75,60.0,3.5,400.0,70.0,210.0,536.3535881000184,3.261517256515775,-4.09038134430727,164.44910325968846,131.12557068706587,1,7.142857142857143,106.70340245773176,0.3037209941316909,227.69251920117782,119.18968624444854,34.05419606984244,0.9908686918019065,0.9985719758454243,0.9902075595250844,0.9902075595351363,0.9844876723019806
3.75,60.0,3.5,500.0,50.0,210.0,536.3535881000184,3.261517256515775,-4.09038134430727,164.44910325968846,131.12557068706587,1,10.0,133.3792530721647,0.5932050666634587,286.75850614432943,148.98710780556067,42.56774508730305,0.9895900496260399,0.9992941726538516,0.9913272856118109,0.9913272856118109,0.976411454626686
3.75,60.0,3.5,500.0,70.0,210.0,536.3535881000184,3.261517256515775,-4.09038134430727,164.44910325968846,131.12557068706587,1,7.142857142857143,133.3792530721647,0.5932050666634587,281.04422043004365,148.98710780556067,42.56774508730305,0.9913219619197393,0.9992939966936805,0.9913577630210526,0.9913577630643118,0.9832783248999126
3.75,60.0,3.5,600.0,50.0,210.0,536.3535881000184,3.261517256515775,-4.09038134430727,164.44910325968846,131.12557068706587,1,10.0,160.05510368659765,1.025058355194457,340.1102073731953,178.7845293666728,51.081294104763664,0.9915555805119219,0.9990720465978695,0.9918022371699469,0.9918022372229123,0.9835458010569591
3.75,60.0,3.5,600.0,70.0,210.0,536.3535881000184,3.261517256515775,-4.09038134430727,164.44910325968846,131.12557068706587,1,7.142857142857143,160.05510368659765,1.025058355194457,334.3959216589096,178.7845293666728,51.081294104763664,0.9922911257498378,0.9990716526469989,0.9918333894102395,0.9918333894102395,0.9864260715318736
3.75,60.0,3.5,800.0,50.0,210.0,536.3535881000184,3.261517256515775,-4.09038134430727,164.44910325968846,131.12557068706587,1,10.0,213.4068049154635,2.429767953053527,446.8136098309271,238.37937248889708,68.10839213968488,0.9901183306095012,0.9984336111925005,0.991760636390352,0.991760636390352,0.9785184384648006
3.75,60.0,3.5,800.0,70.0,210.0,536.3535881000184,3.261517256515775,-4.09038134430727,164.44910325968846,131.12557068706587,1,7.142857142857143,213.4068049154635,2.429767953053527,441.0993241166413,238.37937248889708,68.10839213968488,0.9912390576871121,0.9984339979324928,0.9917918032412022,0.9917918032553056,0.9829386263194475
3.75,70.0,2.5,400.0,50.0,175.0,536.3535881000184,3.261517256515775,-4.09038134430727,164.44910325968846,131.12557068706587,1,10.0,78.39433649955801,0.12044646960202095,176.78867299911602,87.56793275102342,35.02717310040937,0.9818073582763933,0.9501644497774238,0.9942150365849113,0.9942150365877342,0.9886349101555041
3.75,70.0,2.5,400.0,70.0,175.0,536.3535881000184,3.261517256515775,-4.09038134430727,164.44910325968846,131.12557068706587,1,7.142857142857143,78.39433649955801,0.12044646960202095,171.07438728483032,87.56793275102342,35.02717310040937,0.9824157662011654,0.9501427963169249,0.9942425432576525,0.9942425432788256,0.9910351819512591
3.75,70.0,2.5,500.0,50.0,175.0,536.3535881000184,3.261517256515775,-4.09038134430727,164.44910325968846,131.12557068706587,1,10.0,97.99292062444749,0.23524701094144707,215.98584124889499,109.45991593877926,43.78396637551171,0.9759055812769104,0.9331526453156544,0.9944156884333848,0.9944156884369362,0.9816383029216665
3.75,70.0,2.5,500.0,70.0,175.0,536.3535881000184,3.261517256515775,-4.09038134430727,164.44910325968846,131.12557068706587,1,7.142857142857143,97.99292062444749,0.23524701094144707,210.27155553460926,109.45991593877926,43.78396637551171,0.97727794558424,0.9330296913666193,0.9944469968825711,0.9944469969197023,0.9871880971680671
3.75,70.0,2.5,600.0,50.0,175.0,536.3535881000184,3.261517256515775,-4.09038134430727,164.44910325968846,131.12557068706587,1,10.0,117.591504749337,0.4065068349068206,255.183009498674,131.35189912653513,52.54075965061405,0.9721940989348745,0.9231195212670975,0.9944291657144074,0.9944291657154747,0.9767985430425183
3.75,70.0,2.5,600.0,70.0,175.0,536.3535881000184,3.261517256515775,-4.09038134430727,164.44910325968846,131.12557068706587,1,7.142857142857143,117.591504749337,0.4065068349068206,249.46872378438832,131.35189912653513,52.54075965061405,0.974095454395457,0.923156900967643,0.9944614686525424,0.9944614686542217,0.9843019793074208
3.75,70.0,2.5,800.0,50.0,175.0,536.3535881000184,3.261517256515775,-4.09038134430727,164.44910325968846,131.12557068706587,1,10.0,156.788672999116,0.9635717568161676,333.57734599823203,175.13586550204684,70.05434620081874,0.97118910063119,0.913081008246031,0.9940900917284403,0.9940900917284403,0.9834952108218484
3.75,70.0,2.5,800.0,70.0,175.0,536.3535881000184,3.261517256515775,-4.09038134430727,164.44910325968846,131.12557068706587,1,7.142857142857143,156.788672999116,0.9635717568161676,327.8630602839463,175.13586550204684,70.05434620081874,0.9720382146477242,0.9130643482998193,0.9941215196344801,0.9941215196366124,0.986845471019985
3.75,70.0,3.0,400.0,50.0,210.0,536.3535881000184,3.261517256515775,-4.09038134430727,164.44910325968846,131.12557068706587,1,10.0,78.39433649955801,0.12044646960202095,176.78867299911602,87.56793275102342,29.189310917007806,0.9919063591981959,0.9958077859265344,0.9917348999123143,0.9917348999396306,0.9883478510143044
3.75,70.0,3.0,400.0,70.0,210.0,536.3535881000184,3.261517256515775,-4.09038134430727,164.44910325968846,131.12557068706587,1,7.142857142857143,78.39433649955801,0.12044646960202095,171.07438728483032,87.56793275102342,29.189310917007806,0.9925143034908677,0.9958063820226982,0.9917670420823143,0.9917670420823143,0.990716747776144
3.75,70.0,3.0,500.0,50.0,210.0,536.3535881000184,3.261517256515775,-4.09038134430727,164.44910325968846,131.12557068706587,1,10.0,97.99292062444749,0.23524701094144707,215.98584124889499,109.45991593877926,36.48663864625976,0.99115854281873,0.9978040721612706,0.9926853613645481,0.9926853613956583,0.9814593763534427
3.75,70.0,3.0,500.0,70.0,210.0,536.3535881000184,3.261517256515775,-4.09038134430727,164.44910325968846,131.12557068706587,1,7.142857142857143,97.99292062444749,0.23524701094144707,210.27155553460926,109.45991593877926,36.48663864625976,0.9925490283442681,0.9978065215717874,0.9927176338766759,0.992717633883625,0.986954324044984
3.75,70.0,3.0,600.0,50.0,210.0,536.3535881000184,3.261517256515775,-4.09038134430727,164.44910325968846,131.12557068706587,1,10.0,117.591504749337,0.4065068349068206,255.183009498674,131.35189912653513,43.78396637551171,0.9899712399397596,0.9968996891511398,0.9931643304083118,0.9931643304083118,0.9766566097912748
3.75,70.0,3.0,600.0,70.0,210.0,536.3535881000184,3.261517256515775,-4.09038134430727,164.44910325968846,131.12557068706587,1,7.142857142857143,117.591504749337,0.4065068349068206,249.46872378438832,131.35189912653513,43.78396637551171,0.9918547233592412,0.9969111868933387,0.9931959891598634,0.9931959891619286,0.9841157282218342
3.75,70.0,3.0,800.0,50.0,210.0,536.3535881000184,3.261517256515775,-4.09038134430727,164.44910325968846,131.12557068706587,1,10.0,156.788672999116,0.9635717568161676,333.57734599823203,175.13586550204684,58.37862183401561,0.9911194506745632,0.9945498333027638,0.9933362324765059,0.9933362324765059,0.9832555044424772
3.75,70.0,3.0,800.0,70.0,210.0,536.3535881000184,3.261517256515775,-4.09038134430727,164.44910325968846,131.12557068706587,1,7.142857142857143,156.788672999116,0.9635717568161676,327.8630602839463,175.13586550204684,58.37862183401561,0.9919841207765983,0.994542945791786,0.9933677517776326,0.9933677517791784,0.9866580337577964
3.75,70.0,3.5,400.0,50.0,245.0,536.3535881000184,3.261517256515775,-4.09038134430727,164.44910325968846,131.12557068706587,1,10.0,78.39433649955801,0.12044646960202095,176.78867299911602,87.56793275102342,25.01940935743526,0.9895383436629706,0.99664181085288,0.9869665311190187,0.98696653112087,0.9875785015591138
3.75,70.0,3.5,400.0,70.0,245.0,536.3535881000184,3.261517256515775,-4.09038134430727,164.44910325968846,131.12557068706587,1,7.142857142857143,78.39433649955801,0.12044646960202095,171.07438728483032,87.56793275102342,25.01940935743526,0.9901381698253389,0.9966393927800578,0.9869958751213267,0.9869958751487575,0.9899215362512136
3.75,70.0,3.5,500.0,50.0,245.0,536.3535881000184,3.261517256515775,-4.09038134430727,164.44910325968846,131.12557068706587,1,10.0,97.99292062444749,0.23524701094144707,215.98584124889499,109.45991593877926,31.27426169679408,0.9897204887062294,0.9990166226304751,0.9894779253985995,0.9894779253985995,0.9809094813972433
3.75,70.0,3.5,500.0,70.0,245.0,536.3535881000184,3.261517256515775,-4.09038134430727,164.44910325968846,131.12557068706587,1,7.142857142857143,97.99292062444749,0.23524701094144707,210.27155553460926,109.45991593877926,31.27426169679408,0.9911024880155179,0.9990164854053303,0.9895086756461682,0.9895086756963677,0.9863761153142058
3.75,70.0,3.5,600.0,50.0,245.0,536.3535881000184,3.261517256515775,-4.09038134430727,164.44910325968846,131.12557068706587,1,10.0,117.591504749337,0.4065068349068206,255.183009498674,131.35189912653513,37.5291140361529,0.9893188864283452,0.9993088968884412,0.9908714053078779,0.9908714053746591,0.9762238381424024
3.75,70.0,3.5,600.0,70.0,245.0,536.3535881000184,3.261517256515775,-4.09038134430727,164.44910325968846,131.12557068706587,1,7.142857142857143,117.591504749337,0.4065068349068206,249.46872378438832,131.35189912653513,37.5291140361529,0.9911973347803711,0.9993105054328928,0.9909042975587934,0.9909042975603315,0.9836702385694664
3.75,70.0,3.5,800.0,50.0,245.0,536.3535881000184,3.261517256515775,-4.09038134430727,164.44910325968846,131.12557068706587,1,10.0,156.788672999116,0.9635717568161676,333.57734599823203,175.13586550204684,50.03881871487052,0.991444864138398,0.998799382931796,0.9920080884846803,0.9920080884846803,0.9829638966524357
3.75,70.0,3.5,800.0,70.0,245.0,536.3535881000184,3.261517256515775,-4.09038134430727,164.44910325968846,131.12557068706587,1,7.142857142857143,156.788672999116,0.9635717568161676,327.8630602839463,175.13586550204684,50.03881871487052,0.992308100569899,0.9987993401352562,0.9920389819436456,0.9920389819436456,0.9863550982570485
4.0,50.0,2.5,400.0,50.0,125.0,441.9417382415923,2.21435546875,-2.7770996093749987,199.58030428198037,159.13787778791763,1,10.0,153.65289953913367,0.9069060289413221,327.30579907826734,141.42135623730954,56.56854249492382,0.9740426062760356,0.9268357091675892,0.9929167489282341,0.9929167489355591,0.9835012180727596
4.0,50.0,2.5,400.0,70.0,125.0,441.9417382415923,2.21435546875,-2.7770996093749987,199.58030428198037,159.13787778791763,1,7.142857142857143,153.65289953913367,0.9069060289413221,321.5915133639816,141.42135623730954,56.56854249492382,0.9747759676364475,0.926740585546243,0.9929461236339252,0.9929461236732471,0.9864710376923747
4.0,50.0,2.5,500.0,50.0,125.0,441.9417382415923,2.21435546875,-2.7770996093749987,199.58030428198037,159.13787778791763,1,10.0,192.06612442391705,1.7713008377760187,404.1322488478341,176.77669529663692,70.71067811865477,0.9708905766383886,0.917335056004821,0.992543108755652,0.99254310875895,0.9811410330341314
4.0,50.0,2.5,500.0,70.0,125.0,441.9417382415923,2.21435546875,-2.7770996093749987,199.58030428198037,159.13787778791763,1,7.142857142857143,192.06612442391705,1.7713008377760187,398.41796313354837,176.77669529663692,70.71067811865477,0.9717416127104908,0.9173198780622204,0.9925739889624452,0.992573988988573,0.9844985948287241
4.0,50.0,2.5,600.0,50.0,125.0,441.9417382415923,2.21435546875,-2.7770996093749987,199.58030428198037,159.13787778791763,1,10.0,230.47934930870048,3.0608078476769607,480.95869861740096,212.1320343559643,84.85281374238572,0.9697604380450657,0.9121317950171319,0.9919743752110639,0.9919743752133343,0.9829612067387329
4.0,50.0,2.5,600.0,70.0,125.0,441.9417382415923,2.21435546875,-2.7770996093749987,199.58030428198037,159.13787778791763,1,7.142857142857143,230.47934930870048,3.0608078476769607,475.24441290311523,212.1320343559643,84.85281374238572,0.9701825909107247,0.9121190598967277,0.9920066742095928,0.9920066742120035,0.9845979553245745
4.0,50.0,2.5,800.0,50.0,125.0,441.9417382415923,2.21435546875,-2.7770996093749987,199.58030428198037,159.13787778791763,1,10.0,307.30579907826734,7.255248231530577,634.6115981565347,282.8427124746191,113.13708498984764,0.9668697337820672,0.9069308659984502,0.9905276032855758,0.9905276032855758,0.9794928625586671
4.0,50.0,2.5,800.0,70.0,125.0,441.9417382415923,2.21435546875,-2.7770996093749987,199.58030428198037,159.13787778791763,1,7.142857142857143,307.30579907826734,7.255248231530577,628.8973124422489,282.8427124746191,113.13708498984764,0.9672972630684475,0.9069236468774516,0.9905544735404568,0.9905544735415548,0.9811564583143271
4.0,50.0,3.0,400.0,50.0,150.0,441.9417382415923,2.21435546875,-2.7770996093749987,199.58030428198037,159.13787778791763,1,10.0,153.65289953913367,0.9069060289413221,327.30579907826734,141.42135623730954,47.14045207910318,0.9910937698567817,0.9972396403580324,0.9918828392491028,0.991882839251528,0.9833697605684634
4.0,50.0,3.0,400.0,70.0,150.0,441.9417382415923,2.21435546875,-2.7770996093749987,199.58030428198037,159.13787778791763,1,7.142857142857143,153.65289953913367,0.9069060289413221,321.5915133639816,141.42135623730954,47.14045207910318,0.9918463700599198,0.9972391840644439,0.9919148617793612,0.9919148618108033,0.9863165725850711
4.0,50.0,3.0,500.0,50.0,150.0,441.9417382415923,2.21435546875,-2.7770996093749987,199.58030428198037,159.13787778791763,1,10.0,192.06612442391705,1.7713008377760187,404.1322488478341,176.77669529663692,58.92556509887898,0.9900675429411154,0.9955517530693277,0.9918398552000569,0.9918398552000569,0.9810387082950202
4.0,50.0,3.0,500.0,70.0,150.0,441.9417382415923,2.21435546875,-2.7770996093749987,199.58030428198037,159.13787778791763,1,7.142857142857143,192.06612442391705,1.7713008377760187,398.41796313354837,176.77669529663692,58.92556509887898,0.9909178689127163,0.9955529466447584,0.9918706874571022,0.9918706874905351,0.9843771540584696
4.0,50.0,3.0,600.0,50.0,150.0,441.9417382415923,2.21435546875,-2.7770996093749987,199.58030428198037,159.13787778791763,1,10.0,230.47934930870048,3.0608078476769607,480.95869861740096,212.1320343559643,70.71067811865477,0.9899606312356759,0.9940870575394025,0.9914666422507373,0.9914666422681713,0.9828221828843926
4.0,50.0,3.0,600.0,70.0,150.0,441.9417382415923,2.21435546875,-2.7770996093749987,199.58030428198037,159.13787778791763,1,7.142857142857143,230.47934930870048,3.0608078476769607,475.24441290311523,212.1320343559643,70.71067811865477,0.9903912298605833,0.9940865825838432,0.9914988214148309,0.991498821433473,0.9844806940101859
4.0,50.0,3.0,800.0,50.0,150.0,441.9417382415923,2.21435546875,-2.7770996093749987,199.58030428198037,159.13787778791763,1,10.0,307.30579907826734,7.255248231530577,634.6115981565347,282.8427124746191,94.28090415820635,0.9880355439205383,0.99225779931995,0.9902249148034529,0.9902249148034529,0.9794345467552974
4.0,50.0,3.0,800.0,70.0,150.0,441.9417382415923,2.21435546875,-2.7770996093749987,199.58030428198037,159.13787778791763,1,7.142857142857143,307.30579907826734,7.255248231530577,628.8973124422489,282.8427124746191,94.28090415820635,0.9884654484438529,0.9922573143645963,0.9902562806430812,0.9902562806430812,0.9810919181246529
4.0,50.0,3.5,400.0,50.0,175.0,441.9417382415923,2.21435546875,-2.7770996093749987,199.58030428198037,159.13787778791763,1,10.0,153.65289953913367,0.9069060289413221,327.30579907826734,141.42135623730954,40.40610178208844,0.9905658685929553,0.9992444917139571,0.9899989853053612,0.9899989853073399,0.9830210120451626
4.0,50.0,3.5,400.0,70.0,175.0,441.9417382415923,2.21435546875,-2.7770996093749987,199.58030428198037,159.13787778791763,1,7.142857142857143,153.65289953913367,0.9069060289413221,321.5915133639816,141.42135623730954,40.40610178208844,0.9913132381811944,0.9992443318280116,0.990024063749037,0.9900240637508841,0.9859604933968451
4.0,50.0,3.5,500.0,50.0,175.0,441.9417382415923,2.21435546875,-2.7770996093749987,199.58030428198037,159.13787778791763,1,10.0,192.06612442391705,1.7713008377760187,404.1322488478341,176.77669529663692,50.50762722761055,0.9902435736628856,0.9990399370897034,0.9905842014214081,0.9905842014214081,0.9807659547190231
4.0,50.0,3.5,500.0,70.0,175.0,441.9417382415923,2.21435546875,-2.7770996093749987,199.58030428198037,159.13787778791763,1,7.142857142857143,192.06612442391705,1.7713008377760187,398.41796313354837,176.77669529663692,50.50762722761055,0.9910972668135378,0.9990410034587831,0.9906148978001128,0.9906148978383933,0.9841182681568619
4.0,50.0,3.5,600.0,50.0,175.0,441.9417382415923,2.21435546875,-2.7770996093749987,199.58030428198037,159.13787778791763,1,10.0,230.47934930870048,3.0608078476769607,480.95869861740096,212.1320343559643,60.609152673132655,0.9906033047629933,0.99863633959447,0.9905761010489826,0.9905761010494706,0.9826246773590499
4.0,50.0,3.5,600.0,70.0,175.0,441.9417382415923,2.21435546875,-2.7770996093749987,199.58030428198037,159.13787778791763,1,7.142857142857143,230.47934930870048,3.0608078476769607,475.24441290311523,212.1320343559643,60.609152673132655,0.9910353378509432,0.998637040456658,0.9906085740226809,0.9906085740226809,0.9842871629017532
4.0,50.0,3.5,800.0,50.0,175.0,441.9417382415923,2.21435546875,-2.7770996093749987,199.58030428198037,159.13787778791763,1,10.0,307.30579907826734,7.255248231530577,634.6115981565347,282.8427124746191,80.81220356417688,0.9891964923510252,0.998051088439162,0.9897113798090533,0.9897113798090533,0.9793121213468325
4.0,50.0,3.5,800.0,70.0,175.0,441.9417382415923,2.21435546875,-2.7770996093749987,199.58030428198037,159.13787778791763,1,7.142857142857143,307.30579907826734,7.255248231530577,628.8973124422489,282.8427124746191,80.81220356417688,0.9896283499843042,0.9980499467732595,0.9897433046316314,0.9897433046316314,0.9809768439006944
4.0,60.0,2.5,400.0,50.0,150.0,441.9417382415923,2.21435546875,-2.7770996093749987,199.58030428198037,159.13787778791763,1,10.0,106.70340245773176,0.3037209941316909,233.4068049154635,98.20927516479829,39.283710065919315,0.9787834649417837,0.9378162872749405,0.9934925809324662,0.9934925809668728,0.9903324105928556
4.0,60.0,2.5,400.0,70.0,150.0,441.9417382415923,2.21435546875,-2.7770996093749987,199.58030428198037,159.13787778791763,1,7.142857142857143,106.70340245773176,0.3037209941316909,227.69251920117782,98.20927516479829,39.283710065919315,0.9789955854489665,0.9378115285021866,0.9935261805389892,0.9935261805419566,0.9911184522127336
4.0,60.0,2.5,500.0,50.0,150.0,441.9417382415923,2.21435546875,-2.7770996093749987,199.58030428198037,159.13787778791763,1,10.0,133.3792530721647,0.5932050666634587,286.75850614432943,122.76159395599785,49.10463758239914,0.9746851656625981,0.9246196203594017,0.9935715013725916,0.9935715014058001,0.9869780395125991
4.0,60.0,2.5,500.0,70.0,150.0,441.9417382415923,2.21435546875,-2.7770996093749987,199.58030428198037,159.13787778791763,1,7.142857142857143,133.3792530721647,0.5932050666634587,281.04422043004365,122.76159395599785,49.10463758239914,0.97517832332854,0.9245400373916435,0.9936037382421925,0.9936037382630614,0.9889657794172627
4.0,60.0,2.5,600.0,50.0,150.0,441.9417382415923,2.21435546875,-2.7770996093749987,199.58030428198037,159.13787778791763,1,10.0,160.05510368659765,1.025058355194457,340.1102073731953,147.31391274719743,58.92556509887898,0.9718547081508865,0.91718066208111,0.9934169183556933,0.9934169183589254,0.9834043338078171
4.0,60.0,2.5,600.0,70.0,150.0,441.9417382415923,2.21435546875,-2.7770996093749987,199.58030428198037,159.13787778791763,1,7.142857142857143,160.05510368659765,1.025058355194457,334.3959216589096,147.31391274719743,58.92556509887898,0.9726662274616885,0.9171600706721716,0.9934460610941833,0.9934460610941833,0.9866127169862158
4.0,60.0,2.5,800.0,50.0,150.0,441.9417382415923,2.21435546875,-2.7770996093749987,199.58030428198037,159.13787778791763,1,10.0,213.4068049154635,2.429767953053527,446.8136098309271,196.41855032959657,78.56742013183863,0.9693776211825834,0.9097333710828566,0.9927014370035869,0.9927014370035869,0.9823742396403031
4.0,60.0,2.5,800.0,70.0,150.0,441.9417382415923,2.21435546875,-2.7770996093749987,199.58030428198037,159.13787778791763,1,7.142857142857143,213.4068049154635,2.429767953053527,441.0993241166413,196.41855032959657,78.56742013183863,0.9700256169804866,0.9097266138662907,0.9927326239473167,0.9927326239473167,0.9849106061610222
4.0,60.0,3.0,400.0,50.0,180.0,441.9417382415923,2.21435546875,-2.7770996093749987,199.58030428198037,159.13787778791763,1,10.0,106.70340245773176,0.3037209941316909,233.4068049154635,98.20927516479829,32.736425054932766,0.992585265452028,0.9976571373256777,0.9913542025233665,0.9913542025637117,0.989975519395356
4.0,60.0,3.0,400.0,70.0,180.0,441.9417382415923,2.21435546875,-2.7770996093749987,199.58030428198037,159.13787778791763,1,7.142857142857143,106.70340245773176,0.3037209941316909,227.69251920117782,98.20927516479829,32.736425054932766,0.9927949951090501,0.9976568130436572,0.9913803008292363,0.9913803008292363,0.9907625657340706
4.0,60.0,3.0,500.0,50.0,180.0,441.9417382415923,2.21435546875,-2.7770996093749987,199.58030428198037,159.13787778791763,1,10.0,133.3792530721647,0.5932050666634587,286.75850614432943,122.76159395599785,40.92053131866595,0.9920045039262841,0.9970519619814147,0.9921115229912558,0.9921115229935583,0.9867430077389079
4.0,60.0,3.0,500.0,70.0,180.0,441.9417382415923,2.21435546875,-2.7770996093749987,199.58030428198037,159.13787778791763,1,7.142857142857143,133.3792530721647,0.5932050666634587,281.04422043004365,122.76159395599785,40.92053131866595,0.9925171079612385,0.99706707228949,0.9921435209983892,0.992143521026555,0.9887143175305197
4.0,60.0,3.0,600.0,50.0,180.0,441.9417382415923,2.21435546875,-2.7770996093749987,199.58030428198037,159.13787778791763,1,10.0,160.05510368659765,1.025058355194457,340.1102073731953,147.31391274719743,49.10463758239914,0.990894202142035,0.9956118376231753,0.992361088691781,0.9923610887113603,0.9832427935418238
4.0,60.0,3.0,600.0,70.0,180.0,441.9417382415923,2.21435546875,-2.7770996093749987,199.58030428198037,159.13787778791763,1,7.142857142857143,160.05510368659765,1.025058355194457,334.3959216589096,147.31391274719743,49.10463758239914,0.9917053712086661,0.9956107140188263,0.9923928210389724,0.9923928210409702,0.9864251287358952
4.0,60.0,3.0,800.0,50.0,180.0,441.9417382415923,2.21435546875,-2.7770996093749987,199.58030428198037,159.13787778791763,1,10.0,213.4068049154635,2.429767953053527,446.8136098309271,196.41855032959657,65.47285010986553,0.9899466392616609,0.993386921037982,0.9920827981287299,0.9920827981287299,0.9822340397512017
4.0,60.0,3.0,800.0,70.0,180.0,441.9417382415923,2.21435546875,-2.7770996093749987,199.58030428198037,159.13787778791763,1,7.142857142857143,213.4068049154635,2.429767953053527,441.0993241166413,196.41855032959657,65.47285010986553,0.9905966404900267,0.9933865339595984,0.9921139675050012,0.9921139675050012,0.9847720929905059
4.0,60.0,3.5,400.0,50.0,210.0,441.9417382415923,2.21435546875,-2.7770996093749987,199.58030428198037,159.13787778791763,1,10.0,106.70340245773176,0.3037209941316909,233.4068049154635,98.20927516479829,28.059792904228082,0.9906338903967931,0.9985721702521284,0.9873613957981169,0.9873613958077088,0.9892405997292182
4.0,60.0,3.5,400.0,70.0,210.0,441.9417382415923,2.21435546875,-2.7770996093749987,199.58030428198037,159.13787778791763,1,7.142857142857143,106.70340245773176,0.3037209941316909,227.69251920117782,98.20927516479829,28.059792904228082,0.9908454319639075,0.9985719758454243,0.9873935438559247,0.987393543859144,0.990022664295137
4.0,60.0,3.5,500.0,50.0,210.0,441.9417382415923,2.21435546875,-2.7770996093749987,199.58030428198037,159.13787778791763,1,10.0,133.3792530721647,0.5932050666634587,286.75850614432943,122.76159395599785,35.074741130285105,0.9911132877957949,0.9992941726538516,0.9894647885133936,0.9894647885133936,0.986229401502541
4.0,60.0,3.5,500.0,70.0,210.0,441.9417382415923,2.21435546875,-2.7770996093749987,199.58030428198037,159.13787778791763,1,7.142857142857143,133.3792530721647,0.5932050666634587,281.04422043004365,122.76159395599785,35.074741130285105,0.991619558329181,0.9992939966936805,0.9894968836480793,0.9894968836878005,0.9881904692871637
4.0,60.0,3.5,600.0,50.0,210.0,441.9417382415923,2.21435546875,-2.7770996093749987,199.58030428198037,159.13787778791763,1,10.0,160.05510368659765,1.025058355194457,340.1102073731953,147.31391274719743,42.08968935634213,0.9907280037931422,0.9990720465978695,0.9904870798050586,0.9904870798362944,0.9828658089333464
4.0,60.0,3.5,600.0,70.0,210.0,441.9417382415923,2.21435546875,-2.7770996093749987,199.58030428198037,159.13787778791763,1,7.142857142857143,160.05510368659765,1.025058355194457,334.3959216589096,147.31391274719743,42.08968935634213,0.9915370838877838,0.9990716526469989,0.9905179513330115,0.9905179513330115,0.9860407802381133
4.0,60.0,3.5,800.0,50.0,210.0,441.9417382415923,2.21435546875,-2.7770996093749987,199.58030428198037,159.13787778791763,1,10.0,213.4068049154635,2.429767953053527,446.8136098309271,196.41855032959657,56.119585808456165,0.9906108894681006,0.9984336111925005,0.9910070298625291,0.9910070298625291,0.9819958869548439
4.0,60.0,3.5,800.0,70.0,210.0,441.9417382415923,2.21435546875,-2.7770996093749987,199.58030428198037,159.13787778791763,1,7.142857142857143,213.4068049154635,2.429767953053527,441.0993241166413,196.41855032959657,56.119585808456165,0.9912614929014358,0.9984339979324928,0.9910381655846258,0.9910381655846258,0.9845356425039988
4.0,70.0,2.5,400.0,50.0,175.0,441.9417382415923,2.21435546875,-2.7770996093749987,199.58030428198037,159.13787778791763,1,10.0,78.39433649955801,0.12044646960202095,176.78867299911602,72.15375318230079,28.861501272920314,0.9821388506380071,0.9501644497774238,0.9931921142071998,0.9931921142300146,0.9920067243373901
4.0,70.0,2.5,400.0,70.0,175.0,441.9417382415923,2.21435546875,-2.7770996093749987,199.58030428198037,159.13787778791763,1,7.142857142857143,78.39433649955801,0.12044646960202095,171.07438728483032,72.15375318230079,28.861501272920314,0.9823038044545507,0.9501427963169249,0.9932230493757732,0.9932230493933972,0.9926263227321075
4.0,70.0,2.5,500.0,50.0,175.0,441.9417382415923,2.21435546875,-2.7770996093749987,199.58030428198037,159.13787778791763,1,10.0,97.99292062444749,0.23524701094144707,215.98584124889499,90.19219147787598,36.076876591150395,0.9780230629078828,0.9331526453156544,0.9936915384303855,0.9936915384558237,0.9915565294296674
4.0,70.0,2.5,500.0,70.0,175.0,441.9417382415923,2.21435546875,-2.7770996093749987,199.58030428198037,159.13787778791763,1,7.142857142857143,97.99292062444749,0.23524701094144707,210.27155553460926,90.19219147787598,36.076876591150395,0.9781524115669792,0.9330296913666193,0.9937231049868649,0.9937231049868649,0.9921337449275678
4.0,70.0,2.5,600.0,50.0,175.0,441.9417382415923,2.21435546875,-2.7770996093749987,199.58030428198037,159.13787778791763,1,10.0,117.591504749337,0.4065068349068206,255.183009498674,108.23062977345118,43.29225190938047,0.9751329185078252,0.9231195212670975,0.9938914002579948,0.9938914002579948,0.9896293522482141
4.0,70.0,2.5,600.0,70.0,175.0,441.9417382415923,2.21435546875,-2.7770996093749987,199.58030428198037,159.13787778791763,1,7.142857142857143,117.591504749337,0.4065068349068206,249.46872378438832,108.23062977345118,43.29225190938047,0.9754581659188349,0.923156900967643,0.9939245072424214,0.9939245072424214,0.9908267482228539
4.0,70.0,2.5,800.0,50.0,175.0,441.9417382415923,2.21435546875,-2.7770996093749987,199.58030428198037,159.13787778791763,1,10.0,156.788672999116,0.9635717568161676,333.57734599823203,144.30750636460158,57.72300254584063,0.9711927878945874,0.913081008246031,0.9937677290152493,0.9937677290152493,0.9841546853018202
4.0,70.0,2.5,800.0,70.0,175.0,441.9417382415923,2.21435546875,-2.7770996093749987,199.58030428198037,159.13787778791763,1,7.142857142857143,156.788672999116,0.9635717568161676,327.8630602839463,144.30750636460158,57.72300254584063,0.9719780966141732,0.9130643482998193,0.9937989320333964,0.9937989320333964,0.9872501740900808
4.0,70.0,3.0,400.0,50.0,210.0,441.9417382415923,2.21435546875,-2.7770996093749987,199.58030428198037,159.13787778791763,1,10.0,78.39433649955801,0.12044646960202095,176.78867299911602,72.15375318230079,24.05125106076693,0.9913808114258892,0.9958077859265344,0.9891998888240996,0.9891998888240996,0.991315682128823
4.0,70.0,3.0,400.0,70.0,210.0,441.9417382415923,2.21435546875,-2.7770996093749987,199.58030428198037,159.13787778791763,1,7.142857142857143,78.39433649955801,0.12044646960202095,171.07438728483032,72.15375318230079,24.05125106076693,0.9915572118034375,0.9958063820226982,0.9892325811052697,0.9892325811328218,0.9919573029529604
4.0,70.0,3.0,500.0,50.0,210.0,441.9417382415923,2.21435546875,-2.7770996093749987,199.58030428198037,159.13787778791763,1,10.0,97.99292062444749,0.23524701094144707,215.98584124889499,90.19219147787598,30.064063825958662,0.9926938225572243,0.9978040721612706,0.9909647465211904,0.9909647465495881,0.991041724996848
4.0,70.0,3.0,500.0,70.0,210.0,441.9417382415923,2.21435546875,-2.7770996093749987,199.58030428198037,159.13787778791763,1,7.142857142857143,97.99292062444749,0.23524701094144707,210.27155553460926,90.19219147787598,30.064063825958662,0.9928571497570908,0.9978065215717874,0.9909968958155889,0.9909968958451423,0.991628285795845
4.0,70.0,3.0,600.0,50.0,210.0,441.9417382415923,2.21435546875,-2.7770996093749987,199.58030428198037,159.13787778791763,1,10.0,117.591504749337,0.4065068349068206,255.183009498674,108.23062977345118,36.076876591150395,0.9925033172428673,0.9968996891511398,0.9919270374480362,0.9919270374505476,0.989259504921746
4.0,70.0,3.0,600.0,70.0,210.0,441.9417382415923,2.21435546875,-2.7770996093749987,199.58030428198037,159.13787778791763,1,7.142857142857143,117.591504749337,0.4065068349068206,249.46872378438832,108.23062977345118,36.076876591150395,0.9928208895480849,0.9969111868933387,0.9919604265587233,0.9919604265587233,0.9904515181815541
4.0,70.0,3.0,800.0,50.0,210.0,441.9417382415923,2.21435546875,-2.7770996093749987,199.58030428198037,159.13787778791763,1,10.0,156.788672999116,0.9635717568161676,333.57734599823203,144.30750636460158,48.10250212153386,0.9909352762408049,0.9945498333027638,0.9926142135439571,0.9926142135439571,0.9839628445725417
4.0,70.0,3.0,800.0,70.0,210.0,441.9417382415923,2.21435546875,-2.7770996093749987,199.58030428198037,159.13787778791763,1,7.142857142857143,156.788672999116,0.9635717568161676,327.8630602839463,144.30750636460158,48.10250212153386,0.991716445805598,0.994542945791786,0.9926458084915764,0.9926458084915764,0.9870312204474533
4.0,70.0,3.5,400.0,50.0,245.0,441.9417382415923,2.21435546875,-2.7770996093749987,199.58030428198037,159.13787778791763,1,10.0,78.39433649955801,0.12044646960202095,176.78867299911602,72.15375318230079,20.615358052085938,0.9874476668211614,0.99664181085288,0.9816165853228493,0.9816165853567714,0.9899156857521444
4.0,70.0,3.5,400.0,70.0,245.0,441.9417382415923,2.21435546875,-2.7770996093749987,199.58030428198037,159.13787778791763,1,7.142857142857143,78.39433649955801,0.12044646960202095,171.07438728483032,72.15375318230079,20.615358052085938,0.987626568716685,0.9966393927800578,0.9816477774362573,0.9816477774666776,0.9905713271837471
4.0,70.0,3.5,500.0,50.0,245.0,441.9417382415923,2.21435546875,-2.7770996093749987,199.58030428198037,159.13787778791763,1,10.0,97.99292062444749,0.23524701094144707,215.98584124889499,90.19219147787598,25.769197565107426,0.9902453814628785,0.9990166226304751,0.9859509313524877,0.9859509313551587,0.9900630405133928
4.0,70.0,3.5,500.0,70.0,245.0,441.9417382415923,2.21435546875,-2.7770996093749987,199.58030428198037,159.13787778791763,1,7.142857142857143,97.99292062444749,0.23524701094144707,210.27155553460926,90.19219147787598,25.769197565107426,0.9904062590012186,0.9990164854053303,0.9859808168215101,0.9859808168603763,0.9906469169176578
4.0,70.0,3.5,600.0,50.0,245.0,441.9417382415923,2.21435546875,-2.7770996093749987,199.58030428198037,159.13787778791763,1,10.0,117.591504749337,0.4065068349068206,255.183009498674,108.23062977345118,30.92303707812891,0.9911564509148711,0.9993088968884412,0.9883829075798476,0.9883829076261901,0.9885510915650058
4.0,70.0,3.5,600.0,70.0,245.0,441.9417382415923,2.21435546875,-2.7770996093749987,199.58030428198037,159.13787778791763,1,7.142857142857143,117.591504749337,0.4065068349068206,249.46872378438832,108.23062977345118,30.92303707812891,0.9914690962252757,0.9993105054328928,0.9884163205005676,0.9884163205005676,0.9897332384670745
4.0,70.0,3.5,800.0,50.0,245.0,441.9417382415923,2.21435546875,-2.7770996093749987,199.58030428198037,159.13787778791763,1,10.0,156.788672999116,0.9635717568161676,333.57734599823203,144.30750636460158,41.230716104171876,0.9908777705053533,0.998799382931796,0.9905875903056227,0.9905875903056227,0.983536518478372
4.0,70.0,3.5,800.0,70.0,245.0,441.9417382415923,2.21435546875,-2.7770996093749987,199.58030428198037,159.13787778791763,1,7.142857142857143,156.788672999116,0.9635717568161676,327.8630602839463,144.30750636460158,41.230716104171876,0.9916598867252282,0.9987993401352562,0.9906191206039543,0.9906191206039543,0.986601965557748
4.25,50.0,2.5,400.0,50.0,125.0,368.44969668991695,1.5391243418092353,-1.9302689512767408,239.38916868588123,190.87997889942366,1,10.0,153.65289953913367,0.9069060289413221,327.30579907826734,117.90390294077342,47.16156117630937,0.9751297405351669,0.9268357091675892,0.9925121384541805,0.9925121384541805,0.9886589760647173
4.25,50.0,2.5,400.0,70.0,125.0,368.44969668991695,1.5391243418092353,-1.9302689512767408,239.38916868588123,190.87997889942366,1,7.142857142857143,153.65289953913367,0.9069060289413221,321.5915133639816,117.90390294077342,47.16156117630937,0.9752229540708126,0.926740585546243,0.9925443175524493,0.9925443175697968,0.9890625956147616
4.25,50.0,2.5,500.0,50.0,125.0,368.44969668991695,1.5391243418092353,-1.9302689512767408,239.38916868588123,190.87997889942366,1,10.0,192.06612442391705,1.7713008377760187,404.1322488478341,147.37987867596678,58.95195147038671,0.9719644098605409,0.917335056004821,0.9922663423152762,0.9922663423183024,0.9859898988037642
4.25,50.0,2.5,500.0,70.0,125.0,368.44969668991695,1.5391243418092353,-1.9302689512767408,239.38916868588123,190.87997889942366,1,7.142857142857143,192.06612442391705,1.7713008377760187,398.41796313354837,147.37987867596678,58.95195147038671,0.9722209996387077,0.9173198780622204,0.992297102367545,0.9922971023839586,0.9869699157411066
4.25,50.0,2.5,600.0,50.0,125.0,368.44969668991695,1.5391243418092353,-1.9302689512767408,239.38916868588123,190.87997889942366,1,10.0,230.47934930870048,3.0608078476769607,480.95869861740096,176.85585441116012,70.74234176446406,0.9697006005818183,0.9121317950171319,0.9917730122040866,0.9917730122065818,0.9831245828994727
4.25,50.0,2.5,600.0,70.0,125.0,368.44969668991695,1.5391243418092353,-1.9302689512767408,239.38916868588123,190.87997889942366,1,7.142857142857143,230.47934930870048,3.0608078476769607,475.24441290311523,176.85585441116012,70.74234176446406,0.9701067903773838,0.9121190598967277,0.99180400582173,0.99180400582173,0.9847000899693477
4.25,50.0,2.5,800.0,50.0,125.0,368.44969668991695,1.5391243418092353,-1.9302689512767408,239.38916868588123,190.87997889942366,1,10.0,307.30579907826734,7.255248231530577,634.6115981565347,235.80780588154684,94.32312235261874,0.9669894473834539,0.9069308659984502,0.9904030074399519,0.9904030074399519,0.9802209086554616
4.25,50.0,2.5,800.0,70.0,125.0,368.44969668991695,1.5391243418092353,-1.9302689512767408,239.38916868588123,190.87997889942366,1,7.142857142857143,307.30579907826734,7.255248231530577,628.8973124422489,235.80780588154684,94.32312235261874,0.9673197733219165,0.9069236468774516,0.9904351924683985,0.9904351924683985,0.9814850614734174
4.25,50.0,3.0,400.0,50.0,150.0,368.44969668991695,1.5391243418092353,-1.9302689512767408,239.38916868588123,190.87997889942366,1,10.0,153.65289953913367,0.9069060289413221,327.30579907826734,117.90390294077342,39.30130098025781,0.9918698872580504,0.9972396403580324,0.9909381877457689,0.9909381877740141,0.9883635331543859
4.25,50.0,3.0,400.0,70.0,150.0,368.44969668991695,1.5391243418092353,-1.9302689512767408,239.38916868588123,190.87997889942366,1,7.142857142857143,153.65289953913367,0.9069060289413221,321.5915133639816,117.90390294077342,39.30130098025781,0.991987801789199,0.9972391840644439,0.9909718656483391,0.9909718656503552,0.9887682917936578
4.25,50.0,3.0,500.0,50.0,150.0,368.44969668991695,1.5391243418092353,-1.9302689512767408,239.38916868588123,190.87997889942366,1,10.0,192.06612442391705,1.7713008377760187,404.1322488478341,147.37987867596678,49.12662622532226,0.990939720021004,0.9955517530693277,0.9912090959856967,0.9912090959887995,0.9857889350401918
4.25,50.0,3.0,500.0,70.0,150.0,368.44969668991695,1.5391243418092353,-1.9302689512767408,239.38916868588123,190.87997889942366,1,7.142857142857143,192.06612442391705,1.7713008377760187,398.41796313354837,147.37987867596678,49.12662622532226,0.9911988393033999,0.9955529466447584,0.991239784394645,0.9912397844169276,0.9867628417572685
4.25,50.0,3.0,600.0,50.0,150.0,368.44969668991695,1.5391243418092353,-1.9302689512767408,239.38916868588123,190.87997889942366,1,10.0,230.47934930870048,3.0608078476769607,480.95869861740096,176.85585441116012,58.95195147038671,0.9897772214134635,0.9940870575394025,0.9910172416513225,0.9910172416530535,0.9829873448100754
4.25,50.0,3.0,600.0,70.0,150.0,368.44969668991695,1.5391243418092353,-1.9302689512767408,239.38916868588123,190.87997889942366,1,7.142857142857143,230.47934930870048,3.0608078476769607,475.24441290311523,176.85585441116012,58.95195147038671,0.9901845473065227,0.9940865825838432,0.9910497919924178,0.9910497919924178,0.9845520226574119
4.25,50.0,3.0,800.0,50.0,150.0,368.44969668991695,1.5391243418092353,-1.9302689512767408,239.38916868588123,190.87997889942366,1,10.0,307.30579907826734,7.255248231530577,634.6115981565347,235.80780588154684,78.60260196051561,0.9880797886712357,0.99225779931995,0.9899685550166233,0.9899685550166233,0.9801242453317462
4.25,50.0,3.0,800.0,70.0,150.0,368.44969668991695,1.5391243418092353,-1.9302689512767408,239.38916868588123,190.87997889942366,1,7.142857142857143,307.30579907826734,7.255248231530577,628.8973124422489,235.80780588154684,78.60260196051561,0.9884096351024212,0.9922573143645963,0.9899961395346331,0.9899961395360415,0.9813889469744137
4.25,50.0,3.5,400.0,50.0,175.0,368.44969668991695,1.5391243418092353,-1.9302689512767408,239.38916868588123,190.87997889942366,1,10.0,153.65289953913367,0.9069060289413221,327.30579907826734,117.90390294077342,33.68682941164955,0.9907993888994802,0.9992444917139571,0.9880781420783874,0.9880781420783874,0.9877967797271887
4.25,50.0,3.5,400.0,70.0,175.0,368.44969668991695,1.5391243418092353,-1.9302689512767408,239.38916868588123,190.87997889942366,1,7.142857142857143,153.65289953913367,0.9069060289413221,321.5915133639816,117.90390294077342,33.68682941164955,0.9909168350187323,0.9992443318280116,0.9881115632390751,0.9881115632417778,0.9881998817660644
4.25,50.0,3.5,500.0,50.0,175.0,368.44969668991695,1.5391243418092353,-1.9302689512767408,239.38916868588123,190.87997889942366,1,10.0,192.06612442391705,1.7713008377760187,404.1322488478341,147.37987867596678,42.10853676456194,0.9907770601499231,0.9990399370897034,0.9893321374175874,0.989332137419827,0.9854040286725743
4.25,50.0,3.5,500.0,70.0,175.0,368.44969668991695,1.5391243418092353,-1.9302689512767408,239.38916868588123,190.87997889942366,1,7.142857142857143,192.06612442391705,1.7713008377760187,398.41796313354837,147.37987867596678,42.10853676456194,0.9910348595701786,0.9990410034587831,0.9893627105036846,0.9893627105371112,0.9863730137811353
4.25,50.0,3.5,600.0,50.0,175.0,368.44969668991695,1.5391243418092353,-1.9302689512767408,239.38916868588123,190.87997889942366,1,10.0,230.47934930870048,3.0608078476769607,480.95869861740096,176.85585441116012,50.530244117474325,0.9901831709415198,0.99863633959447,0.9896952347196992,0.9896952347456096,0.9827058747063003
4.25,50.0,3.5,600.0,70.0,175.0,368.44969668991695,1.5391243418092353,-1.9302689512767408,239.38916868588123,190.87997889942366,1,7.142857142857143,230.47934930870048,3.0608078476769607,475.24441290311523,176.85585441116012,50.530244117474325,0.9905897771310179,0.998637040456658,0.9897273416516829,0.9897273416516829,0.984267384764048
4.25,50.0,3.5,800.0,50.0,175.0,368.44969668991695,1.5391243418092353,-1.9302689512767408,239.38916868588123,190.87997889942366,1,10.0,307.30579907826734,7.255248231530577,634.6115981565347,235.80780588154684,67.3736588232991,0.9891063805087807,0.998051088439162,0.9892109110362148,0.9892109110362148,0.9799526115235311
4.25,50.0,3.5,800.0,70.0,175.0,368.44969668991695,1.5391243418092353,-1.9302689512767408,239.38916868588123,190.87997889942366,1,7.142857142857143,307.30579907826734,7.255248231530577,628.8973124422489,235.80780588154684,67.3736588232991,0.9894376704881794,0.9980499467732595,0.9892418324755963,0.9892418324755963,0.9812170702282657
4.25,60.0,2.5,400.0,50.0,150.0,368.44969668991695,1.5391243418092353,-1.9302689512767408,239.38916868588123,190.87997889942366,1,10.0,106.70340245773176,0.3037209941316909,233.4068049154635,81.8777103755371,32.75108415021484,0.9785334614844714,0.9378162872749405,0.9926673479324524,0.9926673479511594,0.9909828627793335
4.25,60.0,2.5,400.0,70.0,150.0,368.44969668991695,1.5391243418092353,-1.9302689512767408,239.38916868588123,190.87997889942366,1,7.142857142857143,106.70340245773176,0.3037209941316909,227.69251920117782,81.8777103755371,32.75108415021484,0.9786458804715037,0.9378115285021866,0.9927021310560982,0.9927021310805884,0.9913677312471416
4.25,60.0,2.5,500.0,50.0,150.0,368.44969668991695,1.5391243418092353,-1.9302689512767408,239.38916868588123,190.87997889942366,1,10.0,133.3792530721647,0.5932050666634587,286.75850614432943,102.34713796942137,40.93885518776855,0.9752339781966152,0.9246196203594017,0.9930008879926799,0.9930008880112289,0.99031451642315
4.25,60.0,2.5,500.0,70.0,150.0,368.44969668991695,1.5391243418092353,-1.9302689512767408,239.38916868588123,190.87997889942366,1,7.142857142857143,133.3792530721647,0.5932050666634587,281.04422043004365,102.34713796942137,40.93885518776855,0.9752987764219367,0.9245400373916435,0.9930299575356913,0.9930299575356913,0.9905951532247205
4.25,60.0,2.5,600.0,50.0,150.0,368.44969668991695,1.5391243418092353,-1.9302689512767408,239.38916868588123,190.87997889942366,1,10.0,160.05510368659765,1.025058355194457,340.1102073731953,122.81656556330564,49.12662622532226,0.973018711889222,0.91718066208111,0.9929994409965164,0.9929994409998444,0.988895303479417
4.25,60.0,2.5,600.0,70.0,150.0,368.44969668991695,1.5391243418092353,-1.9302689512767408,239.38916868588123,190.87997889942366,1,7.142857142857143,160.05510368659765,1.025058355194457,334.3959216589096,122.81656556330564,49.12662622532226,0.9731487642561204,0.9171600706721716,0.9930317320103388,0.9930317320103388,0.9893715223316323
4.25,60.0,2.5,800.0,50.0,150.0,368.44969668991695,1.5391243418092353,-1.9302689512767408,239.38916868588123,190.87997889942366,1,10.0,213.4068049154635,2.429767953053527,446.8136098309271,163.7554207510742,65.50216830042967,0.9698670658342166,0.9097333710828566,0.9924548885074359,0.9924548885074359,0.9848251152391378
4.25,60.0,2.5,800.0,70.0,150.0,368.44969668991695,1.5391243418092353,-1.9302689512767408,239.38916868588123,190.87997889942366,1,7.142857142857143,213.4068049154635,2.429767953053527,441.0993241166413,163.7554207510742,65.50216830042967,0.9702171845618156,0.9097266138662907,0.9924860476480986,0.9924860476480986,0.9861700290847746
4.25,60.0,3.0,400.0,50.0,180.0,368.44969668991695,1.5391243418092353,-1.9302689512767408,239.38916868588123,190.87997889942366,1,10.0,106.70340245773176,0.3037209941316909,233.4068049154635,81.8777103755371,27.292570125179033,0.9916933997400046,0.9976571373256777,0.9893759993328441,0.9893759993328441,0.9903644629686525
4.25,60.0,3.0,400.0,70.0,180.0,368.44969668991695,1.5391243418092353,-1.9302689512767408,239.38916868588123,190.87997889942366,1,7.142857142857143,106.70340245773176,0.3037209941316909,227.69251920117782,81.8777103755371,27.292570125179033,0.9918128420906513,0.9976568130436572,0.9894149945415281,0.9894149945447263,0.9907645662326939
4.25,60.0,3.0,500.0,50.0,180.0,368.44969668991695,1.5391243418092353,-1.9302689512767408,239.38916868588123,190.87997889942366,1,10.0,133.3792530721647,0.5932050666634587,286.75850614432943,102.34713796942137,34.11571265647379,0.9921245936294809,0.9970519619814147,0.9907903268621885,0.9907903268959215,0.9898657587783988
4.25,60.0,3.0,500.0,70.0,180.0,368.44969668991695,1.5391243418092353,-1.9302689512767408,239.38916868588123,190.87997889942366,1,7.142857142857143,133.3792530721647,0.5932050666634587,281.04422043004365,102.34713796942137,34.11571265647379,0.9922164613695337,0.99706707228949,0.9908224566264383,0.9908224566478123,0.990153859914394
4.25,60.0,3.0,600.0,50.0,180.0,368.44969668991695,1.5391243418092353,-1.9302689512767408,239.38916868588123,190.87997889942366,1,10.0,160.05510368659765,1.025058355194457,340.1102073731953,122.81656556330564,40.93885518776855,0.9917560751208623,0.9956118376231753,0.9914227349665606,0.9914227349698364,0.9885669929238767
4.25,60.0,3.0,600.0,70.0,180.0,368.44969668991695,1.5391243418092353,-1.9302689512767408,239.38916868588123,190.87997889942366,1,7.142857142857143,160.05510368659765,1.025058355194457,334.3959216589096,122.81656556330564,40.93885518776855,0.9918895348669647,0.9956107140188263,0.9914515294797708,0.9914515294797708,0.9890443664894912
4.25,60.0,3.0,800.0,50.0,180.0,368.44969668991695,1.5391243418092353,-1.9302689512767408,239.38916868588123,190.87997889942366,1,10.0,213.4068049154635,2.429767953053527,446.8136098309271,163.7554207510742,54.585140250358066,0.9902772653971372,0.993386921037982,0.9915391199399904,0.9915391199399904,0.984643900670586
4.25,60.0,3.0,800.0,70.0,180.0,368.44969668991695,1.5391243418092353,-1.9302689512767408,239.38916868588123,190.87997889942366,1,7.142857142857143,213.4068049154635,2.429767953053527,441.0993241166413,163.7554207510742,54.585140250358066,0.9906267566441054,0.9933865339595984,0.9915702724472413,0.9915702724472413,0.9859799477223408
4.25,60.0,3.5,400.0,50.0,210.0,368.44969668991695,1.5391243418092353,-1.9302689512767408,239.38916868588123,190.87997889942366,1,10.0,106.70340245773176,0.3037209941316909,233.4068049154635,81.8777103755371,23.393631535867744,0.9885765062337946,0.9985721702521284,0.983279386769732,0.9832793868011069,0.9891750811122109
4.25,60.0,3.5,400.0,70.0,210.0,368.44969668991695,1.5391243418092353,-1.9302689512767408,239.38916868588123,190.87997889942366,1,7.142857142857143,106.70340245773176,0.3037209941316909,227.69251920117782,81.8777103755371,23.393631535867744,0.9886936082660739,0.9985719758454243,0.9833103589649738,0.9833103589649738,0.9895817392889237
4.25,60.0,3.5,500.0,50.0,210.0,368.44969668991695,1.5391243418092353,-1.9302689512767408,239.38916868588123,190.87997889942366,1,10.0,133.3792530721647,0.5932050666634587,286.75850614432943,102.34713796942137,29.24203941983468,0.9904888641111977,0.9992941726538516,0.9868075244481851,0.9868075244513652,0.9890462348913889
4.25,60.0,3.5,500.0,70.0,210.0,368.44969668991695,1.5391243418092353,-1.9302689512767408,239.38916868588123,190.87997889942366,1,7.142857142857143,133.3792530721647,0.5932050666634587,281.04422043004365,102.34713796942137,29.24203941983468,0.9905746018799283,0.9992939966936805,0.9868345886253114,0.9868345886555195,0.9893352335452018
4.25,60.0,3.5,600.0,50.0,210.0,368.44969668991695,1.5391243418092353,-1.9302689512767408,239.38916868588123,190.87997889942366,1,10.0,160.05510368659765,1.025058355194457,340.1102073731953,122.81656556330564,35.09044730380161,0.9910721311685265,0.9990720465978695,0.9886203683616546,0.9886203683616546,0.9879757413529275
4.25,60.0,3.5,600.0,70.0,210.0,368.44969668991695,1.5391243418092353,-1.9302689512767408,239.38916868588123,190.87997889942366,1,7.142857142857143,160.05510368659765,1.025058355194457,334.3959216589096,122.81656556330564,35.09044730380161,0.9912060543114625,0.9990716526469989,0.9886514294423112,0.9886514294423112,0.9884497057142284
4.25,60.0,3.5,800.0,50.0,210.0,368.44969668991695,1.5391243418092353,-1.9302689512767408,239.38916868588123,190.87997889942366,1,10.0,213.4068049154635,2.429767953053527,446.8136098309271,163.7554207510742,46.78726307173549,0.9906572786819947,0.9984336111925005,0.9899490541999008,0.9899490541999008,0.9842973951356766
4.25,60.0,3.5,800.0,70.0,210.0,368.44969668991695,1.5391243418092353,-1.9302689512767408,239.38916868588123,190.87997889942366,1,7.142857142857143,213.4068049154635,2.429767953053527,441.0993241166413,163.7554207510742,46.78726307173549,0.9910063297948173,0.9984339979324928,0.9899798602338252,0.9899798602338252,0.9856316007791258
4.25,70.0,2.5,400.0,50.0,175.0,368.44969668991695,1.5391243418092353,-1.9302689512767408,239.38916868588123,190.87997889942366,1,10.0,78.39433649955801,0.12044646960202095,176.78867299911602,60.15505252080277,24.062021008321107,0.9812396116758819,0.9501644497774238,0.9916688135869305,0.9916688136092017,0.9914563697299715
4.25,70.0,2.5,400.0,70.0,175.0,368.44969668991695,1.5391243418092353,-1.9302689512767408,239.38916868588123,190.87997889942366,1,7.142857142857143,78.39433649955801,0.12044646960202095,171.07438728483032,60.15505252080277,24.062021008321107,0.9814451144993608,0.9501427963169249,0.991702817605939,0.9917028176304191,0.9922320264441602
4.25,70.0,2.5,500.0,50.0,175.0,368.44969668991695,1.5391243418092353,-1.9302689512767408,239.38916868588123,190.87997889942366,1,10.0,97.99292062444749,0.23524701094144707,215.98584124889499,75.19381565100345,30.077526260401385,0.9774916939983704,0.9331526453156544,0.992634293633712,0.99263429365418,0.9915455433899354
4.25,70.0,2.5,500.0,70.0,175.0,368.44969668991695,1.5391243418092353,-1.9302689512767408,239.38916868588123,190.87997889942366,1,7.142857142857143,97.99292062444749,0.23524701094144707,210.27155553460926,75.19381565100345,30.077526260401385,0.9775979074586016,0.9330296913666193,0.9926682343143656,0.9926682343277023,0.9920254698257194
4.25,70.0,2.5,600.0,50.0,175.0,368.44969668991695,1.5391243418092353,-1.9302689512767408,239.38916868588123,190.87997889942366,1,10.0,117.591504749337,0.4065068349068206,255.183009498674,90.23257878120415,36.09303151248166,0.9751580553149131,0.9231195212670975,0.9931248210840878,0.9931248210862745,0.9912630578221924
4.25,70.0,2.5,600.0,70.0,175.0,368.44969668991695,1.5391243418092353,-1.9302689512767408,239.38916868588123,190.87997889942366,1,7.142857142857143,117.591504749337,0.4065068349068206,249.46872378438832,90.23257878120415,36.09303151248166,0.9752574800516729,0.923156900967643,0.993152886250376,0.993152886250376,0.9915672467382965
4.25,70.0,2.5,800.0,50.0,175.0,368.44969668991695,1.5391243418092353,-1.9302689512767408,239.38916868588123,190.87997889942366,1,10.0,156.788672999116,0.9635717568161676,333.57734599823203,120.31010504160554,48.124042016642214,0.9722946482110084,0.913081008246031,0.9933104700206383,0.9933104700206383,0.989476644556726
4.25,70.0,2.5,800.0,70.0,175.0,368.44969668991695,1.5391243418092353,-1.9302689512767408,239.38916868588123,190.87997889942366,1,7.142857142857143,156.788672999116,0.9635717568161676,327.8630602839463,120.31010504160554,48.124042016642214,0.9724148514041039,0.9130643482998193,0.993340756713264,0.993340756713264,0.9899135438900681
4.25,70.0,3.0,400.0,50.0,210.0,368.44969668991695,1.5391243418092353,-1.9302689512767408,239.38916868588123,190.87997889942366,1,10.0,78.39433649955801,0.12044646960202095,176.78867299911602,60.15505252080277,20.051684173600922,0.9892761559536482,0.9958077859265344,0.9854789863168251,0.9854789863168251,0.9903388652544083
4.25,70.0,3.0,400.0,70.0,210.0,368.44969668991695,1.5391243418092353,-1.9302689512767408,239.38916868588123,190.87997889942366,1,7.142857142857143,78.39433649955801,0.12044646960202095,171.07438728483032,60.15505252080277,20.051684173600922,0.989490788863868,0.9958063820226982,0.985510988864455,0.985510988895552,0.9911347956727667
4.25,70.0,3.0,500.0,50.0,210.0,368.44969668991695,1.5391243418092353,-1.9302689512767408,239.38916868588123,190.87997889942366,1,10.0,97.99292062444749,0.23524701094144707,215.98584124889499,75.19381565100345,25.064605217001155,0.9913706252580655,0.9978040721612706,0.9884797345869969,0.9884797345869969,0.9907189596969976
4.25,70.0,3.0,500.0,70.0,210.0,368.44969668991695,1.5391243418092353,-1.9302689512767408,239.38916868588123,190.87997889942366,1,7.142857142857143,97.99292062444749,0.23524701094144707,210.27155553460926,75.19381565100345,25.064605217001155,0.9915114210990983,0.9978065215717874,0.9885137903665683,0.9885137903665683,0.9912115820914693
4.25,70.0,3.0,600.0,50.0,210.0,368.44969668991695,1.5391243418092353,-1.9302689512767408,239.38916868588123,190.87997889942366,1,10.0,117.591504749337,0.4065068349068206,255.183009498674,90.23257878120415,30.077526260401385,0.9919646033019967,0.9968996891511398,0.9901601158291677,0.9901601158312738,0.9906384923964049
4.25,70.0,3.0,600.0,70.0,210.0,368.44969668991695,1.5391243418092353,-1.9302689512767408,239.38916868588123,190.87997889942366,1,7.142857142857143,117.591504749337,0.4065068349068206,249.46872378438832,90.23257878120415,30.077526260401385,0.9920622938742807,0.9969111868933387,0.9901913079519057,0.9901913079737183,0.9909553726781599
4.25,70.0,3.0,800.0,50.0,210.0,368.44969668991695,1.5391243418092353,-1.9302689512767408,239.38916868588123,190.87997889942366,1,10.0,156.788672999116,0.9635717568161676,333.57734599823203,120.31010504160554,40.103368347201844,0.9917103002336256,0.9945498333027638,0.9915948537305603,0.9915948537305603,0.9891016601706176
4.25,70.0,3.0,800.0,70.0,210.0,368.44969668991695,1.5391243418092353,-1.9302689512767408,239.38916868588123,190.87997889942366,1,7.142857142857143,156.788672999116,0.9635717568161676,327.8630602839463,120.31010504160554,40.103368347201844,0.9918340886445144,0.994542945791786,0.9916258157967341,0.9916258157967341,0.9895417771928032
4.25,70.0,3.5,400.0,50.0,245.0,368.44969668991695,1.5391243418092353,-1.9302689512767408,239.38916868588123,190.87997889942366,1,10.0,78.39433649955801,0.12044646960202095,176.78867299911602,60.15505252080277,17.187157863086505,0.9830881017498367,0.99664181085288,0.9737930702245317,0.973793070260136,0.9881244556617993
4.25,70.0,3.5,400.0,70.0,245.0,368.44969668991695,1.5391243418092353,-1.9302689512767408,239.38916868588123,190.87997889942366,1,7.142857142857143,78.39433649955801,0.12044646960202095,171.07438728483032,60.15505252080277,17.187157863086505,0.9833066768997232,0.9966393927800578,0.9738246274465521,0.9738246274781908,0.9889380598940918
4.25,70.0,3.5,500.0,50.0,245.0,368.44969668991695,1.5391243418092353,-1.9302689512767408,239.38916868588123,190.87997889942366,1,10.0,97.99292062444749,0.23524701094144707,215.98584124889499,75.19381565100345,21.483947328858132,0.9874792787497199,0.9990166226304751,0.9808604262526196,0.9808604262526196,0.9891796398631654
4.25,70.0,3.5,500.0,70.0,245.0,368.44969668991695,1.5391243418092353,-1.9302689512767408,239.38916868588123,190.87997889942366,1,7.142857142857143,97.99292062444749,0.23524701094144707,210.27155553460926,75.19381565100345,21.483947328858132,0.9876207472506238,0.9990164854053303,0.9808918659839625,0.9808918660144195,0.989682771598783
4.25,70.0,3.5,600.0,50.0,245.0,368.44969668991695,1.5391243418092353,-1.9302689512767408,239.38916868588123,190.87997889942366,1,10.0,117.591504749337,0.4065068349068206,255.183009498674,90.23257878120415,25.780736794629757,0.9896210061834361,0.9993088968884412,0.984827747839901,0.984827747839901,0.9895196321655012
4.25,70.0,3.5,600.0,70.0,245.0,368.44969668991695,1.5391243418092353,-1.9302689512767408,239.38916868588123,190.87997889942366,1,7.142857142857143,117.591504749337,0.4065068349068206,249.46872378438832,90.23257878120415,25.780736794629757,0.9897186842897256,0.9993105054328928,0.9848612221350616,0.9848612221350616,0.9898417874558868
4.25,70.0,3.5,800.0,50.0,245.0,368.44969668991695,1.5391243418092353,-1.9302689512767408,239.38916868588123,190.87997889942366,1,10.0,156.788672999116,0.9635717568161676,333.57734599823203,120.31010504160554,34.37431572617301,0.9911026129615004,0.998799382931796,0.9885815254168692,0.9885815254168692,0.9884480180804673
4.25,70.0,3.5,800.0,70.0,245.0,368.44969668991695,1.5391243418092353,-1.9302689512767408,239.38916868588123,190.87997889942366,1,7.142857142857143,156.788672999116,0.9635717568161676,327.8630602839463,120.31010504160554,34.37431572617301,0.9912277421022997,0.9987993401352562,0.988613160987392,0.9886131609890476,0.988885306297503
4.5,50.0,2.5,400.0,50.0,125.0,310.38980792825134,1.0922755301152902,-1.3698604360596933,284.1680504327416,226.5849861472499,1,10.0,153.65289953913367,0.9069060289413221,327.30579907826734,99.32473853704043,39.72989541481617,0.9749111518247982,0.9268357091675892,0.9919403661059907,0.9919403661218832,0.9889281659037297
4.5,50.0,2.5,400.0,70.0,125.0,310.38980792825134,1.0922755301152902,-1.3698604360596933,284.1680504327416,226.5849861472499,1,7.142857142857143,153.65289953913367,0.9069060289413221,321.5915133639816,99.32473853704043,39.72989541481617,0.9749581332037603,0.926740585546243,0.9919741542077656,0.9919741542099081,0.9891436388511248
4.5,50.0,2.5,500.0,50.0,125.0,310.38980792825134,1.0922755301152902,-1.3698604360596933,284.1680504327416,226.5849861472499,1,10.0,192.06612442391705,1.7713008377760187,404.1322488478341,124.15592317130054,49.662369268520216,0.9721583899037338,0.917335056004821,0.9918778006371669,0.9918778006402511,0.987542902332696
4.5,50.0,2.5,500.0,70.0,125.0,310.38980792825134,1.0922755301152902,-1.3698604360596933,284.1680504327416,226.5849861472499,1,7.142857142857143,192.06612442391705,1.7713008377760187,398.41796313354837,124.15592317130054,49.662369268520216,0.972214352136987,0.9173198780622204,0.9919094451991762,0.9919094452011268,0.9877186400854248
4.5,50.0,2.5,600.0,50.0,125.0,310.38980792825134,1.0922755301152902,-1.3698604360596933,284.1680504327416,226.5849861472499,1,10.0,230.47934930870048,3.0608078476769607,480.95869861740096,148.98710780556064,59.59484312222426,0.9702018422767704,0.9121317950171319,0.9914931935412881,0.9914931935429635,0.9856891870056979
4.5,50.0,2.5,600.0,70.0,125.0,310.38980792825134,1.0922755301152902,-1.3698604360596933,284.1680504327416,226.5849861472499,1,7.142857142857143,230.47934930870048,3.0608078476769607,475.24441290311523,148.98710780556064,59.59484312222426,0.9702868941143019,0.9121190598967277,0.9915255130980727,0.9915255131007175,0.98597749036169
4.5,50.0,2.5,800.0,50.0,125.0,310.38980792825134,1.0922755301152902,-1.3698604360596933,284.1680504327416,226.5849861472499,1,10.0,307.30579907826734,7.255248231530577,634.6115981565347,198.64947707408086,79.45979082963234,0.9671723991557845,0.9069308659984502,0.9902390272479904,0.9902390272514126,0.9812806761252846
4.5,50.0,2.5,800.0,70.0,125.0,310.38980792825134,1.0922755301152902,-1.3698604360596933,284.1680504327416,226.5849861472499,1,7.142857142857143,307.30579907826734,7.255248231530577,628.8973124422489,198.64947707408086,79.45979082963234,0.9673716377167447,0.9069236468774516,0.9902711982615109,0.9902711982628949,0.9820205074651212
4.5,50.0,3.0,400.0,50.0,150.0,310.38980792825134,1.0922755301152902,-1.3698604360596933,284.1680504327416,226.5849861472499,1,10.0,153.65289953913367,0.9069060289413221,327.30579907826734,99.32473853704043,33.10824617901348,0.9912314786926282,0.9972396403580324,0.9896117743902635,0.9896117743902635,0.9884627256319531
4.5,50.0,3.0,400.0,70.0,150.0,310.38980792825134,1.0922755301152902,-1.3698604360596933,284.1680504327416,226.5849861472499,1,7.142857142857143,153.65289953913367,0.9069060289413221,321.5915133639816,99.32473853704043,33.10824617901348,0.9913029861352349,0.9972391840644439,0.9896440095095973,0.9896440095105405,0.9886847414563579
4.5,50.0,3.0,500.0,50.0,150.0,310.38980792825134,1.0922755301152902,-1.3698604360596933,284.1680504327416,226.5849861472499,1,10.0,192.06612442391705,1.7713008377760187,404.1322488478341,124.15592317130054,41.38530772376684,0.9908572520952292,0.9955517530693277,0.9903313470533495,0.9903313470549346,0.9872145612033053
4.5,50.0,3.0,500.0,70.0,150.0,310.38980792825134,1.0922755301152902,-1.3698604360596933,284.1680504327416,226.5849861472499,1,7.142857142857143,192.06612442391705,1.7713008377760187,398.41796313354837,124.15592317130054,41.38530772376684,0.9909179775848758,0.9955529466447584,0.9903629622391756,0.9903629622550472,0.9873930392005219
4.5,50.0,3.0,600.0,50.0,150.0,310.38980792825134,1.0922755301152902,-1.3698604360596933,284.1680504327416,226.5849861472499,1,10.0,230.47934930870048,3.0608078476769607,480.95869861740096,148.98710780556064,49.662369268520216,0.9900824944360395,0.9940870575394025,0.9903961051437233,0.9903961051456951,0.9854507099153369
4.5,50.0,3.0,600.0,70.0,150.0,310.38980792825134,1.0922755301152902,-1.3698604360596933,284.1680504327416,226.5849861472499,1,7.142857142857143,230.47934930870048,3.0608078476769607,475.24441290311523,148.98710780556064,49.662369268520216,0.990170735939609,0.9940865825838432,0.9904280097019983,0.9904280097093983,0.985740341763196
4.5,50.0,3.0,800.0,50.0,150.0,310.38980792825134,1.0922755301152902,-1.3698604360596933,284.1680504327416,226.5849861472499,1,10.0,307.30579907826734,7.255248231530577,634.6115981565347,198.64947707408086,66.21649235802695,0.9881551366654464,0.99225779931995,0.9896075216141369,0.9896075216141369,0.9811477041135621
4.5,50.0,3.0,800.0,70.0,150.0,310.38980792825134,1.0922755301152902,-1.3698604360596933,284.1680504327416,226.5849861472499,1,7.142857142857143,307.30579907826734,7.255248231530577,628.8973124422489,198.64947707408086,66.21649235802695,0.9883545636125898,0.9922573143645963,0.9896394621895168,0.9896394621895168,0.9818820157067292
4.5,50.0,3.5,400.0,50.0,175.0,310.38980792825134,1.0922755301152902,-1.3698604360596933,284.1680504327416,226.5849861472499,1,10.0,153.65289953913367,0.9069060289413221,327.30579907826734,99.32473853704043,28.378496724868693,0.9894085363877909,0.9992444917139571,0.9853945720689379,0.9853945720689379,0.9876005096993308
4.5,50.0,3.5,400.0,70.0,175.0,310.38980792825134,1.0922755301152902,-1.3698604360596933,284.1680504327416,226.5849861472499,1,7.142857142857143,153.65289953913367,0.9069060289413221,321.5915133639816,99.32473853704043,28.378496724868693,0.9894811766371437,0.9992443318280116,0.9854280781110334,0.9854280781135358,0.987824218495994
4.5,50.0,3.5,500.0,50.0,175.0,310.38980792825134,1.0922755301152902,-1.3698604360596933,284.1680504327416,226.5849861472499,1,10.0,192.06612442391705,1.7713008377760187,404.1322488478341,124.15592317130054,35.47312090608587,0.9902132893841176,0.9990399370897034,0.9875924805962246,0.987592480599131,0.9866282592514116
4.5,50.0,3.5,500.0,70.0,175.0,310.38980792825134,1.0922755301152902,-1.3698604360596933,284.1680504327416,226.5849861472499,1,7.142857142857143,192.06612442391705,1.7713008377760187,398.41796313354837,124.15592317130054,35.47312090608587,0.9902739542398034,0.9990410034587831,0.9876232597678216,0.9876232597883822,0.9868082939442266
4.5,50.0,3.5,600.0,50.0,175.0,310.38980792825134,1.0922755301152902,-1.3698604360596933,284.1680504327416,226.5849861472499,1,10.0,230.47934930870048,3.0608078476769607,480.95869861740096,148.98710780556064,42.56774508730304,0.990156990575458,0.99863633959447,0.9884800834289995,0.988480083444364,0.9850314558339985
4.5,50.0,3.5,600.0,70.0,175.0,310.38980792825134,1.0922755301152902,-1.3698604360596933,284.1680504327416,226.5849861472499,1,7.142857142857143,230.47934930870048,3.0608078476769607,475.24441290311523,148.98710780556064,42.56774508730304,0.9902453093365249,0.998637040456658,0.9885121540381403,0.9885121540381403,0.9853198888131611
4.5,50.0,3.5,800.0,50.0,175.0,310.38980792825134,1.0922755301152902,-1.3698604360596933,284.1680504327416,226.5849861472499,1,10.0,307.30579907826734,7.255248231530577,634.6115981565347,198.64947707408086,56.75699344973739,0.9890005193578062,0.998051088439162,0.9885234836272336,0.9885234836285688,0.9809040217362601
4.5,50.0,3.5,800.0,70.0,175.0,310.38980792825134,1.0922755301152902,-1.3698604360596933,284.1680504327416,226.5849861472499,1,7.142857142857143,307.30579907826734,7.255248231530577,628.8973124422489,198.64947707408086,56.75699344973739,0.9891993485533994,0.9980499467732595,0.9885553879279754,0.9885553879279754,0.9816366715843872
4.5,60.0,2.5,400.0,50.0,150.0,310.38980792825134,1.0922755301152902,-1.3698604360596933,284.1680504327416,226.5849861472499,1,10.0,106.70340245773176,0.3037209941316909,233.4068049154635,68.97551287294475,27.590205149177898,0.977858603418963,0.9378162872749405,0.9914840608238623,0.991484060839982,0.9906500047370674
4.5,60.0,2.5,400.0,70.0,150.0,310.38980792825134,1.0922755301152902,-1.3698604360596933,284.1680504327416,226.5849861472499,1,7.142857142857143,106.70340245773176,0.3037209941316909,227.69251920117782,68.97551287294475,27.590205149177898,0.9779881481092214,0.9378115285021866,0.9915205489505298,0.9915205489536416,0.9910999660305277
4.5,60.0,2.5,500.0,50.0,150.0,310.38980792825134,1.0922755301152902,-1.3698604360596933,284.1680504327416,226.5849861472499,1,10.0,133.3792530721647,0.5932050666634587,286.75850614432943,86.21939109118092,34.487756436472374,0.9747824733324117,0.9246196203594017,0.99219558577081,0.9921955857861275,0.9901191014133075
4.5,60.0,2.5,500.0,70.0,150.0,310.38980792825134,1.0922755301152902,-1.3698604360596933,284.1680504327416,226.5849861472499,1,7.142857142857143,133.3792530721647,0.5932050666634587,281.04422043004365,86.21939109118092,34.487756436472374,0.9748529989232195,0.9245400373916435,0.992227759658847,0.9922277596684248,0.9904164389739627
4.5,60.0,2.5,600.0,50.0,150.0,310.38980792825134,1.0922755301152902,-1.3698604360596933,284.1680504327416,226.5849861472499,1,10.0,160.05510368659765,1.025058355194457,340.1102073731953,103.46326930941711,41.38530772376684,0.9728373804655199,0.91718066208111,0.9924191901131119,0.9924191901149761,0.9893304795528814
4.5,60.0,2.5,600.0,70.0,150.0,310.38980792825134,1.0922755301152902,-1.3698604360596933,284.1680504327416,226.5849861472499,1,7.142857142857143,160.05510368659765,1.025058355194457,334.3959216589096,103.46326930941711,41.38530772376684,0.9728973269567542,0.9171600706721716,0.9924508124089308,0.9924508124105771,0.9895276123353376
4.5,60.0,2.5,800.0,50.0,150.0,310.38980792825134,1.0922755301152902,-1.3698604360596933,284.1680504327416,226.5849861472499,1,10.0,213.4068049154635,2.429767953053527,446.8136098309271,137.9510257458895,55.180410298355795,0.970252363487024,0.9097333710828566,0.9921150576007559,0.9921150576007559,0.987045967663728
4.5,60.0,2.5,800.0,70.0,150.0,310.38980792825134,1.0922755301152902,-1.3698604360596933,284.1680504327416,226.5849861472499,1,7.142857142857143,213.4068049154635,2.429767953053527,441.0993241166413,137.9510257458895,55.180410298355795,0.9703193295724415,0.9097266138662907,0.992146027408619,0.992146027408619,0.9872586496062372
4.5,60.0,3.0,400.0,50.0,180.0,310.38980792825134,1.0922755301152902,-1.3698604360596933,284.1680504327416,226.5849861472499,1,10.0,106.70340245773176,0.3037209941316909,233.4068049154635,68.97551287294475,22.991837624314915,0.9901278294782901,0.9976571373256777,0.9865721523896345,0.986572152411437,0.9897098757864113
4.5,60.0,3.0,400.0,70.0,180.0,310.38980792825134,1.0922755301152902,-1.3698604360596933,284.1680504327416,226.5849861472499,1,7.142857142857143,106.70340245773176,0.3037209941316909,227.69251920117782,68.97551287294475,22.991837624314915,0.9902581443950897,0.9976568130436572,0.9866041528259893,0.9866041528259893,0.9901674588847231
4.5,60.0,3.0,500.0,50.0,180.0,310.38980792825134,1.0922755301152902,-1.3698604360596933,284.1680504327416,226.5849861472499,1,10.0,133.3792530721647,0.5932050666634587,286.75850614432943,86.21939109118092,28.739797030393643,0.9910947508532517,0.9970519619814147,0.9889399344751737,0.9889399344992725,0.9894471724571462
4.5,60.0,3.0,500.0,70.0,180.0,310.38980792825134,1.0922755301152902,-1.3698604360596933,284.1680504327416,226.5849861472499,1,7.142857142857143,133.3792530721647,0.5932050666634587,281.04422043004365,86.21939109118092,28.739797030393643,0.9911906478659718,0.99706707228949,0.9889720694119086,0.9889720694249389,0.9897513803375498
4.5,60.0,3.0,600.0,50.0,180.0,310.38980792825134,1.0922755301152902,-1.3698604360596933,284.1680504327416,226.5849861472499,1,10.0,160.05510368659765,1.025058355194457,340.1102073731953,103.46326930941711,34.487756436472374,0.991167216655061,0.9956118376231753,0.9901133595631679,0.9901133595707401,0.9888303098631608
4.5,60.0,3.0,600.0,70.0,180.0,310.38980792825134,1.0922755301152902,-1.3698604360596933,284.1680504327416,226.5849861472499,1,7.142857142857143,160.05510368659765,1.025058355194457,334.3959216589096,103.46326930941711,34.487756436472374,0.9912340385737002,0.9956107140188263,0.9901450377845775,0.9901450377845775,0.9890353647068195
4.5,60.0,3.0,800.0,50.0,180.0,310.38980792825134,1.0922755301152902,-1.3698604360596933,284.1680504327416,226.5849861472499,1,10.0,213.4068049154635,2.429767953053527,446.8136098309271,137.9510257458895,45.98367524862983,0.9904271748289637,0.993386921037982,0.9907912157749375,0.9907912157749375,0.9867393467279978
4.5,60.0,3.0,800.0,70.0,180.0,310.38980792825134,1.0922755301152902,-1.3698604360596933,284.1680504327416,226.5849861472499,1,7.142857142857143,213.4068049154635,2.429767953053527,441.0993241166413,137.9510257458895,45.98367524862983,0.9904984025121478,0.9933865339595984,0.9908223433237855,0.9908223433237855,0.9869623894414219
4.5,60.0,3.5,400.0,50.0,210.0,310.38980792825134,1.0922755301152902,-1.3698604360596933,284.1680504327416,226.5849861472499,1,10.0,106.70340245773176,0.3037209941316909,233.4068049154635,68.97551287294475,19.707289392269928,0.9853719494124338,0.9985721702521284,0.9775003330115588,0.9775003330367987,0.9879149613492488
4.5,60.0,3.5,400.0,70.0,210.0,310.38980792825134,1.0922755301152902,-1.3698604360596933,284.1680504327416,226.5849861472499,1,7.142857142857143,106.70340245773176,0.3037209941316909,227.69251920117782,68.97551287294475,19.707289392269928,0.9855058820852238,0.9985719758454243,0.9775386930646892,0.977538693068021,0.9883741663627605
4.5,60.0,3.5,500.0,50.0,210.0,310.38980792825134,1.0922755301152902,-1.3698604360596933,284.1680504327416,226.5849861472499,1,10.0,133.3792530721647,0.5932050666634587,286.75850614432943,86.21939109118092,24.63411174033741,0.9884159729365927,0.9992941726538516,0.983073602022511,0.9830736020539965,0.9882225150160117
4.5,60.0,3.5,500.0,70.0,210.0,310.38980792825134,1.0922755301152902,-1.3698604360596933,284.1680504327416,226.5849861472499,1,7.142857142857143,133.3792530721647,0.5932050666634587,281.04422043004365,86.21939109118092,24.63411174033741,0.9885100824882924,0.9992939966936805,0.983105472050358,0.9831054720683401,0.9885353891407911
4.5,60.0,3.5,600.0,50.0,210.0,310.38980792825134,1.0922755301152902,-1.3698604360596933,284.1680504327416,226.5849861472499,1,10.0,160.05510368659765,1.025058355194457,340.1102073731953,103.46326930941711,29.56093408840489,0.9897682389859785,0.9990720465978695,0.9860254498330867,0.9860254498330867,0.987950009679871
4.5,60.0,3.5,600.0,70.0,210.0,310.38980792825134,1.0922755301152902,-1.3698604360596933,284.1680504327416,226.5849861472499,1,7.142857142857143,160.05510368659765,1.025058355194457,334.3959216589096,103.46326930941711,29.56093408840489,0.9898350967241325,0.9990716526469989,0.9860563672730241,0.9860563672730241,0.988155999703483
4.5,60.0,3.5,800.0,50.0,210.0,310.38980792825134,1.0922755301152902,-1.3698604360596933,284.1680504327416,226.5849861472499,1,10.0,213.4068049154635,2.429767953053527,446.8136098309271,137.9510257458895,39.414578784539856,0.9904113766601385,0.9984336111925005,0.9884928261559047,0.9884928261559047,0.9862262431362439
4.5,60.0,3.5,800.0,70.0,210.0,310.38980792825134,1.0922755301152902,-1.3698604360596933,284.1680504327416,226.5849861472499,1,7.142857142857143,213.4068049154635,2.429767953053527,441.0993241166413,137.9510257458895,39.414578784539856,0.9904818532375232,0.9984339979324928,0.9885223858107495,0.9885223858107495,0.9864486433961015
4.5,70.0,2.5,400.0,50.0,175.0,310.38980792825134,1.0922755301152902,-1.3698604360596933,284.1680504327416,226.5849861472499,1,10.0,78.39433649955801,0.12044646960202095,176.78867299911602,50.6758870086941,20.270354803477638,0.9801224541628302,0.9501644497774238,0.9894676681143924,0.9894676681342314,0.9913900306252731
4.5,70.0,2.5,400.0,70.0,175.0,310.38980792825134,1.0922755301152902,-1.3698604360596933,284.1680504327416,226.5849861472499,1,7.142857142857143,78.39433649955801,0.12044646960202095,171.07438728483032,50.6758870086941,20.270354803477638,0.9802927206690824,0.9501427963169249,0.9894998035109559,0.9894998035142595,0.9920284793341894
4.5,70.0,2.5,500.0,50.0,175.0,310.38980792825134,1.0922755301152902,-1.3698604360596933,284.1680504327416,226.5849861472499,1,10.0,97.99292062444749,0.23524701094144707,215.98584124889499,63.344858760867616,25.33794350434705,0.9766599915614025,0.9331526453156544,0.9911344759355676,0.9911344759487127,0.9912183690456753
4.5,70.0,2.5,500.0,70.0,175.0,310.38980792825134,1.0922755301152902,-1.3698604360596933,284.1680504327416,226.5849861472499,1,7.142857142857143,97.99292062444749,0.23524701094144707,210.27155553460926,63.344858760867616,25.33794350434705,0.9767712635612327,0.9330296913666193,0.9911666307237335,0.9911666307302771,0.9917221014243007
4.5,70.0,2.5,600.0,50.0,175.0,310.38980792825134,1.0922755301152902,-1.3698604360596933,284.1680504327416,226.5849861472499,1,10.0,117.591504749337,0.4065068349068206,255.183009498674,76.01383051304116,30.405532205216456,0.9745238358313167,0.9231195212670975,0.9920445042763912,0.9920445042789623,0.9908868135028159
4.5,70.0,2.5,600.0,70.0,175.0,310.38980792825134,1.0922755301152902,-1.3698604360596933,284.1680504327416,226.5849861472499,1,7.142857142857143,117.591504749337,0.4065068349068206,249.46872378438832,76.01383051304116,30.405532205216456,0.9746440805584081,0.923156900967643,0.9920749565328042,0.9920749565328042,0.9912695082003811
4.5,70.0,2.5,800.0,50.0,175.0,310.38980792825134,1.0922755301152902,-1.3698604360596933,284.1680504327416,226.5849861472499,1,10.0,156.788672999116,0.9635717568161676,333.57734599823203,101.3517740173882,40.540709606955275,0.9720588171268969,0.913081008246031,0.9926774096451616,0.9926774096451616,0.9897994409712331
4.5,70.0,2.5,800.0,70.0,175.0,310.38980792825134,1.0922755301152902,-1.3698604360596933,284.1680504327416,226.5849861472499,1,7.142857142857143,156.788672999116,0.9635717568161676,327.8630602839463,101.3517740173882,40.540709606955275,0.972121857327542,0.9130643482998193,0.9927085421311752,0.9927085421311752,0.9900059967479983
4.5,70.0,3.0,400.0,50.0,210.0,310.38980792825134,1.0922755301152902,-1.3698604360596933,284.1680504327416,226.5849861472499,1,10.0,78.39433649955801,0.12044646960202095,176.78867299911602,50.6758870086941,16.891962336231366,0.9864510349979885,0.9958077859265344,0.9801615987326856,0.9801615987558927,0.9896731565768409
4.5,70.0,3.0,400.0,70.0,210.0,310.38980792825134,1.0922755301152902,-1.3698604360596933,284.1680504327416,226.5849861472499,1,7.142857142857143,78.39433649955801,0.12044646960202095,171.07438728483032,50.6758870086941,16.891962336231366,0.9866330492830169,0.9958063820226982,0.980207585316605,0.980207585320304,0.9903106444724603
4.5,70.0,3.0,500.0,50.0,210.0,310.38980792825134,1.0922755301152902,-1.3698604360596933,284.1680504327416,226.5849861472499,1,10.0,97.99292062444749,0.23524701094144707,215.98584124889499,63.344858760867616,21.11495292028921,0.9894347847045202,0.9978040721612706,0.9849745986256908,0.9849745986256908,0.9899858694054282
4.5,70.0,3.0,500.0,70.0,210.0,310.38980792825134,1.0922755301152902,-1.3698604360596933,284.1680504327416,226.5849861472499,1,7.142857142857143,97.99292062444749,0.23524701094144707,210.27155553460926,63.344858760867616,21.11495292028921,0.9895794193029732,0.9978065215717874,0.9850064452853253,0.9850064452853253,0.9904982650694549
4.5,70.0,3.0,600.0,50.0,210.0,310.38980792825134,1.0922755301152902,-1.3698604360596933,284.1680504327416,226.5849861472499,1,10.0,117.591504749337,0.4065068349068206,255.183009498674,76.01383051304116,25.33794350434705,0.9905621688254596,0.9968996891511398,0.9876884450866824,0.987688445089421,0.9899720959745948
4.5,70.0,3.0,600.0,70.0,210.0,310.38980792825134,1.0922755301152902,-1.3698604360596933,284.1680504327416,226.5849861472499,1,7.142857142857143,117.591504749337,0.4065068349068206,249.46872378438832,76.01383051304116,25.33794350434705,0.990679208003711,0.9969111868933387,0.9877215285954656,0.9877215285968164,0.9903625879292235
4.5,70.0,3.0,800.0,50.0,210.0,310.38980792825134,1.0922755301152902,-1.3698604360596933,284.1680504327416,226.5849861472499,1,10.0,156.788672999116,0.9635717568161676,333.57734599823203,101.3517740173882,33.78392467246273,0.991040971268054,0.9945498333027638,0.9901858492682061,0.9901858492682061,0.9892423532330401
4.5,70.0,3.0,800.0,70.0,210.0,310.38980792825134,1.0922755301152902,-1.3698604360596933,284.1680504327416,226.5849861472499,1,7.142857142857143,156.788672999116,0.9635717568161676,327.8630602839463,101.3517740173882,33.78392467246273,0.9911078775348929,0.994542945791786,0.9902159214562878,0.9902159214562878,0.9894567214352101
4.5,70.0,3.5,400.0,50.0,245.0,310.38980792825134,1.0922755301152902,-1.3698604360596933,284.1680504327416,226.5849861472499,1,10.0,78.39433649955801,0.12044646960202095,176.78867299911602,50.6758870086941,14.478824859626885,0.9770430596531693,0.99664181085288,0.9626057789084199,0.9626057789403806,0.9863188699109968
4.5,70.0,3.5,400.0,70.0,245.0,310.38980792825134,1.0922755301152902,-1.3698604360596933,284.1680504327416,226.5849861472499,1,7.142857142857143,78.39433649955801,0.12044646960202095,171.07438728483032,50.6758870086941,14.478824859626885,0.9772201494584213,0.9966393927800578,0.9626369652671103,0.962636965293961,0.9869672744925562
4.5,70.0,3.5,500.0,50.0,245.0,310.38980792825134,1.0922755301152902,-1.3698604360596933,284.1680504327416,226.5849861472499,1,10.0,97.99292062444749,0.23524701094144707,215.98584124889499,63.344858760867616,18.098531074533607,0.9835133954074757,0.9990166226304751,0.9736709324132258,0.9736709324132258,0.9876950941729762
4.5,70.0,3.5,500.0,70.0,245.0,310.38980792825134,1.0922755301152902,-1.3698604360596933,284.1680504327416,226.5849861472499,1,7.142857142857143,97.99292062444749,0.23524701094144707,210.27155553460926,63.344858760867616,18.098531074533607,0.9836592647842736,0.9990164854053303,0.9737024791641502,0.9737024791874127,0.9882156153802011
4.5,70.0,3.5,600.0,50.0,245.0,310.38980792825134,1.0922755301152902,-1.3698604360596933,284.1680504327416,226.5849861472499,1,10.0,117.591504749337,0.4065068349068206,255.183009498674,76.01383051304116,21.718237289440328,0.9868303295601158,0.9993088968884412,0.9798456376004296,0.9798456376026555,0.9883211461489371
4.5,70.0,3.5,600.0,70.0,245.0,310.38980792825134,1.0922755301152902,-1.3698604360596933,284.1680504327416,226.5849861472499,1,7.142857142857143,117.591504749337,0.4065068349068206,249.46872378438832,76.01383051304116,21.718237289440328,0.9869445112085382,0.9993105054328928,0.9798759259538563,0.9798759259768495,0.9887156874705545
4.5,70.0,3.5,800.0,50.0,245.0,310.38980792825134,1.0922755301152902,-1.3698604360596933,284.1680504327416,226.5849861472499,1,10.0,156.788672999116,0.9635717568161676,333.57734599823203,101.3517740173882,28.95764971925377,0.9896702024246636,0.998799382931796,0.9858017913571016,0.9858017913571016,0.9882778440526553
4.5,70.0,3.5,800.0,70.0,245.0,310.38980792825134,1.0922755301152902,-1.3698604360596933,284.1680504327416,226.5849861472499,1,7.142857142857143,156.788672999116,0.9635717568161676,327.8630602839463,101.3517740173882,28.95764971925377,0.9897396568609336,0.9987993401352562,0.9858333133765305,0.9858333133765305,0.988492660555417
